entity1	theme	entity2
15-hete	treatment	psoriasis
12-o-tetradecaoylphorbol-13-acetate	treatment	pkc
1,8-cineole	treatment	nash
1,2-dihydroxyvitamin_d	treatment	vd
11-deoxycorticosterone	treatment	hypertension
2-phenoxyethyl_ester	treatment	lymphocytic_leukemia
2,6,10,14-tetramethylpentadecane	treatment	inflammation_and_lupus-like_disease
2,4-d	treatment	experimental_myotonia
1,25-dihydroxy-vitamin_d3	treatment	diabetic_nephropathy
5-amino_salicylic_acid	treatment	inflammatory_bowl_disease
17-beta_estradiol	treatment	fgr
2,3-butanedione_monoxime	treatment	myocardial_stunning
2-dogta	treatment	melanoma
18f-fdg	treatment	metaplastic_thymoma
2hg	treatment	gliomas
1,3,5-trioxetanetrione	treatment	unimolecular_dissociation
5-ala-pdt	treatment	skin_cancer
17beta-estradiol	treatment	coronary_artery_occlusion
3_beta-hydroxysteroid	treatment	choriocarcinoma
15-epi-lipoxin_a4	treatment	type
12-o-tetradecanoyl-phorbol-13-acetate	treatment	chronic_myeloid_leukemia
3-hydroxy-3-methylglutaryl_coenzyme_a	treatment	acute_coronary_syndrome
1a,25-hydroxycholecalciferol	treatment	acute_myeloid_leukemia
5-ala	treatment	adenocarcinoma
1-methyladenine	treatment	immunodeficiency
19-oh-a	treatment	hypertension
18f-naf	treatment	gastric_cancer
3,4-diaminopyridine	treatment	poisoning
3-methoxy-4-propargyloxycinnamoyl_anthranilate	treatment	diabetes
1,3-benzodioxoles	treatment	tumor
1,4-dichlorobenzene	treatment	renal_tumors
18f-fdg_pet	treatment	non-small_cell_lung_cancer
18f-fdg	treatment	fever
2-me	treatment	preeclampsia
5-aminolaevulinic_acid	treatment	basal_cell_carcinoma
2-bromoethylamine_hydrobromide	treatment	papillary_necrosis
5-amino-7-methyl-1:2:4:6-tetra-azaindene	treatment	toxicity
2-deoxyglucose	treatment	polycystic_kidney
13-cis-retinoic_acid	treatment	acne_vulgaris
2,7-dibromocarbazole	treatment	toxicity
17-alpha-hydroxyprogesterone	treatment	congenital_adrenal_hyperplasia
123i-metaiodobenzylguanidine	treatment	hypertension
1-methyl-1-nitrosourea	treatment	adenocarcinomas
2-acetylaminofluorene	treatment	liver_cancer
177lu-octreotate	treatment	neuroendocrine_tumour
15n_glycine	treatment	inflammatory_bowel_disease
14-c	treatment	folate_deficiency
2,4,6-triaminopyrimidine	treatment	necturus_gallbladder
3h-imipramine	treatment	schizophrenic
17b-estradiol	treatment	brain-dead
3-mca	treatment	tumor
2-thiouracil_sulfonamides	treatment	carcinoma
3-cyano-2-substituted_pyridines	treatment	breast_cancer
17-ohds	treatment	alpha-hydroxylase_deficiency
17_beta-estradiol	treatment	eae
1-oleoyl-2-acetylglycerol	treatment	melanoma
3-hk	treatment	pd
3-hydroxylacyl-coa	treatment	hypotonia
18-fluorodeoxyglucose	treatment	leukemia
2-chloroadenosine	treatment	injury_in_rabbit_lungs
18f-fdg	treatment	glucose_metabolism
5ala	treatment	photodynamic_diagnosis
5-aminolevulinic_acid	treatment	colon_cancer
4-methylcatechol	treatment	melanoma
2-arachidonoylglycerol	treatment	pancreatic_cancer
2,3-diamino-2,3-dideoxy-d-glucose_disaccharide_phosphomonoester	treatment	pseudomonas_vesicularis
5-asa	treatment	active_disease
2,3-butanedione_monoxime	treatment	myocardial_damage
12-o-tetradecanoylphorbol-13-acetate	treatment	edema
17beta-estradiol	treatment	cytotoxicity
2-arachidonoylglycerol	treatment	nausea
1,3-butanediol	treatment	cholestasis
4-hydroperoxycyclophosphamide	treatment	aml
17-dmag	treatment	nsclc
3h_thymidine	treatment	hypertensive
123i-mel037	treatment	melanoma_tumor
3-npa	treatment	mitochondrial_damage
4-aminopyridine	treatment	demyelinated_rat_sciatic_nerve
25-hydroxyvitamin_d	treatment	fibrosis
2-phenyl-4-quionolone	treatment	prostate_cancer
17-aag	treatment	leukemia
5,7_dibromo-8-benzoyl-oxyquinaldine	treatment	intestinal_amebiasis
123i-imp	treatment	occlusive_cerebrovascular_disease
131i	treatment	cord_paralysis
4-nitrobenzonitrile	treatment	methemoglobinemia
1-deamino-8-d-arginine_vasopressin	treatment	gestational_diabetes_insipidus
2-chloroadenosine	treatment	hypercapnia
2,4,6-trinitrobenzene_sulfonic_acid	treatment	ulcerative_colitis
25-hydroxyvitamin_d	treatment	pulmonary_tuberculosis
3-nitropropionic_acid	treatment	neurodegenerative_disorders
5-aminolevulinic_acid	treatment	cutaneous_squamous_cell_carcinoma
17b-estradiol	treatment	myocardial_heat_shock
2-methoxy-p-phenylenediamine	treatment	muscle_necrosis
3-ohba	treatment	diabetic_coma
13-cra	treatment	breast_tumor
4,4-dithiodimorpholine	treatment	toxicity
3-hmx	treatment	diabetic
5-asa	treatment	cancer
2,6-diaminopurine	treatment	mouse_leukemia
2-deoxyglucose	treatment	cytotoxicity
1-oh_midazolam_glucuronide	treatment	coma
3,4-dichloropropionaniline	treatment	arthritis
2-deoxy-d-glucose	treatment	lewis_lung_carcinoma
3-o-methyl-d-glucose	treatment	fibrosarcoma
4-hydroxyanisole	treatment	cytotoxicity
18f-fdg	treatment	human_immunodeficiency_virus-associated_lipodystrophy
12-o-tetradecanoylphobol_13-acetate	treatment	pkc
5-ala	treatment	scl-gvhd
3-br-7ni	treatment	maternal_aggression
3-phenylpropyl_cinnamate	treatment	toxicity
1,25-dihydroxyvitamin_d3	treatment	osteogenic_sarcoma
2-me	treatment	fibrosis
2-vo	treatment	neuronal_dysfunction
1-mcg	treatment	hemolysis
13-cis-retinoic_acid	treatment	renal_cell_carcinoma
18-ohb	treatment	zona_fasciculata
4-thujanol	treatment	genotoxic_damage
2,4-dichlorophenol	treatment	emerson-trinder_reaction
4-t-op	treatment	sps
5-aminosalicylates	treatment	ulcerative_colitis
17-aag	treatment	cutaneous_leishmaniasis
2,4-d	treatment	depressed
1-methyl-4-phenylpyridinium	treatment	neurotoxic
25-oh-d	treatment	bv
3,4-methylenedioxymethamphetamine	treatment	axonal_degeneration
14c-glycocholate	treatment	autonomic_dysfunction
5-aminolevulinic_acid	treatment	condyloma_acuminatum
18f-fdg	treatment	malt_lymphoma
17-40s	treatment	dimeric_to_hexameric_composition
3,4-dap	treatment	paralysis
24_l-phenylalanine	treatment	toxicity
1,25-d	treatment	mcf
26-hydroxycholesterol	treatment	atherosclerotic_lesions
5-ala	treatment	meningioma
2,4-hexadienal	treatment	cancer
4-dimethylaminoazobenzene	treatment	carcinogenesis
25ohd	treatment	phpt
23-g	treatment	pseudophakic_eyes
3-4-diaminopyridine	treatment	lems
3-nitropropionic_acid	treatment	striatal_degeneration
25-oh_vitamin_d	treatment	h1n1_infection
11-hocs	treatment	heart_diseases
131i-metaiodobenzylguanidine	treatment	malignant_pheochromocytoma
1400w	treatment	epileptiform_spiking
2,3,7,8-tetrachlorodibenzo-p-dioxin	treatment	anorexia
3,6-dhf	treatment	carcinogenesis
18f-fdg	treatment	thyroid_lesions
15d-pgj	treatment	gastric_mucosal_injury
18-f-fluorodeoxyglucose	treatment	thyroid_carcinoma
18f-fdg	treatment	polychondritis
11ohd	treatment	congenital_adrenal_hyperplasia
2-hg	treatment	aml
2-cado	treatment	seizures
3-methyladenine	treatment	neuronal_death
18f-naf	treatment	atherosclerotic_lesions
18f-fluorodeoxyglucose_positron	treatment	head_and_neck_cancer
2-chlorophenol	treatment	toxicity
5-ala-pdt	treatment	inflammatory_joint_diseases
3-methyl-1-phenyl-2-pyrazolin-5-one	treatment	cerebral_infarction
123i-labeled_metaiodobenzylguanidine	treatment	hypertensive
18o2	treatment	dehydration
2-hydroxyestrone	treatment	ptc
2-me	treatment	human_osteoblasts
4-hydroxynonenal	treatment	diabetes
2,3-butanedione_monoxime	treatment	cardiac_arrest
5-aminosalicylic	treatment	ulcerative_colitis
1,3-dnb	treatment	toxicity
1-aminocyclopropane-1-carboxylic_acid	treatment	wt
1,25_dihydroxy-vitamin_d3	treatment	osteogenic_sarcoma
1-methoxyoctadecan-1-ol	treatment	photothrombotic_ischemic_injury
5-aminolevulinic_acid	treatment	neurological_dysfunctions
3d-ctc	treatment	unruptured_cerebral_aneurysm
1,25-dihydroxyvitamin_d3	treatment	alopecia
16-iodo-3-methylhexadecanoic_acid	treatment	myocardial_infarction
3-aminobenzamide	treatment	death
5,7-dichlorokynurenic_acid	treatment	muscle_rigidity
1,25-dihydroxycholecalciferol	treatment	td
12-o-tetradecanoylphorbol-13-acetate	treatment	hypersensitivity
5-aminosalicylic_acid	treatment	od
25-hydroxyvitamin_d	treatment	deep-wound_infection
59fe	treatment	nm
4f-pcc	treatment	traumatic_hemorrhage
18f-fluorodeoxyglucose	treatment	uterine_sarcoma
1,25-dihydroxyvitamin_d3	treatment	renal_failure
2-oca	treatment	gvh
1,5-ag	treatment	renal_insufficiency
17b-estradiol	treatment	lordosis
5-aminosalicylic_acid	treatment	chronic_inflammatory_bowel_disease
14c-tyrosine	treatment	ehrlich_ascites_tumour
1,25-dihydroxyvitamin_d3	treatment	bone_loss
1-tyrosine	treatment	psychosis
3_alpha-androstanediol	treatment	hirsutism
12-o-tetradecanoylphorbol-13-acetate	treatment	carcinoma
4-methylpyrazole	treatment	acute_intoxication
13-ra	treatment	tumor
3-hydroxyglutarate	treatment	neuronal_damage
2-deoxyglucose	treatment	erythrocyte_glucose_consumption
13-cis-retinoic_acid	treatment	acute_promyelocytic_leukemia
25-hydroxyvitamin_d	treatment	as
1,25-dihydroxyvitamin_d	treatment	breast_cancer
4-epidoxorubicin	treatment	gastric_cancer
2-amino-4-arsonobutyrate	treatment	seizure
1,2-epoxy-3-butene	treatment	sces
4-nitroquinoline-n-oxide	treatment	oral_carcinogenesis
2-amino-3-benzoylthiophenes	treatment	allosteric_enhancers
1,4-benzodiazepine	treatment	lupus-like_disease
14c-leucine	treatment	urinary_bladder_carcinoma
1-palmitoyl-2-arachidonoyl-sn-glycero-3-phosphorylcholine	treatment	acute_necrotizing_pancreatitis
4-o-demethyl-11-deoxydoxorubicin	treatment	tumors
3-phenylactetylamino-2,6-piperidinedione	treatment	breast_tumor
131i-metaiodobenzylguanidine	treatment	pheochromocytomas_and_paragangliomas
1,2,3-triazoles	treatment	acute_myeloid_leukemia
3-ost-5	treatment	hs
4-hydroxynonenal	treatment	cancer
18f-ah111585	treatment	tumors
13-methyltetradecanoic_acid	treatment	breast_cancer
5-aminolevulinic_acid	treatment	skin_cancer
5a-dihydroprogesterone	treatment	seizures
18-fluorodeoxyglucose	treatment	pancreatic_ductal_adenocarcinoma
57co-bleomycin	treatment	metastases_of_malignant_melanoma
24s-ohc	treatment	necrosis
1,2-diacylglycerol	treatment	cardiac_hypertrophy
3-np	treatment	metabolic_dysfunction
5-aminosalicylic_acid	treatment	allergy
1-methyl-4-phenylpyridnium	treatment	neurotoxicity
51cr_edta	treatment	ulcerative_colitis
2dg	treatment	temporary_hypothermia
1,25-dihydroxyvitamin_d	treatment	hypercalciuria
4-nitroquinoline_1_oxide	treatment	zd
4-cl-a	treatment	shb-emia
4-methylumbelliferyl-beta-d-galactoside	treatment	beta-galactosidase
1alpha-hydroxycholecalciferol	treatment	calcium_deficiency
15-f2t-isoprostane	treatment	attenuated_iir_injury
17b-estradiol	treatment	intervertebral_disc_degeneration
1,4-dichlorobenzene	treatment	vocs
25-oh_vitamin_d	treatment	alcoholic
4-ap	treatment	neurological_disorders
3ab	treatment	lymphoblastic_leukaemia
4-phenylbutyric_acid	treatment	muscle_atrophy
1alpha-hydroxyvitamin_d3	treatment	hypophosphatemic_rickets
1-deoxymannojirimycin	treatment	lah
15_d-pgj2	treatment	endotoxemia
18f-fdg	treatment	breast_cancer_lesions
123i-metaiodobenzylguanidine	treatment	dilated_cardiomyopathy
2c-e	treatment	overdose
3h-thymidine	treatment	tumor
1,25-dihydroxyvitamin_d	treatment	hypercalcemia
4-hydroxy-2,2,6,6-tetramethylpiperidine-1-oxyl	treatment	embryo_lethality
3-hydroxy-3-methyl_glutaryl_coenzyme_a	treatment	hypercholesterolemia
18f-fluorodeoxyglucose	treatment	fever
4-aminopyridine	treatment	pkc
4-ohb	treatment	faster_transformation_activity
5-aa-cdr	treatment	leukopenia
2dg	treatment	hcc
3tc	treatment	hepatitis_b
2-oxo-oximes	treatment	toxicity
4-pba	treatment	preterm_birth
3-o-methyl-d-glucopyranose	treatment	toxicity
123i-betamethyl-p-iodophenyl-pentadecanoic_acid	treatment	chest_pain
17beta-estradiol	treatment	interstitial_fibrosis
3-ohb	treatment	hemorrhagic_shock
17_beta-oestradiol	treatment	postmenopausal_breast_cancer
5-asa	treatment	ischemia
3-ma	treatment	ischemia
4cmenb	treatment	fever
2-deoxy-d-glucose	treatment	glucose_insufficiency
3-hyp	treatment	glomerulonephritis
25-hydroxy-vitamin_d	treatment	sarcopenia
1,25-dihydroxycholecalciferol	treatment	renal_failure
2,4,6-trinitrobenzene_sulfonic_acid	treatment	oa
3h_dihydroergocryptine	treatment	myeloproliferative_disorders
3,4-diaminopyridine	treatment	congenital_myasthenic_syndrome
4-hydroxy_clo	treatment	bone_loss
4-hydroxyaminoquinoline_1-oxide_hydrochloride	treatment	carcinomas
2,8-dihydroxyadenine	treatment	urolithiasis
3,5-dbr-l-phe	treatment	paired_pulse_depression
1.4-dihydroxy-2-naphthoic_acid	treatment	colitis
13-cis-retinoic_acid	treatment	mycosis_fungoides
1,25-dihydroxycholecalciferol	treatment	renal_osteodystrophy
3-cl-ahpc	treatment	pancreatic_cancer
17-beta_estradiol	treatment	experimental_autoimmune_encephalomyelitis
2-methoxyestradiol	treatment	prostate_cancer
2,4,6-trinitrobenzenesulfonic_acid	treatment	ibd
2-cda	treatment	smc
18f-fdg	treatment	lung_lesions
2-deoxy-d-glucose	treatment	tumor
2-methoxyestradiol	treatment	hepatocellular_carcinoma
5-aminosalicylic_acid	treatment	inflammatory_bowel_diseases
2ohe2	treatment	male_infertility
5-asa	treatment	hemorrhoids
3,5-diethoxycarbonyl-1,4-dihydrocollidine	treatment	porphyria
13-cis-retinoic_acid	treatment	squamous_cell_carcinomas
1-beta-d-arabinofuranosylcytosine	treatment	ovarian_adenocarcinoma
4-hydroxynonenal	treatment	pn-related_liver_complications
35s_lipoic_acid	treatment	breast_cancer
15d2-d3	treatment	tumors
5-aminoisoquinoline	treatment	acute_kidney_injury
17-hydroxyprogesterone	treatment	premature_adrenarche
25-hydroxyvitamin-d	treatment	chronic_kidney_disease
1,25-dihydroxyvitamin_d3	treatment	osteopenia
12-o-tetradecanoyl-phorbol-13-acetate	treatment	ra
11a-o-benzoyl-12b-o-acetyltenacigenin_b	treatment	burkitt_lymphoma
2-alpha-difluoromethylornithine	treatment	transitional_cell_carcinoma
5-aminolevulinic_acid	treatment	uc
3h-vincristine	treatment	mouse_carcinoma
4-hydroxyaminoquinoline_1-oxide_hydrochloride	treatment	carcinoma
4ma	treatment	androgen-responsive_tumors
2-methoxyestradiol	treatment	hormone-refractory_prostate_cancer
20-hete	treatment	diabetes
2-mercapto-2-methylpropanoyl-l-cysteine	treatment	arthritis
5-ala	treatment	mb
3-nitrotyrosine	treatment	inflammation
20-hydroxyecdysterone	treatment	diabetes
1,2-dibromo-3-chloropropane	treatment	impaired_semen_quality
14c	treatment	tumor
13-acetate	treatment	b_lymphoma
25_hydroxyvitamin_d	treatment	ibd
4-meoen	treatment	breast_cancer
17-ketosteroid	treatment	diabetes_mellitus
4-hpr	treatment	ra
1,3-dinitrobenzene	treatment	edematous
17-hydroxyprogesterone	treatment	pcos
3-ma	treatment	cardiac_dysfunction
17dmag	treatment	tumor
2-deoxyglucose	treatment	photodynamic_therapy
1-deamino-8-d-arginine_vasopressin	treatment	di
17_beta-estradiol	treatment	pituitary_tumor
2-cyano-3,12-dioxoolean-1,9-dien-28-oic_acid	treatment	ovarian_carcinoma
1,2-dimethylhydrazine	treatment	colitis
17-aag	treatment	hcc
2-cda	treatment	panhypopituitarism
123i-mibg	treatment	pd
25-hydroxyvitamin_d	treatment	vitamin_d_deficiency
1,25-dihydroxyvitamin_d	treatment	cancer
5-asa	treatment	colon_cancer
17beta-estradiol	treatment	weight_gain
17-hydroxyprogesterone	treatment	21-hydroxylase_deficiency
3,4_dimethoxyphenylethylamine	treatment	schizophrenia
3-aminobenzamide	treatment	cytotoxicity
17beta-hydroxysteroid	treatment	male_pseudohermaphroditism
071031b	treatment	lower_cytotoxicity
12-hete	treatment	leukemic_blasts
25-hydroxyvitamin_d	treatment	breast_cancer
1,3_dichloropropene	treatment	crs
17-aag	treatment	neuronal_death
5-asa	treatment	inflammation
1,5-ag	treatment	diabetes_mellitus
1,5-anhydroglucitol	treatment	diabetes
3-bromopyruvate_propyl_ester	treatment	colon_cancer
2-acetamido-2-deoxy-d-galactonolactone	treatment	beta-n-acetylgalactosaminidase
11_beta-hydroxysteroid	treatment	hypertension
5-asa	treatment	sarcoidosis
5-aminosalicylic_acid	treatment	crc
17-desoxymethasone	treatment	psoriasis
2-pyridones	treatment	bacterial_infections
25-hydroxycholecalciferol	treatment	fractures_of_the_femoral_neck
25-hydroxyvitamin_d	treatment	gestational_diabetes_mellitus
4-ipomeanol	treatment	injury_in_rabbit_kits
3-nitropropionic_acid	treatment	motor_defects
17b-estradiol	treatment	brain_damage
10-hydroxycamptothecin	treatment	promyelocytic_leukemia
1metiq	treatment	analgesia
1-methylxanthine	treatment	tumor
22q11ds	treatment	behavioral_problems
1,4-bis-trichloromethylbenzol	treatment	opisthorchiasis
18f-fluorodeoxyglucose	treatment	pancreatic_cystic_tumors
1-methyl-3-nitro-1-nitrosoguanidine	treatment	fibrosarcoma
1-methyladenosine	treatment	cancer
3,4-methylene_dioxymethamphetamine	treatment	toxicity
188re-rc-160	treatment	somatostatin-receptor-positive_cancers
2-deoxy-d-glucose	treatment	t-cell_dysfunction
3h-methylprednisolone	treatment	acute_myocardial_ischemia
131i	treatment	cancer
4-iodoantipyrine	treatment	encephalitis
4-pba	treatment	pd
4-iodophenylalanine	treatment	tumours
3-methoxy-phencyclidine	treatment	non-fatal_intoxication
17beta-estradiols	treatment	breast_cancer
1,2-diacylglycerol	treatment	hypertension
5-ala	treatment	malignant_glioma
1-chloro-2,4-dinitrobenzene	treatment	ubte
4-chlorophenyl_acetate_ester_enolate	treatment	cdi
51-cr-edta	treatment	impaired_renal_function
223ra	treatment	bone_tumors
12-0-tetradecanoyl-phorbol-13-acetate	treatment	aml
4-tert-butyltoluene	treatment	long-lasting_central_nervous_system
25-dihydroxyvitamin_d3	treatment	myeloid_leukemia
2-fluoro-2-deoxyglucose_positron	treatment	wolman_disease
18f-fdg	treatment	mature_cystic_teratoma
5-ala	treatment	tumours
1-methyl-4-phenyl-1,2,3,6-tetrahydropyridinium	treatment	neurotoxic
1,25-dihydroxyvitamin_d	treatment	renal_insufficiency
25-hydroxyvitamin	treatment	hypovitaminosis_d
15d-pgj	treatment	atherosclerotic_lesions
3-mpa	treatment	seizures
2,3_diphosphoglycerate	treatment	mpn
18f-fdg	treatment	lymphomas
17-hydroxyprogesterone	treatment	prematurity
4-hydroperoxycyclophosphamide	treatment	colony-forming_cells
1-deoxy-1-fluoro-scyllo-inositol	treatment	memory_impairments
4-hydroxy_cinnamic_acid	treatment	cytotoxicity
1,2-dag	treatment	pdgf
17b-estradiol	treatment	bca
2,4-d	treatment	malformation
14c-lactose	treatment	lactase_deficiency
2-pentenenitrile	treatment	toxicity
11-deoxyprostaglandin_e1	treatment	hyperalgesia
3-benzoyl-1-methyl-4-phenyl-4-piperidinol_hydrochloride	treatment	edema
4-hydroxyisoleucine	treatment	diabetic
3-hydroxy-3-methylgutaryl_coa	treatment	cardiovascular_diseases
2,3,7,8-tetrachlorodibenzo-p-dioxin	treatment	hepatocellular_injury
17-b_estradiol	treatment	craniofacial_defects
3-aminohexahydrocoumarin	treatment	cytotoxicity
1,1-dichloroethylene	treatment	necrosis
5-aminosalicylate	treatment	ibd
3-hydroxybutyrate	treatment	diabetic
3-o-sulfotransferases	treatment	breast_cancer
2-cda	treatment	lymphoid_neoplasms
3,3-dimethyl-2,5-hexanedione	treatment	neurotoxicity
2-deoxy-d-glucose	treatment	retinal_tumors
10-hydroxycamptothecin	treatment	epidural_fibrosis
2-f-ara-amp	treatment	malignancy
17-ketosteroids	treatment	cervical_cancer
1-methyl-4-phenyl-1,2,3,6-tetrahydropyridine	treatment	dyskinesias
3,4-diaminopyridine_phosphate	treatment	lambert-eaton_syndrome
14c-iodoantipyrine	treatment	mcao
2-vinylazetidine	treatment	electron-deficient_allenes_also
25ohd	treatment	imt
2-benzylidene-2,3-dihydro-1h-inden-1-one	treatment	ibd
3-substituted_triazinoindole	treatment	rhinovirus_infection
2,3-dph	treatment	rf
10-propargyl-5,8-dideazafolate	treatment	ts
17_beta-hydroxysteroid	treatment	hsd
3h-leucine	treatment	cultured_melanoma
3-azido-2,3-dideoxythymidine	treatment	aids
4-ohcp	treatment	cp
1-hydroxyvitamin_d3	treatment	mds
3-ma	treatment	degeneration_of_cells
123i-iolopride	treatment	parkinsonian_symptoms
4-hydroxyltamoxifen	treatment	breast_cancer
2,4-dinitrophenol	treatment	deaths
4-aminophenol	treatment	necrosis
18f-fluoro-2-deoxy-d-glucose	treatment	lung_tumor
3-ap	treatment	cerebellar_ataxia
4-hydroxynonenal	treatment	ros
131-i-metaidobenzylguanidine	treatment	pheochromocytoma
2-dg	treatment	hyperglycemia
131i	treatment	dtc
3-hydroxy-3-methylglutaryl-conenzyme_a	treatment	coronary_artery_disease
3h-25_hydroxyvitamin_d	treatment	metabolic_acidosis
4-heptanone	treatment	diabetes_mellitus
3d-cta	treatment	calcification
4-aminopyridine	treatment	paralysis
2,4-d	treatment	cp
3h-thymidine	treatment	gliomas
5-aminolevulinic_acid	treatment	anastomosis
2-bromopropane	treatment	toxicity
5-aminoimidazole-4-carboxamide-1-b-d-ribofuranoside	treatment	tumor
4-ohne	treatment	toxicity
17b-estradiol	treatment	brain_death
4-ipomenaol	treatment	necrosis
3,4-methylenedioxymeth-amphetamine	treatment	cognitive_abnormalities
2-bfi	treatment	tbi
15-n-nervonoyl_sphingosine	treatment	atom_bombardment-ms
35s-methionine	treatment	virus_infection
2-octyl_cyanoacrylate	treatment	fractured_molar_tooth
4-hne	treatment	proton_leak
4-terpineol	treatment	hcc
4-alkoxy	treatment	tma-2
2-chloroadenosine	treatment	epileptic
2-dichloromethylene_bisphosphonate	treatment	bone_disease
18f-fluorodeoxyglucose_positron	treatment	colorectal_cancer
4-aminoquinoline	treatment	falciparum
2-deoxyglucose	treatment	c6_glioma
5-ala	treatment	fluorescence-guided_surgery
1,2-dioleoyl-3-trimethylammonium-propane	treatment	cytotoxicity
1h-mrs	treatment	meningioma
123i-iodoazomycin_arabinoside	treatment	tumor_hypoxia
5-asa	treatment	granulomatous_lung_diseases
4-amino-2-tri-fluoromethyl-phenyl_ester	treatment	lung_carcinoma
2,3-dpg	treatment	rccs
11c-methionine	treatment	breast_cancer
4-chlorophenol	treatment	toxicity
2-deoxycoformycin	treatment	monocytic_leukemia
1,2,4-trichlorobenzene	treatment	subchronic_toxicity
3_a-aminocholestane	treatment	developmental_defect
18f-dopa	treatment	tumour
3np	treatment	decrease_in_locomotor_activity
4-aminopyridine	treatment	hepatoblastoma
1,24,25-trihydroxyvitamin_d3	treatment	bone_loss
11c-methionine	treatment	metastasis
2-dg	treatment	cardiac_dysfunction
2,3,7,8-tcdd	treatment	toxicity
3,5-t2	treatment	primary_hypothyroidism
25-oh_d	treatment	chronic_kidney_disease
3-hydroxyisovalerylcarnitine	treatment	biotin_deficiency
3-hydroxy-3-methylglutaric_acid	treatment	atherosclerosis
2,3-dimercaptopropane-1-sulfonate	treatment	lead_poisoning
4-bromo-2,5-dimethoxyphenethylamine	treatment	cerebral_vasculopathy
5-aminolevulinic_acid	treatment	bladder_cancer
2-en-vpa	treatment	toxicity
3-hydroxy-3-methylglutaryl-coa	treatment	cin
1r,2s-methoxamine	treatment	faecal_incontinence
153sm-edtmp	treatment	painful_bone_metastases
2ccpa	treatment	demyelination
3-bmc	treatment	ms
2,4,6-trihydroxyphenethylamine	treatment	toxicity
2,3,5-triphenyl_tetrazolium_chloride	treatment	infarct
5-aminolevulinic_acid	treatment	buccal_cancer
18f-fluorocholine	treatment	hyperparathyroidism
1-o-alkyl-2-o-acetyl-sn-glyceryl-3-phosphorylcholine	treatment	chemotaxis
2-deoxy_glucose	treatment	cancer
5-40	treatment	tumor
3-nitropropionic_acid	treatment	metabolic_impairment
3-methylhistidine	treatment	trauma
4-n-alkanoylgemcitabine	treatment	cytotoxicity
3-mercaptopropionic_acid	treatment	seizure
2-methoxyestradiol	treatment	npc
2-phenylindenes	treatment	mammary_tumor
4-hpr	treatment	esft
4-mei	treatment	necrotic
3,4_methylenedioxymethamphetamine	treatment	posttraumatic_stress_disorder
2-chlorodeoxyadenosine	treatment	autoimmune_hemolytic_anemia
18f-fdg	treatment	malignancy
4-hydroxy-tamoxifen	treatment	breast_cancer
1,25-dihydroxyvitamin_d3	treatment	neuroblastoma
4-dimethylaminophenol	treatment	cyanide_poisoning
3-hydroxy-3-methylglutaryl_coenzyme_a	treatment	cia
2-amino-7-phosphonoheptanoic_acid	treatment	impaired_motor_coordination
1,2,3-triazole	treatment	bacterial_infections
3-aminoindazole	treatment	anaplastic_lymphoma
2-methoxyestradiol	treatment	bladder_obstruction
5-aminosalicylate	treatment	distal_colitis
3-methyladenine	treatment	mps
5,5-dimethyl-1-pyrroline_n-oxide	treatment	liver_ischemia
17-aag	treatment	cerebral_infarction
4-alpha-phorbol_12,13_didecanoate	treatment	pkc
3-nitropropionic_acid	treatment	dystonia
5-aminoisoquinolinone	treatment	adjuvant_induced_arthritis
3co	treatment	asd
1-beta-d-arabinofuranosylcytosine	treatment	acute_leukemia
25-hydroxyvitamin_d	treatment	canadian_health_measures_survey
1,1,1-trichloroethane	treatment	liver_disease
3-hydroxyglutarate	treatment	gdhd
18f-fdg_pet	treatment	tumor
2,3,7,8-tetrachlorodibenzo-p-dioxin	treatment	preterm_birth
2-nbdg	treatment	hyperinsulinemic-euglycemic_clamp_test
1-o-alkyl_lysophospholipid	treatment	alp
12-o-tetradecanoylphorbol-13-acetate	treatment	colon_cancer
2-pmpa	treatment	colitis
1,25-dihydroxyvitamin_d3	treatment	breast_cancer
3-hydroxy-3methylglutaryl_coenzyme_a	treatment	cardiovascular_events
2-dg	treatment	cytotoxicity
2-3_di-phosphoglycerate	treatment	hyperactivity
2-butoxyethanol	treatment	hemolytic_anemia
3,4-benzopyrene	treatment	aaa
2-cda	treatment	splenic_marginal_zone_lymphomas
4-hydroxynonenal	treatment	cornea
12-o-tetradecanoylphorbol_13-acetate	treatment	epstein-barr_virus
2hf	treatment	sclc
17beta-estradiol	treatment	adrenocortical
25-ohd	treatment	infectious_disease
2-hydroxycinnamaldehyde	treatment	tumor
2-methoxyestradiol	treatment	nasopharyngeal_carcinoma
1,25-dihydroxyvitamin_d3	treatment	gastric_cancer
3,4-methylenedioxymethamphetamine	treatment	neural_and_cardiac_toxicities
17_beta-hydroxysteroid	treatment	leiomyoma
24,25-dihydroxyvitamin_d	treatment	nephrotic_syndrome
17beta-estradiol	treatment	postmenopausal_atrophic_vaginitis
18b-sga	treatment	ar
4-o-methylhonokiol	treatment	ad
3,4-benzopyrene	treatment	papillomata
3,5-diiodothyropropionic_acid	treatment	heart_failure
1,2-dimethylhydrazine	treatment	hypercholesteremia
18f-fluoro-deoxyglucose	treatment	mantle_cell_lymphoma
1-methyl-4-phenyl-1,2,3,6-tetrahydropyridine	treatment	motor_deficit
5-aminolevulinic_acid	treatment	photodynamic_diagnosis
2-methyl-1,4_naphthoquinone	treatment	ros
5-asa	treatment	uc
2-mercaptopropionylglycine	treatment	lupus_like_syndrome
4-hne	treatment	osteosarcoma
4-nitroquinoline-n-oxide	treatment	hyalinization
15-deoxyspergualin	treatment	lupus_nephritis
2-hexylidene_cyclopentanone	treatment	toxicity
125iodine	treatment	carcinoma_of_prostate
11c-met	treatment	granuloma
2-naphthoyl_sit_ester	treatment	acute_liver_injury
2-phenoxyethanol	treatment	headache
3dcrt	treatment	prostate_cancer
2-deoxy-d-glucose	treatment	hypothermia
18f-fdg	treatment	anastomosis
1-hydroxy-anthraquinone	treatment	colon_carcinogenesis
17_beta-estradiol	treatment	kidney_tumors
17-aag	treatment	cca
25-hydroxycholecalciferol	treatment	chronic_renal_disease
25-hydroxyvitamin_d	treatment	overdose
12-o-tetradecanoylphorbol-13-acetate	treatment	leukemia
2,4-dinitrophenol	treatment	toxicity
12-0-tetradecanoyl-phorbol_13-acetate	treatment	protein_kinase_c
123i-metaiodobenzylguanidine	treatment	autonomic_nervous_dysfunction
17_beta-hydroxysteroid	treatment	male_pseudohermaphroditism
2-ag	treatment	mcao
2-mercaptoethanol	treatment	mas
2-aminoisobutyrate	treatment	hepatoma
3-methylcholanthrene	treatment	fibrosarcoma
18f-fdg	treatment	breast_carcinomas
1-beta-d-arabinofuranosylcytosine	treatment	tumor
17-b-estradiol	treatment	hiv-infection
1-methyl-4-phenyl-1,2,3,6-tetrahydropyridine	treatment	cytotoxicity
1,2-diacylglycerol	treatment	energy_metabolic_disorder
4-cp	treatment	toxicity
1-beta-d-arabinofuranosylcytosine	treatment	toxicity
5-aminolevulinic_acid	treatment	facial_acne_vulgaris
2-mercaptoethylguanidine	treatment	toxicity
1-octanol	treatment	tremor
2-dg	treatment	malignant_gliomas
2-thiouracil	treatment	toxicity
25-ohd	treatment	tb
5-aminosalicylic_acid	treatment	acute_renal_failure
12-o-tetradecanoylphorbol-13-acetate	treatment	b_cell_leukemia
3-hpma	treatment	stroke
3-methylcrotonyl-coa	treatment	deficiency_in_isovaleryl-coa_dehydrogenase
18fdg	treatment	cancers
5-asa	treatment	renal_disease
2-mercaptoethane_sulfonate	treatment	hemorrhagic_cystitis
10058-f4	treatment	mm
17b-estradiol	treatment	hepatic_damage
2-mppa	treatment	constrictive_injury
3-fc	treatment	carcinogenesis
3,4-methylenedioxymethamphetamine	treatment	cardiovascular_complications
13-cis-retinoic_acid	treatment	cheilitis
18f-fluorodeoxyglucose	treatment	lymphomas
18-oh-b	treatment	adenoma
16,16-dimethyl_pge2-methyl-ester	treatment	pancreatic_fistulas
4-tertiary_butyl_phenol	treatment	vitiligo
2-amino-6-arylsulfonylbenzonitriles	treatment	immunodeficiency
12-o-tetradecanoyl-13-phorbol_acetate	treatment	glioma
14co2	treatment	tumour
15-deoxyspergualin	treatment	leukemia
1-cyclobutanecarbonyl-3,3-dimethylurea	treatment	convulsions
2-chlorodeoxyadenosine	treatment	rosai-dorfman_disease
5-aminolaevulinic_acid	treatment	coronary_and_iliac_artery_injury
18f-fluorodeoxyglucose	treatment	histiocytic_sarcoma
5-aminoimidazole-4-carboxamide-1-beta-d-ribofuranoside	treatment	aa
1,3-butylen_glycol	treatment	skin_lesions
17_beta-hydroxysteroid	treatment	adrenal_adenoma
3-hydroxy-3-methyl-glutaryl-coa	treatment	cardiovascular_disease
19-o-methylpelorol	treatment	cytotoxicity
2-acetyl_furanonaphthoquinone	treatment	melanoma
25-hydroxyvitamin_d2	treatment	high-performance_liquid_chromatography
1,8-cineole	treatment	inflammatory_oedema
111in-sb3	treatment	tumor
1-butanol	treatment	toxicity
123i-iomazenil	treatment	moyamoya_disease
3-deazaneplanocin_a	treatment	suberoylanilide_hydroxamic_acid
17-aag	treatment	bcr-abl-positive_leukemias
3h-thymidine	treatment	fhl
20-hydroxyecdysone	treatment	neurites
1-benzylimidazole	treatment	bleeding
18f-fluorodeoxyglucose	treatment	malignancy_of_adrenocortical_tumours
5alpha,3alpha-p	treatment	seizures
1,25-dihydroxyvitamin-d3	treatment	dcm
1,25-dihydroxyvitamin_d3	treatment	glioma
2,2-dimethyl-3-phenylpropanol	treatment	toxicity
17beta-estradiol	treatment	estrogen_deficiency
2-chlorodeoxyadenosine	treatment	lymphoma
13-cis-retinoic_acid	treatment	chronic_phase_chronic_myelogenous_leukemia
17-alpha-hydroxyprogesterone_caproate	treatment	preterm_birth
5-aminolevulinic_acid	treatment	tuberous_sclerosis
3-diphosphoglycerate	treatment	hypoxia
1,1-diphenyl-2-picryl-hydrazyl	treatment	toxicity
3a-hydroxymasticadienonic_acid	treatment	gastric_damage
131i	treatment	cytotoxicity
3-morpholinosydnonimine	treatment	necrosis
3-deazauridine	treatment	be_melanoma
18-fluorodeoxyglucose_positron	treatment	adrenocortical_carcinoma
4-pyridoxic_acid	treatment	renal_insufficiency
13-cis-retinoic_acid	treatment	nodulocystic_acne
4-nitrochinoline_n-oxide	treatment	oral_cancer
1h10-dox	treatment	tumor
11-dehydrosinulariolide	treatment	sclc
1-benzyloxy-methyl-5-ethyl-6-phenylthiouracil	treatment	reverse_transcriptase
17b-estradiol	treatment	hs
15-hydroxy-eicosatetraenoic_acid	treatment	arthritis
2-methoxyestradiol	treatment	pancreatic_cancer
25-amino_acid	treatment	cytotoxicity
3-np	treatment	cytotoxicity
31p	treatment	ischemia
17-allylamino-17-demethoxygeldanamycin	treatment	advanced_cancer
13-cis-retinoic_acid	treatment	esophageal_carcinoma
15-deoxyspergualin	treatment	graft_versus_host_disease
123i-iomazenil	treatment	focal_epilepsies
17-aag	treatment	breast
25-hydroxyvitamin_d	treatment	diabetes_mellitus
1,2-dimethylhydrazine	treatment	crc
3-n-butylphthalide	treatment	cerebral_ischemia
20-methylcholanthrene	treatment	fibrosarcoma
22c3	treatment	lung_adenocarcinoma
2-apb	treatment	lung_adenocarcinoma
20-fluoro-6,7-methylenedioxy-2-phenyl-4-quino-lone	treatment	cancer
2,2-diphenyl-4-isopropylaminobutyramidmethyliodide	treatment	gastric_ulcers
2-butoxyethanol	treatment	forestomach_tumours
5,10-methenyltetrahydrofolate	treatment	neurometabolic_disorder
25-hydroxyvitamin_d	treatment	miscarriage
2-ib	treatment	neurotoxicity
50-55gy	treatment	intracranial_meningioma
4-n-octylphenol	treatment	mammary_carcinomas
5-ala	treatment	cord_ependymomas
4-vinylcyclohexene_diepoxide	treatment	pof
2,3-dihydroxybenzoic_acid	treatment	ischemia
2-chloroethylamine	treatment	cytotoxicity
4-hexylresorcinol	treatment	black_spot
4-ap-sr	treatment	downbeat_nystagmus
18-hydroxycortisol	treatment	primary_aldosteronism
3-aminobenzamide	treatment	myocardial_infarct
1-mt	treatment	endometriosis
11c-acpc	treatment	cancer
2-arachidonoylglycerol	treatment	inflammation
3h-thymidine	treatment	mckrae_strain_herpes_simplex_virus
4-hpr	treatment	tumors
1,3-dipropyl-8-sulfophenylxanthine	treatment	hypertensive
17b-estradiol	treatment	depression
2-deoxy-d-glucose	treatment	oa
5-asa	treatment	anastomosis
1,25_dihydroxy_vitamin_d3	treatment	ra
3-nitrosobenzamide	treatment	acute_infection
3h-thymidine	treatment	ovarian_tumor
17beta-estradiol	treatment	tumor
1-phenylisopropyladenosine	treatment	seizures
18f-fluoro-deoxyglucose	treatment	colorectal_cancer
14co2	treatment	depression
3-amino-2-hydroxy-4-phenyl-valyl-isoleucine	treatment	ali
3,4-dihydroxyphenylalanine	treatment	hepatic_coma
25-hydroxyvitamin_d	treatment	osteoporosis
5,15-diaryl-tetrapyrrole	treatment	colon_carcinoma
17-a-alkylated_androgens	treatment	hae
18f-fluorodeoxyglucose	treatment	mantle_cell_lymphoma
17a-hydroxyprogesterone_caproate	treatment	preterm_birth
18f-fluorodeoxyglucose	treatment	atherosclerotic_plaque
3-hydroxyisobutyrate	treatment	rheumatoid_arthritis
18f-fluorodeoxyglucose	treatment	erythema_nodosum-like_skin_lesions
4-aminoquinoline	treatment	autoimmune_diseases
2-methoxyethanol	treatment	testicular_lesions
5-ala	treatment	dysplasia
1-phenyl-2-1-phenylpropyl-3-amino_proprane_hydrochloride	treatment	myocardial_infarct
1-glutamic_acid	treatment	muscular_diseases
2-methylbutyrate	treatment	purine_derivatives
1,3,6-trinitropyrene	treatment	cqds
2-deoxyglucose	treatment	tumor
2-heptanone	treatment	anxiety
153sm-edtmp	treatment	pain_palliation
25hc3s	treatment	hsv-1_infection
1_alpha-hydroxycholecalciferol	treatment	osteoporosis
18f-fluorodeoxyglucose	treatment	malignancy
2,4-dnp	treatment	weight_loss
4-aminopyridine	treatment	nerve_injury
2-chlorodeoxyadenosine	treatment	bone_marrow_abnormalities
2-deoxy-d-glucose	treatment	ulcer
4-hpr	treatment	zikv_infection
125i	treatment	carcinosarcoma
1,2-diacyl-sn-glycerol	treatment	protein_kinase_c
1,4-naphthoquinone	treatment	cytotoxicity
2-deoxy-d-glucose	treatment	mj
2-cado	treatment	epilepsy
1,2-diacylglycerol	treatment	tumor
3-hk	treatment	mitochondrial_dysfunction
21-aminosteroid_u74006f	treatment	cerebral_edema
2,3-dimercapto-1-propane_sulfonic_acid	treatment	hypersensitivity_reaction
2,3-diphosphoglycerate	treatment	critical_illness
25-hydroxyvitamin_d	treatment	all
131i	treatment	toxic_goiter
1,25-dihydroxyvitamin_d	treatment	femoral_fracture
25-hydroxyvitamin_d	treatment	hiv-infected
57co-bleomycin	treatment	lung_tumors
18f-mfbg	treatment	neuroendocrine_tumors
3-phosphonopropionic_acid	treatment	corrosion_behaviors
3h-vesamicol	treatment	als
1-desamino-8-d-arginine_vasopressin	treatment	haemophilia_a
4-aminophenols	treatment	cytotoxicity
1-thc-7-oic_acid	treatment	catalepsy
1,3-dcp	treatment	melanoma
1-stearoyl-sn-glycero-3-phosphocholine	treatment	chronic_myelogenous_leukemia
13c-galactose	treatment	chronic_liver_disease
4-hydroperoxycyclophosphamide	treatment	neuroblastoma
18f-fdg	treatment	urethral_adenocarcinoma
2,4-dcp	treatment	toxicity
3-deoxyglucosone	treatment	pd
18f-fdg	treatment	lung_cancer
17alpha-estradiol	treatment	pkc
1-methyluric_acid	treatment	kidney_stones
11-oxycorticoids	treatment	hyperthyroidism
2-aaa	treatment	diabetes
11-dehydro-thromboxane_b2	treatment	cerebral_infarction
25-hydroxyvitamin_d	treatment	gestational_diabetes
5-aiq	treatment	renal_dysfunction
123i-heptadecanoic_acid	treatment	impaired_glucose_tolerance
18f-fdg	treatment	osteosarcoma
12-o-tetradecanoylphorbol_acetate	treatment	mouse_ear_oedema
4-hydroxytamoxifen	treatment	bladder_cancer
2,4,6-tribromophenol	treatment	flame_retardants
1-ethyl-3-methylimidazolium_tetrafluoroborate	treatment	molecular_dynamics
13c-octanoic_acid	treatment	gastric_emptying
1,5-anhydro-d-glucitol	treatment	type
4-hne	treatment	anoxia
2-deoxy-l-ribose	treatment	tumors
4-hydroperoxycyclophosphamide	treatment	rhabdomyosarcoma
1,10-phenanthroline	treatment	fragmentation
1,25-dihydroxyvitamin_d	treatment	ckd
2,6-dichlorodiphenylamine	treatment	dfna
1,2-dimethylhydrazine	treatment	tumours
5-aminolevulinic_acid	treatment	cancers
4-oha	treatment	mammary_tumors
17beta-estradiol	treatment	pleurisy
3dcrt	treatment	npc
3-hydroxy-3-methylglutaric_aciduria	treatment	isovaleric_acidemia
25-hydroxy_vitd	treatment	inflammation
2,6-dmnm	treatment	endophytic_squamous_cell_carcinomas
18f-fluorocholine	treatment	tumor
213bi-dotatoc	treatment	pancreatic_carcinoma
4-aminoquinoline	treatment	toxicity
3co	treatment	lumbar_lordosis
17-ohd	treatment	autosomal_recessive_defect
20-methylcholanthrene	treatment	adenocarcinomas
3g4	treatment	tumor
35s-furosemide	treatment	renal_insufficiency
3-deazaadenosine	treatment	ad
3-nitrosobenzamide	treatment	human_immunodeficiency_virus
3h-leucine	treatment	depression
2,3-diphosphoglycerate	treatment	ad
2,3-dinitrilo-1,4-dithia-9,10-antraquinone	treatment	eac
2-amino-4-nitrophenol	treatment	cancer
18f_fdg	treatment	osteoradionecrosis_for_tongue_base_carcinoma
3-aminopyridine-2-carboxaldehyde_thiosemicarbazone	treatment	l1210_leukemia
2-hydroxyestrone	treatment	breast_cancer
18f-fdg	treatment	pericarditis
3beta-hydroxysteroid	treatment	adrenal_zona_glomerulosa
17-ketosteroids	treatment	hirsutism
2-nitroimidazooxazine	treatment	tuberculosis
1-methyl-4-phenyl-1,2,3,6-tetrahydropyridine	treatment	neurotoxic
3tc	treatment	hbv_infection
1-beta-d-arabinofuranosyl-5-azacytosine	treatment	leukemia
32phosphorus	treatment	polycythemia
1-monolinolein	treatment	bone_loss
1-methyl-4-phenyl-1,2,3,6-tetrahydropyridine	treatment	parkinsonian_syndrome
2-bfi	treatment	ms
5-aminolevulinic_acid	treatment	ovarian_cancer
18f-fdg	treatment	diabetes
3-methyladenine	treatment	cytotoxicity
3_beta-hydroxysteroid	treatment	male_pseudohermaphroditism
18f-thk5351	treatment	cerebral_infarction
4-ap	treatment	mean_standing_time
19-nortestosterone	treatment	oliguric_uremia
2,4-dichloro-1-nitrobenzene	treatment	kidney_tumors
3ap	treatment	toxicity
1-oleoyl_lysophosphatidic_acid	treatment	tumors
123i-metaiodobenzylguanidine	treatment	ectopic_intracranial_retinoblastoma
25-hydroxy_vitamin_d	treatment	cognitive_decline
4-ha	treatment	toxicity
24s-oh	treatment	pd
2dg	treatment	hyperglycemia
3-morpholinosyndnonimine	treatment	increases_in_the_bp_and_hr
3-amino-2-hydroxy-4-phenyl-valyl-isoleucine	treatment	acute_lung_injury
1,8-cineole	treatment	oedema
1-methy-4-phenyl-1,2,3,6-tetrahydropyridine	treatment	parkinsonian
1,25-hydroxyvitamin_d3	treatment	hypothyroidism
2-cda	treatment	hairy_cell_leukaemia
1,25-dihydroxyvitamin_d	treatment	secondary_hyperparathyroidism
4-phenyl_butyric_acid	treatment	gastric_carcinoma
15-keto-13,14-dihydro-prostaglandin_f2alpha	treatment	asthmatic
18-oh-doc	treatment	hypertension
17-b-estradiol	treatment	hob
3-dcrt	treatment	hcc
4-hpr	treatment	breast_cancer
17pc	treatment	composite_neonatal_morbidity
20,25-diazacholesterol	treatment	myotonia
17b-estradiol	treatment	pah
3-hexen-1-ol	treatment	maturity
3d-fiesta	treatment	hydrocephalus
2-mercaptoethane_sulfonate	treatment	hepatic_ischemia
2-dg	treatment	gastric_disease
1,25-dihydroxycholecalciferol	treatment	hypoparathyroidism
2,5-hexanedione	treatment	neurotoxicity
4-demethoxydaunorubicin	treatment	acute_myeloid_leukemia
1-palmitoyl-2-arachidonoyl-sn-glycerol-3-phosphatidylcholine	treatment	atherosclerotic_lesions
2-amino-5-phosphonovalerate	treatment	map
1,2-benzisothiazolin-3-one	treatment	occupational_hand_dermatitis
17_beta-oestradiol	treatment	coronary_artery_disease
1-methyl-2-nitrosoimidazole	treatment	colon_cancer
2-me	treatment	pre-eclampsia
3,4-diaminopyridine	treatment	muscle_paralysis
3-nitropropionic_acid	treatment	neuronal_injury
1,25d3-marrs	treatment	breast_cancer
3-hydroxy-4-keto-carotenoids	treatment	carotenoids
2-hydroxypropyl-b-cyclodextrin	treatment	npc
1,25-dihydroxyvitamin_d3	treatment	mammary_tumor
3-methylcholanthrene	treatment	rauscher_leukemia
4-ap	treatment	aml
3dcrt	treatment	risk_prostate_cancer
5-ala-pdt	treatment	oral_cancer
1,4-dihydropyridine_nifedipine	treatment	hypertension
125iodine	treatment	prostate_cancer
18f-fdg	treatment	gland_soft_tissue_lesion
1,25_vitamin_d3	treatment	cancer
2-chlorodeoxyadenosine	treatment	perianal_lesions
2-deoxy-d-glucose	treatment	ptc
2-cba	treatment	hypoxic
1-appn	treatment	neoplasms
4-oht	treatment	breast_tumors
3,4-bis-3,4,5-trimethoxybenzylidene-dihydrofuran	treatment	triple-negative_breast_cancer
3-hydroxy-3-methylglutaryl_coenzyme_a	treatment	cardiovascular_disorders
42-amino-acid	treatment	beta-amyloid
2,3-dihydro-1h-indolizinium_alkaloid-prosopilosidine	treatment	cryptococcosis
2,4-d	treatment	nerve_damage
2-amino-7-phosphonoheptanoic_acid	treatment	clonic_seizures
5-ala	treatment	os
11c-met	treatment	tumor
3,4-didehydroretinol	treatment	squamous_cell_carcinoma
15-methyl_prostaglandin_f2_alpha	treatment	haemorrhage
3-methyadenine	treatment	ischemic_injury
12-o-tetradecanoyl-phorbol_13-acetate	treatment	pkc
1,5-benzodiazepine	treatment	epilepsy
25-hydroxyvitamin_d	treatment	ckd
18f-fluorodeoxyglucose	treatment	rectal_cancer
1,25-dihydroxyvitamin_d3	treatment	osteoporosis
1,3-b-d-glucan	treatment	intra-abdominal_candidiasis
2-chlorodeoxyadenosine	treatment	infection
18f-fdg	treatment	liver_lesions
5-aminosalicylic_acid	treatment	interstitial_nephritis
5-aminolevulinic_acid	treatment	meningioma
4-nitroquinoline_1-oxide	treatment	tongue_neoplasms
1-methylnicotinamide	treatment	tumors
1,5-diarylpyrazoles	treatment	respiratory_diseases
2-chlorodeoxyadenosine	treatment	lymphoproliferative_diseases
3,4-dge	treatment	cytotoxicity
17-dd	treatment	yellow_fever
2-methoxyestradiol	treatment	breast_cancer
3,4-methylenedioxymethamphetamine	treatment	ptsd
17-dmag	treatment	tumor
18b-glycyrrhetinic_acid	treatment	metastasis
3-mcpd	treatment	renal_toxicity
3,5-t2	treatment	cirrhosis
3-isobutyl-methyl-xanthine	treatment	ocular_inflammation
18f-2-deoxyglucose	treatment	seizures
4-methyl-umbelliferyl-beta-d-galactopyranoside	treatment	escherichia_coli_beta-galactosidase
2-deoxy-d-glucose	treatment	neoplasia
10-chlorodeserpidine	treatment	neuropsychic_agitation
2hg	treatment	tumors
12-mta	treatment	tumors
1-methylnicotinamide	treatment	allergic_reactions
1-amino-lactose	treatment	hepatoma
1,25-dihydroxyvitamin_d3	treatment	leukemia
1-methyl-4-phenyl-1,2,3,6-tetrahydropyridine	treatment	pd_symptoms
2-aminoethyl_diphenylborate	treatment	infarct
18f-fdg	treatment	nsclc
18f-fluorodeoxyglucose	treatment	overall_survival
3,4-methylenedioxymethamphetamine	treatment	hypothalamic-pituitary-thyroid_axis
25-hydroxyvitamin_d	treatment	metabolic_syndrome
4-aminosalicylic_acid	treatment	left-sided_ulcerative_colitis
13-cis-ra	treatment	skin_tumor
5-aris	treatment	very_low-risk_prostate_cancer
3-hydroxy-3-methylglutaryl_coenzyme_a	treatment	cardiovascular_events
2-methyl-1,4-naphthoquinone	treatment	toxicity
1,5-hexadiene	treatment	rcm
2-bromopropane	treatment	occupational_disease
5-androstenediol	treatment	nh-pco
186re-1,1-hydroxyethylidene_diphosphonate	treatment	painful_bone_metastases
3-brpa	treatment	metastatic_lymphoma
4-damp	treatment	cardiovascular_symptoms
2,3-diphosphoglycerate	treatment	low_cardiac_output
17b-estradiol	treatment	pme
3-hydroxyanthranilic_acid	treatment	autoimmune_disease
17-allylaminogeldanamycin	treatment	thyroid_carcinoma
1,5-isoquinolinediol	treatment	diabetes
2,4-dichlorophenoxyacetic_acid	treatment	toxicity
3-oxo-c12-hsl	treatment	lps
25-hydroxyvitamin_d	treatment	renal_disease
2-4_dinitrochlorobenzene	treatment	cutaneous_hypersensitivity_reaction
18f-fdg	treatment	clear_cell_renal_cell_carcinoma
4d3	treatment	gc
27hc	treatment	breast_cancer
4-14c-cholesterol	treatment	cirrhosis_of_the_liver
1-methyl-4-phenyl-1,2,3,6-tetrahydropyridine	treatment	hyperreflexia
3-aminothymidine	treatment	t-cell_acute_lymphoblastoid_leukemia
5-ala	treatment	germ_cell_tumors
2-3_diphosphoglycerate	treatment	hypoxia
1,2-dimethylhydrazine	treatment	colorectal_tumours
4-amino_pteroyl_glutamic_acid	treatment	hypoplastic_anemia
5-asa	treatment	colitis
13c-urea	treatment	hp_infection
1-fluoro-2,4-dinitrobenzene	treatment	infected_with_dengue_virus
1-octadecyl-2-methyl-rac-glycero-3-phosphocholine	treatment	leukemic
1o2	treatment	md
3-methyl-4-hydroxy-mandelic_acid	treatment	neuroblastoma
4-hpr	treatment	cancer
12-o-tetradecanoylphorbol-13-acetate	treatment	irritant_contact_dermatitis
2-dg	treatment	analgesia
1,25-dihydroxyvitamin_d	treatment	hypocalcemia
13-cis	treatment	endometrial_adenocarcinoma
1400w	treatment	toxicity
17-ohp	treatment	hcg
1,3-dag	treatment	atherosclerotic_lesions
3h-r_1881	treatment	prostatic_neoplasms
2-methoxyestradiol	treatment	systemic_sclerosis
2-chlorodeoxyadenosine	treatment	lymphoid_malignancies
3-hydroxy-3-methyl-glutaryl-coa	treatment	hypercholesterolemia
17-methoxyl-7-hydroxy-benzene-furanchalcone	treatment	cardiac_remodeling
3-mercaptophenylboronic_acid	treatment	self-assembled_monolayers
17-beta-hydroxy-17-alpha-methyl-androstanopyrazole	treatment	growth_retardation
4-f-glcnac	treatment	melanoma
1-ethyl-1-nitrosourea	treatment	initial_changes_of_rat_leukemia
1,3-dipropyl-8-sulphophenylxanthine	treatment	hypertensive
3-carboxylic_esters	treatment	neurotoxicity
2-deoxy-d-glucose	treatment	hyperphagia
2af	treatment	salmonella
2-ap	treatment	atherosclerosis
1-deamino-8-d-arginine_vasopressin_acetate_trihydrate	treatment	polyuria
1,25_dihydroxy_vitamin_d3	treatment	pulmonary_tuberculosis
17beta-estradiol	treatment	diabetic_glomerulosclerosis
2-dg	treatment	neurobehavioral_toxicity
3-hydroxyanthranilic_acid	treatment	tumors
14c-labeled_glyburide	treatment	renal_impairment
19-nortestosterone	treatment	osteosarcoma
11_beta-hydroxysteroid	treatment	deficiency_of_the_kidney_isozyme
2-chloroadenosine	treatment	protein_kinase_c
4-nitroquinoline-1-oxide	treatment	hypersensitivity
17-aag	treatment	cytotoxicity
25-hydroxyvitamin_d	treatment	urticaria
18f-fluciclovine	treatment	prostate_cancer
2,6-dichloro-p-phenylenediamine	treatment	pancreatic_hepatocytes
17beta-estradiol	treatment	postmenopausal_osteoporosis
5,7-dihydroxyflavone	treatment	tumor
3h_thymidine	treatment	hypersensitivity_to_ovalbumin
13762a	treatment	tumor
1-methy-4-phenyl-1,2,3,6-tetrahydropyridine	treatment	parkinsonism
4-hne	treatment	cad
13c-urea	treatment	pylori_infection
2-methylbutane	treatment	toxicity
1,25-dihydroxyvitamin_d	treatment	amenorrhea
2-chlorodeoxyadenosine	treatment	acute_myeloid_leukemia
5-asa	treatment	colonic_injury
18f-fdg	treatment	squamous_cell_carcinoma
12-o-tetradecanoylphorbol-13-acetate	treatment	acute_lymphocytic_leukemia
2-methoxyestradiol	treatment	glioma
2,4-dcp	treatment	acf
2,3-dcpe	treatment	cancer
18f-dopa	treatment	neuroendocrine_tumors
17-n-allylamino-17-demethoxygeldanamycin	treatment	toxicity
3,4-methylenedioxymethamphetamine	treatment	retina_damage
4-n-alkylgemcitabine	treatment	cytotoxicity
4-3-oxosteroid	treatment	infantile_intrahepatic_cholestasis
5-aminolevulinic_acid	treatment	actinic_keratosis
1-hexylcarbamoyl-5-fluorouracil	treatment	hyperthermia
2-chlorodeoxyadenosine	treatment	hcl
2-cda	treatment	t-cell_lymphoproliferative_disorders
17_beta-estradiol	treatment	urogenital_symptoms
25-hydroxyvitamin_d3	treatment	juvenile_renal_osteodystrophy
5-aminosalicylates	treatment	colorectal_cancer
17_beta-estradiol	treatment	myocardial_ischemia
25-hydroxyvitamin_d	treatment	tic_disorders
1,2:5,6-dianhydrogalactitol	treatment	yoshida_sarcoma
4-methoxy-2,2,6,6-tetramethylpiperidine-n-oxyl	treatment	x-ray_diffraction
18f-fdg	treatment	carotid_artery_disease
3beta-hydroxysteroid	treatment	congenital_adrenal_hyperplasia
2-methoxyestradiol	treatment	cancer
4-methylesculetin	treatment	inflammatory_bowel_disease
3dcrt	treatment	tumors
1-methylisoguanosine	treatment	muscle_relaxation
1,1,1-trichloroethane	treatment	trickle-bed_air_biofilter
18f-2-fluoro-2-deoxy-d-glucose	treatment	tumour
1542cp3tx	treatment	cancer
2,4,6-trinitrobenzene_sulfonic_acid	treatment	colonic_inflammation
3-mtp	treatment	mouse_lymphoma
3_beta-hydroxysteroid	treatment	attenuated_deficiency
12-o-tetradecanoylphorbol-13-acetate	treatment	cca
125iodine	treatment	adenocarcinoma_of_the_prostate
25c-nbome	treatment	toxicity
18f-fdg	treatment	progressive_massive_fibrosis
4-aminophenyl-b-d-galactopyranoside	treatment	gal
17-ketosteroids	treatment	myxedema
1h	treatment	glioma
18-fluorodexoyglucose	treatment	schizophrenia
15d-pgj2	treatment	melanoma
1-hydroxyvitamin_d	treatment	dental_abnormalities
1-o-tetradecanoylphorbol-13-acetate	treatment	protein_kinase_c
2,3,5-triphenyltetrazolium_chloride	treatment	necrosis
1,25_dihydroxyvitamin_d3	treatment	experimental_allergic_encephalomyelitis
25-hydroxyvitamin_d	treatment	autoimmune_type_1_diabetes
4-ca	treatment	uvb-induced_cell_damage_in_rabbit_cornea
4-nqo	treatment	oral_carcinogenesis
5-ala	treatment	urothelial_lesions
3-o-acetyl-11-keto-b-boswellic_acid	treatment	acute_myeloid_leukemia
2-cda	treatment	psoriatic_arthritis
3g4	treatment	breast_tumors
4-aminopyridine	treatment	sciatic_nerve_injury
1,25-dihydroxyvitamin_d3	treatment	chronic_obstructive_pulmonary_disease
4-methyl-5-amino-1-formylisoquinoline_thiosemicarbazone	treatment	mouse_leukemia_l1210
2-cda	treatment	hcl-v
4-hydroperoxycyclophosphamide	treatment	malformations
18-f-fluorodeoxyglucose	treatment	lymphoma
3h-thymidine	treatment	lymphoma
21-aminosteroids	treatment	pulmonary_disorders
2-methoxy-5-amino-n-hydroxybenzamide	treatment	colon_cancer
2-aminotetralines	treatment	toxic_shock
15-methyl_prostaglandin_f2alpha	treatment	hemorrhage
2-hydroxyglutarate	treatment	malignancies
1,1-dimethylbiguanide_hydrochloride	treatment	diabetes
1,1-dichloroethylene_epoxide	treatment	lung_tumors
18f-fdg-pet	treatment	gastric_lymphoma
18f-fdg	treatment	interstitial_lung_disease
4-vinylcyclohexene	treatment	toxicity
18f-fluorodeoxyglucose_positron	treatment	esophageal_cancer
3-hydroxy-3-methylglutaric	treatment	aciduria
3-deazauridine	treatment	hl-60_myeloid_leukemic
1-methyl-4-phenylpyridine	treatment	parkinsonian
4-nitroquinoline_1_oxide	treatment	lytic_cmv_infection
17-hydroxyprogesterone	treatment	typical_polycystic_ovary_syndrome
25-hydroxyvitamin_d	treatment	tem
1,4-hydrazone	treatment	leukemia
2-bromolysergic_acid_diethylamide	treatment	neurotoxicity
3,4-methylenedioxymethamphetamine	treatment	cannabis
1,2,3,4-tetrahydro-1-acridone	treatment	amyloid-beta_and_tau_aggregation
2,6-dinitrotoluene	treatment	toxicity
5-asa	treatment	iri
4-methylumbelliferone	treatment	mpnst
25-hydroxyvitamin_d	treatment	bladder_cancer
24s-hydroxycholesterol	treatment	neurodegenerative_diseases
18f-fedac	treatment	arthritic_joints
2-hydroxyethyl_methacrylate	treatment	hema
17_alpha_ethinyl_estriol	treatment	tumors
1,25_dihydroxyvitamin_d3	treatment	breast_cancer
3-npa	treatment	toxicity
3h-thymidine	treatment	prostate_tumors
3-pufa	treatment	gbm
25-hydroxyvitamin_d	treatment	sleep_disorders
1242-mg	treatment	glioblastoma
2,6-disubstituted_pyrazines	treatment	nephritis
4-aminopyridine	treatment	hypertensive
4-hydroxycoumarin	treatment	planar_structure
1,3-butanediol	treatment	cerebral_ischemia
18f-fdg	treatment	neuroendocrine_tumors
3-hydroxyacyl-coa	treatment	long-chain_hydroxyacylcarnitines_and_deficiencies
25-hydroxyvitamin_d	treatment	rheumatoid_arthritis
18-fluoro-2-deoxy-d-glucose	treatment	adenocarcinoma
4-cmc	treatment	malignant_hyperthermia
2,6-diformyl-4-methylphenol	treatment	melanoma_cancer
17_beta-estradiol	treatment	ovarian_surface_epithelial
4-hydroxynonenal	treatment	tumor
3-carboethoxy-beta-carboline_hydrochloride	treatment	tremor
4-1bb-fc	treatment	sepsis
2mesamp	treatment	platelet_aggregation
1-beta-d-arabinofuranosylcytosine	treatment	aml
14c-testosterone	treatment	anorexia_nervosa
1,2-dimethyl-3-hydroxypyrid-4-one	treatment	renal_dialysis
25-hydroxyvitamin_d	treatment	dyslipidemia
2-me	treatment	bladder_cancer
3-lysine-27-methionine	treatment	diffuse_midline_gliomas
1,25-dihydroxyvitamin_d3	treatment	calvarial_osteoblasts
5-amino-salicylic_acid	treatment	inflammatory_bowel_disease
3-hk	treatment	chagas_disease
3mga	treatment	liver_fibrosis
5,6-benzoflavone	treatment	cytotoxicity
17-aag	treatment	hl
2-deoxy-d-glucose	treatment	triple-negative_breast_cancer
12-o-tetradecanoyl_phorbol-13-acetate	treatment	excess_lung_tumors
2-acetylaminofluorene	treatment	liver_tumors
2,3-dimethoxy-1,4-naphthoquinone	treatment	necrosis
4-arylidene_curcumin	treatment	cytotoxicity
4-hexylresorcinol	treatment	cancer
4-psq	treatment	ad-like_lesions
5-aminoimidazole-4-carboxamide-1-b-d-ribofuranoside	treatment	hyperphagia
1,25-dihydroxyvitamin-d3	treatment	chronic_renal_failure
123i-mibg	treatment	hepatic_hemangioma
5-aminolevulinic_acid	treatment	nasal_inverted_papilloma
2-deoxyglucose	treatment	seizures
17a-ethinylestradiol	treatment	fry_malformation
1-methyl_4-phenyl_1,2,3,6-tetrahydropyridine	treatment	neurodegeneration
18f-fluorodeoxyglucose	treatment	adrenocortical_adenomas
12-o-tetradecanoyl-phorbol_13-acetate	treatment	hepatoma
3-hydroxyterphenyllin	treatment	ovarian_carcinoma
1o2	treatment	cancer
1-deazaadenosine	treatment	platelet_aggregation
18f-fluorodeoxyglucose	treatment	nsclc
17beta-estradiol	treatment	critical_cardiac_output
2,5-hd	treatment	axonal_neuropathy
15d-pgj	treatment	ocular_inflammation
17b-e	treatment	ts
17b-estradiol	treatment	coronary_heart_disease
400-425g	treatment	head_injury
3-nitrotyrosine	treatment	lacunar_stroke
2-cda	treatment	recalcitrant_disease
1-methyl-4-phenyl-1,2,3,6-tetrahydropyridine	treatment	nigrostriatal_toxicity
4-hydroxy-phenyl-retinamide	treatment	carcinoma
13bhcl	treatment	tumor
18f-fluorodeoxyglucose	treatment	ovarian_cancer
2-butoxyethanol	treatment	acute_hemolytic_anemia
18-fluoro-deoxyglucose	treatment	myeloma
13-cis-retinoic_acid	treatment	rosacea
2-dg	treatment	tumor
5-aminolevulinic_acid	treatment	tumours
15d-pgj2	treatment	arthritis
2-o-phosphorylated_ascorbate-6-o-palmitylester	treatment	tumor
3,4-dap	treatment	lems
2-apb	treatment	testicular_damage
4-nitroquinoline-1-oxide	treatment	escc
3-morpholinosydnonimine	treatment	stretch_injury
2-amino-3h-phenoxazin-3-one	treatment	melanoma
4-pb	treatment	tumour
4-aminopyridine	treatment	ms
13-cis-retinoic_acid	treatment	evolution_of_skeletal_hyperostoses
4-hydroperoxycyclophosphamide	treatment	leukemia
2abi	treatment	infections
2-pag	treatment	breast_and_gastric_cancer
16,16-dimethyl_prostaglandin_e2	treatment	intestinal_lesions
13-cis-retinoic_acid	treatment	short_stature
57co-bleomycin	treatment	lung_cancer
166ho-dotmp	treatment	multiple_myeloma
188re-mag2-rgd-bombesin	treatment	prostate_cancer
3m-052	treatment	cancer
25-hydroxyvitamin_d3	treatment	bmd
5,7-dihydroxy-3,6,8-trimethoxy-2-phenyl-4h-chromen-4-one	treatment	carcinomas_of_the_colon_and_pancreas
3,4-dideoxyglucosone-3-ene	treatment	cytotoxicity
2ccpa	treatment	fibrosis
25-hydroxyvitamin_d	treatment	neuromuscular_diseases
11c-methionine	treatment	glioblastoma
15d-pgj2	treatment	prostate_cancer
4-oh-cpa	treatment	tumor
3-oola	treatment	nsclc
25-hydroxyvitamin_d	treatment	gdm
15-deoxyspergualin	treatment	diabetes
2-hydroxyquinoxaline	treatment	toxicity
3-nitrotyrosine	treatment	pneumonia
4-aminopyridine	treatment	spinal_cord_injury
131i-metaiodobenzylguanidine	treatment	pheochromocytoma
4-chloro-2-butynyl_m-chlorocarbanilate	treatment	toxicity
3-acyl-5-hydroxybenzofuran	treatment	breast_cancer
18alpha-ga	treatment	constriction
2-chloro-n6-cyclopentyladenosine	treatment	ischemia
5-asa	treatment	corticosteroid-resistant_distal_colitis
2,3-benzodiazepine-4-one	treatment	leukemia
2,3-dimercaptopropanol	treatment	gastroduodenal_ulcers
2,4-dichlorophenoxyacetate	treatment	myotonia
2,4,6-trinitrobenzenesulfonic_acid	treatment	inflammation
123i-metaiodobenzylguanidine	treatment	pheochromocytoma
2-amino-7-phosphono_heptanoate	treatment	neurological_syndrome
2-chloroprocaine	treatment	inguinal_hernia
4-hydroxyaminoquinoline-1-oxide	treatment	atypical_acinar_cell_lesions_of_the_pancreas
3-hydroxybutyrate	treatment	ad
25-hydroxyvitamin_d	treatment	cis
3-methyl-cholanthrene	treatment	carcinomas
3npa	treatment	cardiotoxic
17-hydroxycorticosteroid	treatment	thyroid_dysfunction
5-ala	treatment	gastric_cancer
3,4-diaminopyridine	treatment	lambert-eaton_syndrome
51cr-beta-glycerophosphate	treatment	brain_tumor
4-hipa	treatment	decalepis_hamiltonii_roots
4-hydroxyamesergide	treatment	platelet_aggregation
4-methylumbelliferone	treatment	inflammation
5-ala	treatment	carcinoma
17-aag	treatment	heat_shock
3-methylcholanthrene	treatment	primary_tumors
17-ohp	treatment	pcos
23-hta	treatment	renal_damage
2hf	treatment	bc
5,6,7-trinor-4,8-inter-m-phenylene-pgi2	treatment	platelet_aggregation
1,2_dimethylhydrazine	treatment	colorectal_tumours
131i	treatment	pulmonary_aspergilloma
1-sarcosine	treatment	hypertension
131i-6beta-iodomethyl-19-norcholesterol	treatment	adrenal_metastases
18f-fdg	treatment	primary_breast_cancer_lesions
3-o-acetyl-11-keto-b-boswellic_acid	treatment	cancer
2-methoxyestradiol	treatment	myeloma
1,2-dithiole-3-thione	treatment	tumors
1-naphthyl_chlorocarbonate	treatment	necrosis
17-phenyl-omega-trinor-pge2	treatment	cytotoxicity
1_alpha_hydroxycholecalciferol	treatment	renal_osteodystrophy
4-pyridoxic_acid	treatment	bladder_cancer
3b-hydroxysteroid	treatment	dehydrogenase_deficiency
17b-oestradiol	treatment	anoestrous_ewes
3n-butyrate	treatment	colorectal_cancer
2,3,7,8-tetrachlorodibenzo-p-dioxin	treatment	thyroid_dysfunction
11-deoxycorticosterone	treatment	hyperplasia
1alpha-hydroxyvitamin_d2	treatment	tumor
4c	treatment	scd
4-hpr	treatment	all
3,4-dihydroxyphenylacetic_and_homovanillic_acids	treatment	hypothyroidism
3,4-dihydroxybenzylamine	treatment	melanoma
25-hydroxyvitamin_d	treatment	lung_cancer
1,2-dimethylhydrazine	treatment	intestinal_carcinoma
1,1,2-trisubstituted-1h-indenes	treatment	low-valent_nb
1-methylnicotinamide	treatment	brain_failures
2-dg	treatment	brain_injury
5-asa	treatment	inflammatory_bowel_diseases
4alphapdd	treatment	wt
4beta-phorbol_12,13-dibutyrate	treatment	renal_nerve_activity
18f-flt	treatment	pancreatic_cancer
4-fluoroamphetamine	treatment	takotsubo_syndrome
17beta-estradiol	treatment	male_rainbowfish
25-oh_vitamin_d	treatment	diabetic
3-nitropropionic_acid	treatment	startle
4-s-cap	treatment	amelanotic_tumours
4-hydroxynonenal	treatment	ad
1,2-dimethylhydrazine	treatment	preneoplastic_lesions
2,3,7,8-tetrachlorodibenzo-p-dioxin	treatment	intrauterine_fetal_death
22-oxa-1,25-dihydroxyvitamin_d3	treatment	breast_cancer
2,4-dichlorophenoxyacetic_acid	treatment	polyneuropathy
15-epi-lxa4	treatment	chf
3-chloro-1,2-propanediol	treatment	testis_injury
18f-fdg	treatment	non-small_cell_lung_cancer
3-acetylpyridine	treatment	excitotoxic_lesions
4-asa	treatment	ulcerative_colitis
25-hydroxyvitamin_d	treatment	pd
18f-fdg	treatment	subacute_thyroiditis
1-methyl-4-phenylpyridinium	treatment	excitotoxic_lesions
3-mca	treatment	fibrosarcomas
14c-leucine	treatment	bladder_carcinoma
25ohd	treatment	cd
10-oxa-5,8-dideazafolic_acid	treatment	tumor
3h-estradiol	treatment	hypothalamus
18b-glycyrrhetinic_acid	treatment	inflammation
1-deamino_8d-arginine_vasopressin	treatment	hemophilia_a
13-cis-retinoic_acid	treatment	cystic_acne
1,3-dichloropropene	treatment	ms
3-sulfogalactocerebroside	treatment	arsa_deficiency
2-me	treatment	osteosarcoma
5-aminolevulinic_acid	treatment	malignancies
11c-met	treatment	ihcp
13-cis-ra	treatment	malformations
18-hydroxy-corticosterone	treatment	adenoma
1-methyl-4-phenyl-1,2,3,6-tetrahydropyridine	treatment	degeneration_of_tyrosine_hydroxylase
2cda	treatment	gastric_malt_lymphoma
3-methoxytyramine	treatment	neuroblastoma
4-cholesten-3-one	treatment	colon_cancer
18f-fdg	treatment	opscc
17-aag	treatment	lung_adenocarcinoma
2,4,6-trinitrochlorobenzene	treatment	hypersensitivity
18f-2-deoxy-fluoro-d-glucose	treatment	lung_cancer
3,4-methylenedioxymethamphetamine	treatment	damage_to_serotonergic_axons_and_memory_impairment
1,2-nq	treatment	asthma
3-dcrt	treatment	nsclc
5-aminosalicylic_acid	treatment	proctitis
17-beta-estradiol	treatment	osteolytic_lesions
3-hydroxy-3-methylglutaryl_coenzyme_a	treatment	prostate_cancer
17b-estradiol	treatment	cardiac_arrest
2-allyl-2-isopropylacetamide	treatment	hepatic_haem_turnover
1-amino-2-hydroxy-guanidine	treatment	circulatory_failure_and_attenuates_the_dysfunction_of_liver
4-hydroxytamoxifen	treatment	cytotoxicity
3-hydroxy-3-methylglutaryl_coenzyme_a	treatment	hyperlipidemia
5-asa	treatment	crc
1alpha-hydroxyvitamin_d3	treatment	bone_disease
18f-fdg	treatment	lymph_nodes
4-ap	treatment	aps
5,6-dihydroxyindole-2-carboxylic_acid	treatment	melanoma
2-cda	treatment	follicular_lymphomas
27-hydroxycholesterol	treatment	estrogen_receptor_positive_breast_cancer
51cr-edta	treatment	intestinal_diseases
153sm-edtmp	treatment	bone_metastases
2,2,2-trifluoroethanol	treatment	insoluble_aggregates
12-0-tetradecanoylphorbol	treatment	b-pll
4-amino-2-trifluoromethyl-phenyl_retinate	treatment	apl
12-o-tetradecanoylphorbol_13-acetate	treatment	neuroblastoma
11beta-hydroxysteroid	treatment	congenital_adrenal_hyperplasia
2-deoxy-d-glucose	treatment	reducing_neointimal_hyperplasia
20-hete	treatment	hypotension
12-o-tetradecanoyl-phorbol-13-acetate	treatment	protein_kinase_c
111in-rp748	treatment	myocardium
1-ethyl-2-benzimidazolinone	treatment	epileptiform_activity
15n	treatment	dissolved_inorganic_nitrogen
3dcrt	treatment	cancer
2-hydroxyglutarate	treatment	hypoxia
18f-fdg	treatment	fibromatosis
3h-daunorubicin	treatment	myeloma
25-hydroxycholecalciferol	treatment	renal_osteodystrophy
1,2-dimethyl-hydrazine	treatment	colonic_tumors
16-methylene-prednisolone	treatment	premature_labor
2-mercaptopropionylglycine	treatment	mitochondrial_dysfunction
4-nitroquinoline_1-oxide	treatment	development_of_tongue_carcinoma
5-ala	treatment	upper_urinary_tract_urothelial_cancers
4h3mc	treatment	ad
4-hne	treatment	poisoning
1668-thioate	treatment	tlr9-d
25-hydroxyvitamin_d	treatment	myopia
153sm-edtmp	treatment	spontaneous_skeletal_neoplasia
5,10-methylenetetrahydrofolate	treatment	ccc
1.2-dichloropropane	treatment	cholangiocarcinoma
3,7-dimethyl-1-propargylxanthine	treatment	contralateral_rotation
1-nco	treatment	hypoxia
3-oxoglutarate	treatment	cancer
3-vinylazetidin-2-ones	treatment	breast_cancer
1-methyl-4-phenyl-1,2,3,6_tetrahydropyridine	treatment	neurotoxic
18f-fdg	treatment	mucoepidermoid_carcinoma
18f-fdg	treatment	brain_lymphoma
17alpha_methyltestosterone	treatment	anxiety
3-methyl-1-phenyl-2-pyrazolin-5-one	treatment	brain_injury
1,5-ag	treatment	hypoglycemia
3,4-diaminopyridine	treatment	neuromuscular_block
17-beta-estradiol	treatment	postmenopausal_bone_loss
3-bromopyruvate	treatment	liver_cancer
17oh_progesterone	treatment	degree_of_deficiency
546c88	treatment	sepsis
13-cis-retinoic_acid	treatment	myelodysplastic_syndromes
5-aminosalicylate	treatment	cytotoxicity
2,4-d_ester	treatment	toxicity
2-nitroimidazole	treatment	hypoxia
2,3-dhba	treatment	co_poisoning
4-oha	treatment	melanoma
5alpha-pregnan-3alpha-ol-20-one	treatment	ventral_tegmental_area
4-hydroperoxy-cyclophosphamide	treatment	leukemia
17-aag	treatment	nb
13asa	treatment	mcf-7_and_mda-mb-231_breast_cancer
1-tert-butyl-6-cyano-1,2,3,4-tetrahydroquinoline	treatment	intramolecular_charge_transfer
13-acetate	treatment	protein_kinase_c
1-octadecanethiol	treatment	copper_covered
18f-flt	treatment	tumors
2,3,5-triphenyltetrazolium_chloride	treatment	neuron_damage
4-methylumbelliferone	treatment	adhesion
2famp	treatment	astrocytomas
2-chloroprocaine	treatment	labor_analgesia
13-cis-retinoic_acid	treatment	malignancies
1,25-dihydroxy_vitamin_d3	treatment	renal_osteodystrophy
18a-ga	treatment	gingival_overgrowth
27-hydroxycholesterol	treatment	copd
4-aminomethyl-1-benzylpyrrolidine-2-one_hemifumarate	treatment	cognitive_enhancer
2-methyl-4-phenylpentanol	treatment	toxicity
2-cda	treatment	ruptured_aneurysm
4-desmethyl-10,11-didehydroepothilone_d	treatment	tumor
15-hydroperoxyu-eicosatetraenoic_acid	treatment	platelet_aggregation
15-hydroxyeicosatetraenoic_acid	treatment	hypoxia
2,4,5-trichlorophenoxyacetic_acid	treatment	liver_enlargement
15-deoxy-delta-12,14-prostaglandin_j2	treatment	mantle_cell_lymphoma
1,25-dihydroxycholecalciferol	treatment	hip_fracture
3,4-methylenedioxymethamphetamine	treatment	bruxism
2-pam	treatment	depression
3-dhs	treatment	uterine_abnormalities
4-hydroxyestradiol	treatment	tumors
3-month_l-arginine	treatment	necrosis
25-ohd3	treatment	diabetic_periodontitis
3-n-butylphthalide	treatment	brain_damage
1,3-dicyclohexylurea	treatment	hypertensive
5,6-mexaa	treatment	carcinomas
17beta-oestradiol	treatment	mcao
3-o-methylfunicone	treatment	breast_cancer
2-bromoethylamine_hydrobromide	treatment	hypertension
11c-methionine	treatment	intracranial_tuberculomas
18f-fluorocholine	treatment	prostate_cancer
3-methylcrotonyl-coa	treatment	decreased_dissociation
17-hdha	treatment	heat_pain
17-hydroxysteroids	treatment	hypertension
2h	treatment	dependence
17_beta-estradiol	treatment	mca_occlusion
2-cda	treatment	marrow_disease
1-methyl-4-phenyl-1,2,3,6-tetrahidropyridine	treatment	neurotoxicity
123i-tyr3-octreotide	treatment	gep-tumours
1,25-dihydroxycholecalciferol	treatment	hypocalcemia
1-phenyl-2-dimethylamino-ethoxymethyl_tetrazole_hydrochloride	treatment	hypotensive
17-hydroxycorticosteroids	treatment	obesity
2,3,5-triphenyltetrazolium_chloride	treatment	cerebral_damage
1,25-d3	treatment	ra
1-methylsilacyclobutane	treatment	cvd
5-aminolevulinic_acid	treatment	bladder_transitional_cell_cancers
17beta-estradiol	treatment	neurodegenerative_diseases
1,2-dimethylhydrazine_dihydrochloride	treatment	colon_cancer
17dd-yfv	treatment	yellow_fever
3,4-dihydroxy-l-phenylalanine	treatment	neurologic_and_oncologic_diseases
1-alpha-hydroxyvitamin_d3	treatment	malabsorption
5,5-diphenylhydantoin	treatment	epileptics
2-cda	treatment	malignancies
10-edam	treatment	lung_cancer
1-o-alkyl-2-acetyl-sn-glyceryl-3-phosphorylcholine	treatment	fatal_anaphylactoid_reaction
5aris	treatment	bph
1,25-dihydroxyvitamin_d3	treatment	oral_squamous_carcinoma
4-methylbenzenecarbothioamide	treatment	necrosis
1-piperonylpiperazine	treatment	neurotoxicity
2-chlorodeoxyadenosine	treatment	leukaemias
18f-fluorodeoxyglucose	treatment	esophageal_adenocarcinoma
1-hydroxypyrene-2-carbaldehyde	treatment	mp
1-methyl-2-imidazolethiol	treatment	hypothyroid
2-cda	treatment	b-cll
1,6-hexamethylene_diamine	treatment	hdi
17beta-estradiol	treatment	mammary_dysplasia
1,2-dimethylhydrazine_dihydrochloride	treatment	vascular_injury
1-methyl_4-phenyl-1,2,3,6_tetrahydropyridine	treatment	neurotoxicity
4-demethoxydaunorubicin	treatment	non-small_cell_lung_cancer
1-methyl-4-phenyl-1,2,3-6-tetrahydropyridine	treatment	neurotoxic
4-pba	treatment	renal_injury
4-oh-ile	treatment	fse
1,3-butadiene	treatment	toxicity
3-methoxy-4-hydroxyphenylethyleneglycol	treatment	coma
2-deoxy-d-glucose	treatment	ascites_tumor
17beta-estradiol	treatment	infarct
18f-fluorodeoxyglucose	treatment	adhesive_capsulitis
25-hydroxyvitamin_d	treatment	ovarian_cancer
2-pyridine_aldoxime_methochloride	treatment	toxicity
4-vo	treatment	neuronal_damage
4-aminoquinolines	treatment	infections
123i-iomazenil	treatment	hepatic_encephalopathy
5-ala	treatment	urinary_bladder_carcinoma
18f_fluorodeoxyglucose	treatment	infective_endocarditis
12-o-tetradecanoyl-1,2-phorbol_13-acetate	treatment	pkc
25-hydroxyvitamin_d	treatment	skin_diseases
11-deoxycorticosterone	treatment	adrenal_insufficiency
4-bromophenol	treatment	hp
4-phenylbutyrate	treatment	ornithine_transcarbamylase_deficiency
11c-pk11195	treatment	atherosclerosis
2dg	treatment	n-linked_glycosylation
25-hydroxyvitamin_d	treatment	colorectal_liver_metastases
5-aminosalicylic_acid	treatment	thrombocytopenia
18f-fluorodeoxyglucose	treatment	metastases
1,25-dihydroxyvitamin_d3	treatment	osteosarcoma
2-aminoethanesulfonic_acid	treatment	aortic_valve_damage
3,5,6-trichloro-2-pyridinol	treatment	cp
1-desamino-8-d-arginine_vasopressin	treatment	bleeding
1_alpha-hydroxycholecalciferol	treatment	chronic_renal_failure
17beta-estradiol	treatment	endometrial_cancer
4-quinolones	treatment	infections
3-mc	treatment	toxicity
1,2-dimethylhydrazine	treatment	sarcomas
2-deoxyglucose	treatment	scn
1,3-dichloropropene	treatment	ed
3-deazaguanosine	treatment	cytotoxicity
123i-metaiodobenzylguanidine	treatment	kd
3,4-methylenedioxyethamphetamine	treatment	hyperthermia
2,4-dimethoxyphenyl-e-4-arylidene-3-isochromanone	treatment	tumor
18f-fdg	treatment	adenocarcinoma_of_the_urethra
1-alpha-hydroxycholecalciferol	treatment	renal_osteodystrophy
17-ketosteroids	treatment	diabetics
3h-thymidine	treatment	carcinomas
3-ma	treatment	choke_ii
2-sulfanilamido-3-methoxypyridazine	treatment	trachoma
13-cis-retinoic_acid	treatment	acne
17-dmag	treatment	stroke
4-fa	treatment	toxicity
17beta-estradiol	treatment	tension
18f-fluorodeoxyglucose	treatment	non-small_cell_lung_cancer
2,3-dpg	treatment	bleeding
17-beta-estradiol	treatment	cardiomyopathy
1,25-dihydroxyvitamin_d3	treatment	acute_myelogenous_leukemia
2,6-diaminopyridine	treatment	allergic_hand_dermatitis
1-methyl-4-phenyl-1,2,3,6-tetrahydropyridine	treatment	ulcers
11beta-hydroxysteroid	treatment	hypertensive
15c-urea	treatment	helicobacter_pylori_infection
1,3-dichloropropene	treatment	emergency_department
11c-methionine	treatment	tumor
2-methoxyestradiol	treatment	endometrial_cancer_hec-1-a
1-methylcyclopropene	treatment	storage_disorders
17beta-estradiol	treatment	ovarian_tumors
17alpha-hydroxyprogesterone	treatment	congenital_adrenal_hyperplasia
1-methyl-4-phenyl-1,2,3,6-tetrahydropyridine	treatment	parkinson_disease
57co-bleomycetin	treatment	hyperglycemia
3-hydroxy-3-methylglutaryl-coenzyme_a	treatment	rheumatoid_arthritis
17beta-estradiol	treatment	early_vascular_lesion
2-oxa-3-oxocastanospermine	treatment	breast_cancer
3h-25-oxycholecalciferol	treatment	fracture
25-hydroxycholesterol	treatment	muscle_wasting
1,1-dichlorodiphenildichloroethane	treatment	ddd
3h-thymidine	treatment	carcinoma
3-methylindole	treatment	pulmonary_lesions
2-hydroxyglutaric_aciduria	treatment	l-2-hydroxyglutaric_aciduria
17-b-estradiol	treatment	vaginal_atrophy
2-deoxyglucose	treatment	visual-vestibular_stimulation
1-alkenyl-paf	treatment	platelet_aggregation
2-deoxyglucose	treatment	hypoxia
5,10_methylenetetrahydrofolic_acid	treatment	colorectal_cancer
10b1-paraboronophenylalanine-hcl	treatment	melanoma
111in-psma-617	treatment	pca
2,4-dichlorphenoxyacetic_acid	treatment	poisoning
18f-2-fluorodeoxysorbitol	treatment	pituitary_spindle_cell_carcinoma
5,10-ch2fh4	treatment	colon_carcinoma
2-cda	treatment	aiha
16,16-dimethyl_pge2	treatment	ulcer
1,2-dimethylhydrazine	treatment	acf
2,3,5-triphenyltetrazolium	treatment	brain_injury
2-deoxy-d-glucose	treatment	breast_cancer
12-hete	treatment	atopic_dermatitis
4-nitroquinoline-1-oxide	treatment	grape_seed_extract
1-desamino-8-d-arginine_vasopressin	treatment	sickle-cell_anemia
17-dmag	treatment	hepatocellular_carcinoma
1,1,1-trichloroethane	treatment	cardiac_toxicity
2-hydroxyoleic_acid	treatment	anxiety
3bp	treatment	cancer
25-ohd	treatment	obesity
3h-tetracycline	treatment	myocardial_necrosis
17beta-estradiol	treatment	chromosome_aberrations
25-oh-vitamin_d	treatment	ssc
5-3_beta-hydroxysteroid	treatment	ohd
3,2-hydroxybakuchiol	treatment	pheochromocytoma
12-0-tetradecanoylphorbol-13-acetate	treatment	inflammation
3-methoxy-4-hydroxyphenylglycol	treatment	unipolar_depressed
3,4-diaminopyridine	treatment	weakness
1-deamino-8-d-arginine_vasopressin	treatment	von_willebrand_disease
3-hydroxyisovaleric_acid	treatment	metabolic_acidosis
3-aminopyridine-2-carboxaldehyde_thiosemicarbazone	treatment	advanced_cancer
15d-pgj2	treatment	renal_injury
4-methylcatechol	treatment	diabetic_neuropathy
131-iodine	treatment	hyperthyroidism
2-cda	treatment	nhl
2-chlorodeoxyadenosine	treatment	mycosis_fungoides
11b-hydroxysteroid	treatment	diabetes
4-methyl-2,6-di-isobornyl_phenol	treatment	blood_hyperviscosity_syndrome
2-methoxy_isobutyl_isonitrile	treatment	coronary_artery_disease
4-phenoxyquinoline	treatment	cancer
22,23-dihydroxystigmastane	treatment	breast_carcinoma
5-ala	treatment	sebaceous_hyperplasia
4-damp	treatment	withdrawal_syndrome
1-dnj	treatment	dcm
2-acetylaminofluorene	treatment	tumors
2,4,6-trinitrobenzene_sulphonic_acid	treatment	colitis
1,25-dihydroxyvitamin_d3	treatment	uremic
2dg	treatment	tumor
12-0-tetradecanoyl-phorbol-13-acetate	treatment	megakaryoblastic_leukemia
1-butyl-3-methylimidazolium_salicylate	treatment	abs
3-np	treatment	motor_impairment
1-indanone	treatment	cytotoxicity
3,5-t2	treatment	hypothyroidism
5-ala	treatment	colon_cancer
129cs	treatment	myocardial_hypoxia
1-benzyl-1,2,3,4-tetrahydroisoquinoline	treatment	parkinsonian_syndrome
25-ohd	treatment	mimt
1,2-dimethylhydrazine	treatment	gastric_tumor
14c-acetate	treatment	atherosclerotic
4-hne	treatment	toxicity
4-hydroxypyrazole	treatment	cytotoxicity
5alpha-dihydrotestosterone	treatment	breast_cancer
1,25-dihydroxyvitamin_d	treatment	hyperprolactinemia
3-methylcholanthrene	treatment	cirrhosis
1,25-dihydroxyvitamin_d	treatment	acromegaly
2-thiazolylethylamine	treatment	seizure
2-chloroprocaine	treatment	epidural_block
3,4-methylenedioxymethamphetamine	treatment	hyperthermia
1-b-d-arabinofuranosylcytosine	treatment	acute_myelogenous_leukemia
1-methyl-4-phenyl-1,2,3,6-tetrahydropyridine	treatment	attenuated_dopaminergic_neurodegeneration
25ohd	treatment	nvamd
13-methyl-palmatrubine	treatment	cancer
2-mx	treatment	edema
3-aminopropylsiloxane	treatment	aps
153sm-edtmp	treatment	painful_skeletal_metastases
1-methyl-4-phenylpyridinium	treatment	dopaminergic_neurite_degeneration
25-hydroxyvitamin_d	treatment	phpt
2-dg	treatment	seizures
1-palmitoyl-2-oleoyl-sn-glycero-3-phosphocholine	treatment	cognitive_decline
2,3-dimercaptosuccinic_acids	treatment	lead_poisoning
18f-fdg	treatment	heterotopic_pancreatitis
13,14-dihydro-15-keto_prostaglandin_f2_alpha	treatment	lung_cancer
10-edam	treatment	nsclc
1bntiq	treatment	neurotoxicity
3,4-methylenedioxymethamphetamine	treatment	neurotoxic
21-aminosteroid_u-74006f	treatment	cerebral_oedema
4,5-diarylisoxazoles	treatment	cancer
4-mercaptoimidazole	treatment	mi
3-slp	treatment	cm
1_alpha-hydroxycholecalciferol	treatment	php
2-chlorodeoxyadenosine	treatment	cll
18f-fdg	treatment	lhermitte-duclos_disease
15-deoxy-delta-12,14-prostaglandin_j2	treatment	asthma
3-pehpc	treatment	myeloma
2_bd	treatment	bd
17-aag	treatment	mastocytosis
1,2-dimethylthdrazine	treatment	vascular_neoplasms
2,3,5-triphenyl-2h-tetrazolium_chloride	treatment	cerebral_infarct_volume
111indium-dtpa	treatment	leptomeningeal_metastases
2,3,7,8-tetrachlorodibenzo-p-dioxin	treatment	hepatoma
3-ma	treatment	ptc
3h-leucine	treatment	alloxan_diabetes
1-palmitoyl-2-linoleoyl-3-acetylglycerol	treatment	memory_impairment
131i-metaiodobenzylguanidine	treatment	neuroblastoma
11-amino-1-undecanethiol	treatment	sams
5,10_methylenetetrahydrofolic_acid	treatment	breast_cancer
15d-pgj2	treatment	ap
18-fluorodeoxyglucose	treatment	b-cell_lymphoma
4-hpr	treatment	bladder_cancer
2-hexylcyclopentanone	treatment	toxicity
1,25-dihydroxyvitamin_d3	treatment	liver_cancers
15-hetre-dag	treatment	pkc
3-hydroxybutyrate	treatment	ketonuria
25-hydroxyvitamin_d3	treatment	type
5-aminolaevulinic_acid	treatment	skin_diseases
13c-nds	treatment	dm
4-pba	treatment	ers
25-hydroxyvitamin_d	treatment	inflammatory_bowel_diseases
17-aag	treatment	tumor
5-aminosalicylic_acid	treatment	ibd
2-chloroadenosine	treatment	ado
15-hete	treatment	atopic_asthma
17-aag	treatment	toxicity
3-aminobenzamide	treatment	spinal_cord_injury
5-aminosalicylate	treatment	inflammatory_bowel_disease
2-acetylaminofluorene	treatment	acute_damage
13n-ammonia_and_18f-fdg	treatment	ami
1-oleoyl-acetyl-sn-glycerol	treatment	protein_kinase_c
3-hydroxybutyrate	treatment	type
2-mercaptoethanesulfonate	treatment	tumor
3,4-methylenedioxymethamphetamine	treatment	seizure
4-phenylbutyrate	treatment	byler_disease
11-ocs	treatment	traumatic_shock
12-o-tetradecanoyl-phorbol-13-acetate	treatment	epidermal_hyperplasia
25-hydroxyvitamin_d	treatment	compensatory_hyperparathyroidism
2-deoxy-d-glucose	treatment	mi
2-heptylcyclopentanone	treatment	toxicity
5-aminolevulinic_acid	treatment	skin_lesions
5-aminosalicylic_acid	treatment	colon_cancer
18f-fdg	treatment	aortic_aneurysms
2-cda	treatment	lymphocytopenia
2,3,7,8-tetrachlorodibenzo-p-dioxin	treatment	toxicity
186re-hedp	treatment	painful_bone_metastases
1-sar-8-ile-angiotensin_ii	treatment	hypertension
4-hydroxynonenal	treatment	malaria_anemia
19-noraldosterone	treatment	hypertensive
18fdg	treatment	erdheim-chester_disease
5-aminolevulinic_acid	treatment	toxicity
1a,25-hydroxycholecalciferol	treatment	aml
18-hydroxy-deoxycorticosterone	treatment	hypertension
18f-dopa	treatment	brain_tumor
20-hydroxyeicosatetraeonic_acid	treatment	hypertension
2,4,6-trinitrobenzene_sulfonic	treatment	visceral_hypersensitivity
2-dg	treatment	gastric_lesions
2-o-tetradecanoylphorbol_13-acetate	treatment	pkc
1-methyl-3-nitro-1-nitrosoguanidine	treatment	gastric_cancer
2,3-butanedione_2-monoxime	treatment	tension
3h-imipramine	treatment	depressed
2-deoxy-d-glucose	treatment	cancer
2-oa	treatment	hcv_infection
5-aminosalicylic_acid	treatment	vascular_injury
13-cis-retinoic_acid	treatment	heterotopic_ossification
2-nitroimidazole	treatment	tumors
20-methylcholanthrene	treatment	amyloidosis
2,4-diaminoazobenzene-n4-sulfanilamide	treatment	erythrolytic_nephrosis
123i-bmipp	treatment	mitochondrial_myopathy
2,3-diphosphoglycerate	treatment	anemia
2-me	treatment	cytotoxicity
13,14-dihydro-15-keto-pge2	treatment	dka
1-beta-d-arabinofuranosylcytosine	treatment	tumors
4-np	treatment	liver_injury
2-eha	treatment	sbcadd
2-mercaptopropionylglycine	treatment	hepatitis
1,6-diene	treatment	rcm
4-nitroquinoline_1-oxide	treatment	chromosome_aberrations
131cscl	treatment	detection_of_breast_disease
3b-hydroxysteroid	treatment	breast_cancer
2-me	treatment	vascular_malformations
3-hydroxy-3-methylglutaryl_coenzyme_a	treatment	memory_loss
3h-thymidine	treatment	vesicular_stomatitis
1,3-d	treatment	liver_carcinogenesis
1-methyl-4-phenyl-1,2,3,6-tetrahydropyridine	treatment	neurotoxins
5,7-dihydroxy-3,6,8-trimethoxy-2-phenyl-4h-chromen-4-one	treatment	carcinomas
1,1-diphenyl-2-picrylhydrazyl	treatment	antioxidant_activity
17dv	treatment	hiv-infected
25-hydroxycholesterol	treatment	hepatoma
1alpha-hydroxyvitamin_d3	treatment	chronic_renal_failure
2,4-di-diethylamino-ethoxydesoxybenzoine_sulfate	treatment	schistosomiasis
18f-fluorodeoxyglucose-pet	treatment	cancer
3-o-acetyloleanolic_acid	treatment	colon_carcinoma
25oh-vitamin_d3	treatment	imt
2-mercaptopropionylglycine	treatment	cystinuria
2-methoxy-p-phenylenediamine	treatment	necrosis
12-methyltridecanal	treatment	oavs
18f-fdg	treatment	vascular_inflammation
17beta-estradiol	treatment	cerebral_ischemia
2,4,6-trinitrobenzene_sulfonic_acid	treatment	uc
25-hydroxycholecalciferol	treatment	deficiency_rickets
125-iodine	treatment	hypothyroidism
2-cda	treatment	neutropenia
18f-fluorodeoxyglucose	treatment	gestational_trophoblastic_tumours
2-hydrazino-4,6-dimethylpyrimidine	treatment	glial_dysfunction
4beta-phorbol_ester_12,13-dibutyrate	treatment	pkc
17-alpha_hydroxyprogesterone_caproate	treatment	obese
12139c	treatment	lung_cancer
2-dg	treatment	aml
3h-spiroperidol	treatment	kd
2-mercaptoethane_sulfonate	treatment	bladder_tumorigenesis
5-ala	treatment	skin_cancer
1,4-dichlorobenzene	treatment	nephropathy
1-beta-d-arabinofuranosylcytosine	treatment	monocytic_leukemia
25-hydroxyvitamin_d	treatment	cad
3-brpa	treatment	toxicities
2-dimethylamino-4,5,6,7-tetrabromobenzimidazole	treatment	adrenocortical_cancer
3,4-dge	treatment	peritoneal_dialysis
4-hydroperoxycyclophosphamide	treatment	neoplastic_meningitis
17-dmag	treatment	td
17-beta-estradiol	treatment	adenocarcinoma_of_the_prostate
12-o-tetra-decanoylphorbol-13-acetate	treatment	leukemia
5-ala	treatment	pre-cancers
5-aminosalicylates	treatment	uc
27ohc	treatment	chd
3-methylcholanthrene	treatment	sarcoma
3,4-dhap	treatment	atherosclerotic_lesions
4-aminopyridine	treatment	hippocampal-entorhinal_cortex_slices
1-methyl-4-phenylpyridinium	treatment	neuroblastoma
19-nor-deoxycorticosterone	treatment	hypertension
23-hydroxybetulinic_acid	treatment	cancer
4-hydroperoxycyclophosphamide	treatment	acute_myelogenous_leukemia
15-f2t-isop	treatment	oxidative_stress
2,3,5,6-tetramethylpyrazine	treatment	glioma
1,25-hydroxyvitamin_d	treatment	chronic_renal_failure
3,4-diaminopyridine	treatment	lambert-eaton_myasthenic_syndrome
5-asa	treatment	allergic_rashes
24s-ohc	treatment	neurodegenerative_diseases
3-aminobenzamide	treatment	local_inflammation
25-oh_d3	treatment	chronic_liver_disease
4-diethylaminobenzal-dehyde	treatment	ra
5-aminosalicylic_acid	treatment	distal_colitis
2,4-dinitrofluorobenzene	treatment	contact_hypersensitivity
5/9	treatment	carcinomas
27-hc	treatment	cm
1,4-gl	treatment	skin_carcinogenesis
3,4-dihydroxybenzylamine	treatment	b16_melanoma
2-methylpropylene_diol	treatment	rigidity
1-methyl-4-phenylpyridinium	treatment	parkinsonism
1,25-dhcc	treatment	primary_hyperparathyroidism
3,5-dibromosalicylaldehyde	treatment	tbi
3-r-pod	treatment	colonic_tumor
3-methylsulphonyl-dde	treatment	ddd
18f-fluorodeoxyglucose_positron	treatment	pulmonary_lesions
2-demethoxycarbonyl-2-ethoxycarbonyl-11-deoxymisoprostol	treatment	hepatitis
25-hydroxyvitamin_d	treatment	sepsis
1-mt	treatment	he
18f-fdg	treatment	skin_lesions
3h-thymidine	treatment	mammary_carcinoma
2-cyanaziridines	treatment	sarcoma
17-aag	treatment	ad
13-methoxy-15-oxozoapatlin	treatment	astrocytoma
14-deacetyleurylene	treatment	lung_cancer
1,4,5,8-naphthalene_diimide	treatment	ndi
4-aminopyridine	treatment	malignant_hyperthermia
3-hydroxyisobutyric_aciduria	treatment	brain_damage
18f-fdg	treatment	tumor
1-bp	treatment	peripheral_neuropathy
11beta-hydroxysteroid	treatment	cortisone_reductase_deficiency
3-methoxy-4-hydroxymandelic_acid	treatment	blood_loss
5-aminolevulinic_acid	treatment	sebaceous_gland_hyperplasia
4-aminobutyric_acid	treatment	metabolic_disorder
4-o-methylhonokiol	treatment	cancer
3,4-dap	treatment	fast-channel_cms
3-ma	treatment	hypopharynx_cancer
2-pebp	treatment	high-turnover_osteopenia
21-aminosteroid_u74006f	treatment	cerebral_hypoperfusion
2-brhda	treatment	eosinophils
18-oxocortisol	treatment	bilateral_hyperaldosteronism
15-methyl_prostaglandin_f2_alpha	treatment	blood_loss
3f-pcc	treatment	vte
17b-estradiol	treatment	isolated_preeclampsia
3-aipta	treatment	necrosis
4mp	treatment	overdose
1,3-dioxoindan-2-carboxylic_acid_arylamides	treatment	cancer
2-cda	treatment	leucopenia
5-ala	treatment	vulvar_intraepithelial_neoplasia
2hg	treatment	glioblastoma
25ohd	treatment	pws
2,3,7,8-tetrachlorodibenzo-p-dioxin	treatment	cleft_palate
3-hydroxy-3-methylglutaryl_coenzyme_a	treatment	cardiovascular_disease
1-methyl-4-phenyl-1,2,3,6-tetrahydropyridine	treatment	wt
3h-thymidine	treatment	bipolar_cells
4-hpr	treatment	cin-2
4-psq	treatment	ad
17-aag	treatment	gliomas
3-hydroxykynurenine	treatment	hd
1,2,6-tri-o-galloyl-beta-d-glucopyranose	treatment	human_immunodeficiency_virus
5-aminosalicylates	treatment	inflammatory_bowel_disease
11beta-ohd	treatment	inherited_disease
2-deoxyglucose	treatment	tumors
11-mercaptoundecanoic_acid	treatment	self-assembled_monolayers
3-hexylsulfanyl-pyrazin-2-yloxy	treatment	chronic_pain
4-ap	treatment	sci
2,4-dinitrochlorobenzene	treatment	hypersensitivity
4-hydroxy-5,7-dimethoxycoumarin	treatment	cancer
1-beta-d-arabinofuranosylcytosine	treatment	breast_cancer
3sd	treatment	head_circumference
17-ketosteroid	treatment	genital_carcinoma
4-chloro-7-nitrobenzo-2-oxa-1,3-diazole	treatment	post-column_derivatization
18b-glycyrrhetinic_acid	treatment	intestinal_injury
4-hydroxy-2,2,6,6-tetramethylpiperidene-1-oxyl	treatment	cytotoxicity
2-chlorodeoxyadenosine	treatment	sah
4-aroyl-1,5-disubstituted-3-hydroxy-2h-pyrrol-2-one	treatment	hts
2-amino-2-methyl-1-tetralone	treatment	depressed_spontaneous_locomotor_activity
3_beta-hydroxysteroid	treatment	ddd
5-aminolevulinic_acid	treatment	gliomas
2-acetylaminofluorene	treatment	cancer
1,1-dichloroethylene	treatment	pulmonary_injury
239puo2	treatment	proliferative_pulmonary_lesions
2-ohe2	treatment	tumor
17a-hydroxyprogesterone_caproate	treatment	preeclampsia
17-ohpc	treatment	shortening
2-hg	treatment	brain_neoplasms
5-ala	treatment	hcc
3h-thymidine	treatment	labelling_index
2-deoxyglucose	treatment	sarcoma
4-mp	treatment	overdose
1,1-difluoroethane	treatment	acute_skeletal_fluorosis
1,25-dihydroxyvitamin_d	treatment	colorectal_tumours
17b-estradiol	treatment	lung_injury
3-amino-1,2,4-benzotriazine_1,4-dioxide	treatment	tumors
12-o-tetradecanoylphorbol-13-acetate	treatment	pkc
4-guanidinomethylbenzoic_acid_arylamides	treatment	gastric_lesions
17-ketosteroids	treatment	hypertension
25-oh-vd3	treatment	sle
5,6_dht	treatment	cytotoxicity
5-ala	treatment	meningiomas
21-ohd	treatment	cah
2-chloroadenosine	treatment	platelet_aggregation
2-methoxyestradiol	treatment	osteosarcoma
1-desamino-8-d-arginine_vasopressin	treatment	ndi
17beta-estradiol	treatment	atrophy_of_uterus
13-cis-ra	treatment	lymphomas_of_t-lineage
1alpha-hydroxycholecalciferol	treatment	osteoporotic
2-hexadecenal	treatment	c6_glioma
25-hydroxyvitamin_d2	treatment	melanoma
4-oxo_ra	treatment	retinoic_acid
2-arachidonoylglycerol	treatment	infarct-side_coronary_artery_and_radial_artery
3-o-methylfunicone	treatment	fungal_strain
4-hydroxy-3-nitro-2-quinolones	treatment	allergic_reactions
2-pmpa	treatment	allodynia
11-cis-retinal	treatment	se
2h-chromen-2-one	treatment	cooperia_punctata
2-dg	treatment	hyperphagia
2-cda	treatment	ils
2-thiouracil	treatment	malignant_melanomas
2-aaf	treatment	liver_cancer
3-methylcholanthrene	treatment	carcinoma
3-nitrotyrosine	treatment	toxicity
19-nortestosterone	treatment	azoospermia
5-aminolevulinic_acid	treatment	superficial_bladder_cancer
14-c-tryptamine	treatment	schizophrenic
24oh-ce	treatment	mci
17-hydroxyprogesterone	treatment	af
177lu-dota-tate	treatment	tumors
17b-estradiol	treatment	hypotension
4-aminopyridine	treatment	tonic-clonic_and_electrographic_seizures
1-deoxysphinganine	treatment	gsdi
25-ohd	treatment	cancer
2,2,5-trimethyl-5-pentylcyclopentanone	treatment	toxicity
17beta-estradiol	treatment	postischemic_microvascular_damage
5,12-dimethylchrysene	treatment	tumor
2,4-dichlorophenoxyactic_acid	treatment	ses
1,3-cyclohexadiene	treatment	chd
4-methyl_pyrazole	treatment	adh
3,5-t2	treatment	obesity
20,25_diazacholesterol	treatment	myotonia
25-hydroxyvitamin_d	treatment	scfe
25-hydroxycholecalciferol	treatment	tuberculosis
14c-permethrin	treatment	fabric_occlusion
2-cda	treatment	cml
25-hydroxy-vitamin_d	treatment	pd
5-aminolevulinic_acid	treatment	bile_duct_cancer
4-demethoxydaunorubicin	treatment	hepatoma
18f-fluorodeoxyglucose	treatment	pancreatic_carcinoma
1-methyl-4-phenyl-1,2,5,6-tetrahydropyridine	treatment	parkinsonism
5-aminolaevlinic_acid_methylester	treatment	actinic_keratosis
11-deoxycortisol	treatment	adrenocortical_hyperfunction
4-pba	treatment	sap
1,25-dihydroxyvitamin_d	treatment	chronic_renal_insufficiency
4-hc	treatment	cll
1-methiq	treatment	mes
17b-estradiol	treatment	brain_injury
18f-fluoride	treatment	coronary_atherosclerotic_plaque
4-hydroxy-2-nonenal	treatment	osteosarcoma
2,7-dichlorofluorescein_diacetate	treatment	reactive_oxygen_species_production
25-oh_vitamin_d	treatment	tad
4-aminoquinoline	treatment	atherosclerosis
3,4-diaminopyridine	treatment	small_cell_lung_cancer
17beta-estradiol	treatment	neuroblastoma
12-o-tetradecanoylphorbol-13-acetate	treatment	ebv
5-ala	treatment	tumour
3c-pitc	treatment	hypersensitivity
12-o-tetradecanoly_phorbol-13-acetate	treatment	skin_tumors
25-hydroxycholecalciferol	treatment	alcoholic
1-methylxanthine	treatment	neurotoxicity
4-chlorodiphenyl_ether	treatment	endometriosis
11beta-hydroxysteroid	treatment	obesity
1,1,1,3,3-pentafluoropropane	treatment	toxicity
51cr-edta	treatment	pulmonary_sarcoidosis
2,3,7,8-tetrachlorodibenzo-p-dioxin	treatment	endometriosis
2-deoxy-d-glucose	treatment	all
4-demethoxydaunorubicin	treatment	tumor
1,2-dimethylhydrazine	treatment	carcinogenesis
177lu-octreotate	treatment	hematological_toxicity
2-chloroprocaine	treatment	neurotoxicity
1,5-isoquinelinediol	treatment	renal_impairment
4-hydroxynonenal	treatment	aging
1-desamino-8-d-arginine_vasopressin	treatment	hemorrhage
17beta-estradiol	treatment	carcinomas
123i-metaiodobenzylguanidine	treatment	lewy_body_disease
4-bpre	treatment	ra
3-nitropropionic_acid	treatment	neurological_deterioration
17beta-estradiol	treatment	pituitary_tumors
17b-estradiol	treatment	genetic_determinants
1,5-anhydro-d-fructose	treatment	af
17beta-estradiol	treatment	breast_cancer
1-methyl-4-phenyl-1,2,3,6-tetrahydropyridine	treatment	death_of_brain_dopaminergic_neurons
4-hpr	treatment	ovarian_cancer
25-hydroxyvitamin_d	treatment	arthritis
1-bromopropane	treatment	neurotoxicity
4-hydroxyaminoquinoline_1-oxide	treatment	pancreatic_carcinoma
18f-fdg	treatment	gliomas
2-chloroadenosine	treatment	seizures
1,25-dihydroxyvitamin_d3	treatment	experimental_autoimmune_encephalomyelitis
2-deoxy-d-glucose	treatment	hyperglycemic
2q33-q34	treatment	breast_cancer
2,4,5-t	treatment	toxicity
4-dimethylaminoazobenzene	treatment	hyperplastic_nodules
1,25-dihydroxycholecalciferol	treatment	postmenopausal_osteoporosis
3h-thymidine	treatment	yoshida_ascites_tumor
13-cra	treatment	renal_cell_carcinoma
4-pba	treatment	myocardial_interstitial_fibrosis
1-amino-4-phenyl-1,2,3,6-tetrahydropyridine	treatment	cytotoxicity
2,3-dimercaptosuccinic_acid	treatment	poisoning
2,4-dichlorophenoxy_acetic_acid	treatment	toxicities
2-cpr	treatment	colon_tumors
4-hne	treatment	metabolic_diseases
4,7-dihydroxycoumarin	treatment	cancer
3-methylcholanthrene	treatment	cd
2-deoxyglucose	treatment	accessory_optic_system
18f-fdg	treatment	anti-glomerular_basement_membrane_disease
1-deamino-8-d-arginine_vasopressin	treatment	chronic_renal_failure
3,4-dihydroxyacetophenone	treatment	intrauterine_growth_retardation
13-cis-retinoic_acid	treatment	basal_cell_nevus_syndrome
1,25-dihydroxyvitamin_d3	treatment	colorectal_carcinoma
4-aminoquinoline	treatment	ocular_toxicity
4-epirubicin	treatment	breast_cancer
24,25-dihydroxyvitamin_d	treatment	bone_disease
4-hydroperoxy_ifosfamide	treatment	cancer
2-sec-butylphenyl_methylcarbamate	treatment	toxicity
2,4-dinitrothiocyanobenzene	treatment	hyporesponsiveness
5-aminosalicylic_acid	treatment	hepatotoxicity
25-hydroxyvitamin_d	treatment	allergic_rhinitis
4-o-methyl-pma	treatment	pkc
2-cyano-3,12-dioxoolean-1,9-dien-28-oic_acid	treatment	colon_cancer
18f-fluorodeoxyglucose	treatment	tumor
3-ma	treatment	huvecs
1-palmitoyl-lysophosphatidylcholine	treatment	ischemia
125iodine	treatment	carcinoma_of_the_prostate
5-aminosalicylic_acid	treatment	tumour
2,4-dinitrophenyl	treatment	hepatitis_b
3-deazaneplanocin_a	treatment	cancer
123i-orthoiodohippurate	treatment	renal_diseases
5-aminolevulinic_acid	treatment	gastric_cancer
25ohd	treatment	empyema_thoracis
13-cis-retinoic_acid	treatment	dermatologic_disorders
17-oh_progesterone	treatment	congenital_adrenal_hyperplasia
3-aryl-2-propenoates	treatment	cytotoxicity
2-deoxy-d-galactose	treatment	liver_injury
17-amino_acid_peptide	treatment	toxicity
25-hydroxy_vitamin_d	treatment	cancer
2-hdp	treatment	diabetes
17-dmag	treatment	tumors
3-npa	treatment	impaired_glucose_metabolism
14c-acetaminophen	treatment	nephropathy
25ohd	treatment	gdm
1,25-dihydroxyvitamin_d3	treatment	vd
12-o-tetradecaoylphorbol-13-acetate	treatment	protein_kinase_c
2-methoxyestradiol	treatment	ovarian_cancer
3-ctv	treatment	neuroblastoma
18f-fdg	treatment	stage_i_neuroblastoma
25-hydroxyvitamin_d	treatment	psychiatric
1,3-dipropyl-8-sulfophenylxanthine	treatment	hypertension
4-np	treatment	malformations
18f-fdg	treatment	adrenal_cryptococcosis
3-beta-hydroxy-5-cholenic_acid	treatment	cholestasis
17-ks	treatment	syd
131i-metaiodobenzylguanidine	treatment	leukemia
5-aminolevulinic_acid	treatment	methicillin-resistant_staphylococcus_aureus
3-aminopyridine-2-carboxaldehyde_thiosemicarbazone	treatment	pel
5-aminolaevulinic_acid	treatment	photodynamic_therapy
2-chlorodeoxyadenosine	treatment	idiopathic_hypereosinophilic_syndrome
1,1,1-trichloroethane	treatment	poisoning
5-aminosalicylic_acid	treatment	pyoderma_gangrenosum
17-hydroxysteroid	treatment	bronchial_asthma
2-furfural	treatment	hd
2,4-d	treatment	kidney_slices
3-hydroxy-3-methylglutaryl-coenzyme_a	treatment	chronic_heart_failure
13-cis-retinoic_acid	treatment	neuroblastoma
3_pufas	treatment	sudden_death
3-hydroxy-3-ethylglutaric_acid	treatment	propionic_acidaemia
3-hydroxy-3-methylglutaryl-coa	treatment	ketothiolase_deficiency
2-chlorodeoxyadenosine	treatment	hematologic_malignancies
1-hexylcarbamoyl-5-fluorouracil	treatment	hepatocellular_carcinoma
1,6-diphosphate	treatment	ischemic
5-ala	treatment	photodynamic_diagnosis
2-dg	treatment	endoplasmic_reticulum_stress
18f-thk5351	treatment	dementia
1,2-dithiole-3-thiones	treatment	reverse_transcriptase
2-chlorodeoxyadenosine	treatment	hairy_cell_leukaemia
4-aminoquinolines_chloroquine	treatment	rheumatoid_arthritis
18f-fdg	treatment	ovarian_teratomas
17-ajb	treatment	tumor
5-aminosalicylic_acid	treatment	rheumatoid_arthritis
17beta-estradiol	treatment	cd
18f-dopa	treatment	venous_anomalies
1,4-naphthoquinones	treatment	cancer
1,3-propanediol	treatment	klebsiella_pneumoniae_hsl4
25-hydroxyvitamin_d	treatment	carotid_imt
25-oh_d	treatment	psc
4-azido-2-nitrophenyluridylylpyrophosphate	treatment	gt
25-oh-d3	treatment	juvenile_rheumatoid_arthritis
3-brpa	treatment	hepatocellular_carcinoma
17-ohp-c	treatment	miscarriages
1-carbon	treatment	depression
5,6-dimethylxanthenone-4-acetic_acid	treatment	tumour
25-hydroxyvitamin_d	treatment	pca
4-trifluoromethyl-7-hydroxy-3,3-dimethylindolinyl_analogue_4	treatment	arterial_thrombosis
18f-fdg	treatment	gastric_tumor
19-deoxyicetexone	treatment	toxicity
17beta-estradiol	treatment	hypertrophy
12-o-tetradecanoylphorbol-13-acetate	treatment	hepatoma
3-alpha-methyl-digitoxigenin_glucoside	treatment	acute_cardiac_insufficiency
2-chlorodeoxyadenosine	treatment	macroglobulinemia
3-iodothyronamine	treatment	pcos
13c-phenylalanine	treatment	schizophrenia
1-methyl-4-phenylpyridinium	treatment	neurotoxicity
5-aminosalicylate	treatment	ulcerative_proctitis
3,5-dimethoxy-4-hydroxybenzoic_acid	treatment	sickle_cell_disease
12-deoxyphorbol_13-esters	treatment	tumor
4-hydroperoxycyclophosphamide	treatment	cytotoxicity
2,2-azinobis3-ethylbenzo-thiazoline-6-sulphonic_acid	treatment	ah
1-deoxynojirimycin	treatment	nash
2-chlorodeoxyadenosine	treatment	tumor
4-methylumbelliferone	treatment	hyaluronan_synthesis_and_retards_cancer
2,3-butanedione_monoxime	treatment	characteristic_dysfunction
4-methylthiobenzoic_acid	treatment	ototoxicity
2,4-dichlorophenol	treatment	genetic_algorithm
3-methyl-1-phenyl-2-pyrazolin-5-one	treatment	sad
4-methylcatechol	treatment	diabetic
17beta-estradiol	treatment	lung_carcinoma
1-deoxysphingoid	treatment	brown_alga_xiphophora_chondrophylla
22-oxacalcitriol	treatment	osteosarcoma
18f-fdg	treatment	mantle-cell_lymphoma
2,4,6-trinitrobenzene_sulfonic_acid	treatment	colitis
1-b-d-arabinofuranosylcytosine	treatment	acute_and_chronic_myeloblastic_leukemias
2-pentanone	treatment	colon_cancer
3-hm	treatment	behavioral_damage
13-cis-retinoic_acid	treatment	ki-1_lymphoma
12-o-tetradecanoylphorbol-13-acetate	treatment	tumor
2-mercaptoethanol	treatment	tumor
18f-fdg	treatment	hepatic_malt
2-ndhsa	treatment	ndps
15d-pgj2	treatment	acute_pancreatitis
18f-bpa	treatment	head_and_neck
13-cra	treatment	gbm
2-buten-4-olide	treatment	experimental_allergic_encephalomyelitis
4-hydroxycyclophosphamide	treatment	toxicity
4sc-202	treatment	ctcl
13-cis-retinoic_acid	treatment	squamous_cell_lung_cancer
4-oha	treatment	breast_cancer
3-hpaba	treatment	cross_immunological_reactions
28-o-propynoylbetulin	treatment	melanoma
5-aminosalicylic_acid	treatment	bowel_disease
5-asa	treatment	ulcerative_colitis
5-aminoisoquinolinone	treatment	renal_injury_and_dysfunction
1-methyl-2-mercaptoimidazole	treatment	agranulocytosis
4-methylumbelliferyl_glucoside	treatment	glucosidase_ii_activity
2,3,6-triaminopyridine	treatment	muscle_necrosis
17a-estradiol	treatment	tumor
21-ohd	treatment	adenoma
5-aminolevulinic_acid	treatment	facial_flat_wart
1,25-dihydroxy-vitamin_d3	treatment	multibacillary_leprosy
12-o-tetradecanoylphorbol_13-acetate	treatment	irritant_contact_dermatitis
2-hydroxyoleic_acid	treatment	glioblastoma_multiforme
2hg	treatment	cancers
2-vo	treatment	vad
2-dg	treatment	pancreatic_cancer
1,6-diphenyl-1,3,5-hexatriene	treatment	rigidity
17b-estradiol	treatment	deterioration_of_vascular_complications
3-mercaptopropionic_acid	treatment	mp
12-o-tetradecanoyl-phorbol-13-acetate	treatment	adenovirus_type_5-infected
2,3,7,8-tetrachlorodibenzo-p-dioxin	treatment	gestation_day
2-deoxy-d-glucose	treatment	hyperthermia
4-chloro-19-nortestosterone_acetate	treatment	dystrophy
4-chloro-m-cresol	treatment	mh
2-bromopalmitoyl-coa	treatment	cpt
17-hydroxyprogesterone	treatment	cah
10-substituted_1,6-diazaphenothizines	treatment	melanoma_c-32_and_breast_cancer
2,5-dihydroxybenzoic_acid	treatment	maldi-tof-ms
2-cda	treatment	hes
4-hydroxyandrostenedione	treatment	tumor
3-hydroxy-3-methylglutaryl_coenzyme_a	treatment	hypercholesterolemia
25-oh-d	treatment	myocardial_infarction
17-aag	treatment	aml
18f-fdg	treatment	sp
2-dodecyl-6-methoxycyclohexa-2,5-diene-1,4-dione	treatment	carambola_l
3-chloromethylthiochromone-1,1-dioxide	treatment	tumor
1,3-butadiene	treatment	leukemia
2-me	treatment	reactive_oxygen_species
123i-imp	treatment	intracranial_tumors
4f-pcc	treatment	cf-lvad
3alpha-dihydrocadambine	treatment	hypotensive
123i-15-iodophenyl_3-methyl_pentadecanoic_acid	treatment	myocardial_injury
3-mercaptopropionic_acid	treatment	cerebellar_in
2-mercaptoethanol	treatment	brucellosis
2-methylthio_atp	treatment	hel
10-mdp	treatment	cervical_lesions
18-hydroxycorticosterone	treatment	adenomas
18f-fdg	treatment	gallbladder_adenocarcinoma
17beta-estradiol	treatment	sci
2-nitroso-n-arylanilines	treatment	melanoma
3-dbp	treatment	melanoma
1,4-disubstituted-1,2,3-triazole	treatment	glioblastoma
1-methyl-4-phenyl-1,2,3,6-tetrahydropyridine	treatment	cerebral_ischemia
18fdg	treatment	bone_lesions
125i-iothalamate	treatment	incomplete_bladder_emptying
18f-fluoro-deoxyglucose	treatment	rt
2,4-d	treatment	toxicity
2-ag	treatment	obese
1-alpha-hydroxycholecalciferol	treatment	osteoporosis
4-chloro-m-cresol	treatment	malignant_hyperthermia
2-o-tetradecanoyl_phorbol_13-acetate	treatment	pkc
12-dhgd	treatment	neuro-inflammation
25-hydroxyvitamin_d3	treatment	colorectal_cancer
4-hpr	treatment	reduction_in_cancer_number
10-gingerol	treatment	colon_cancer
25-hydroxyvitamin_d	treatment	pemphigus_vulgaris
1-alpha-d3	treatment	anemia
4sc-202	treatment	crc
10-edam	treatment	toxic_dermatitis
3-aminobenzamide	treatment	carcinoma
5-aminosalicylate	treatment	ulcerative_colitis
1,4-bd	treatment	overdose
3-monohydroxycholanie_acid	treatment	toxicity
1843u89	treatment	toxicity
21-aminosteroid_u74006f	treatment	spinal_cord_injury
1,2-trans-dicarboxy-4,5-cyclohexanediols_1-3	treatment	dcchds
2-arachidonoylglycerol	treatment	cm
14c-tu	treatment	melanotic_melanomas
17beta-oestradiol	treatment	hypertension
2,5-hd	treatment	polyneuropathy
2-cda	treatment	wm
2-aryl_and_2,5-diarylfurans	treatment	cancer
25-hydroxyvitamin_d	treatment	caries
1,3-dcp	treatment	hepatic_damage
5,6,7,8-tetrahydroneopterin	treatment	cardiotoxicity
15-hydroxyeicosatetraenoic_acid	treatment	leukemia
1,2-diacylglycerol	treatment	ischemic
4hpr	treatment	cancer
2,3-diphosphoglycerate	treatment	diabetes_mellitus
18f-fdg	treatment	non-small_cell_lung_cancers
2-aminoethyl_diphenylborinate	treatment	acoustic_trauma
20-hydroxyecdysterone	treatment	renal_injury
25-hydroxyvitamin_d	treatment	fracture
177lu-labeled_cyclic_polyaminophosphonates	treatment	bone_pain
2,3-o-desulphated_heparin	treatment	adenocarcinoma
3-methyladenine	treatment	hypoxia
4-vo/ica	treatment	cerebral_hypoperfusion
1-beta-d-arabinofuranosylcytosine	treatment	leukemias
2-butoxyethanol	treatment	thrombosis
12-o-tetradecanoylphorbol-13-acetate	treatment	mouse_epidermis
11-ketodihydrotestosterone	treatment	prostate_cancer
13-cis-retinoic_acid	treatment	cervical_cancers
1-oleoyl-2-acetyl-sn-glycerol	treatment	pkc
4-hydroxy-3-methoxycinnamic_acid	treatment	obese
24,24-difluoro-1,25-dihydroxycholecalciferol	treatment	hypertensive
3,4-methylenedioxymethamphetamine	treatment	toxicities
2-dg	treatment	cerebral_glioma
1,4-benzenedicarboxylate	treatment	axis
25oh	treatment	cho
25-hydroxyvitamin_d	treatment	deficient_or_insufficient
1,25-dihydroxyvitamin_d3	treatment	clonal_osteoblast-like_rat_osteogenic_sarcoma
1,2-dichlorobenzene	treatment	liver_damage
1,2-propanediol	treatment	infection
2-deoxy-d-glucose	treatment	pancreas_cancer
2-np	treatment	necrosis
23bb	treatment	rhabdomyolysis
2-deoxy-d-glucose	treatment	glioblastoma
1-methyl-4-phenyl-1,2,3,6-tetrahydropyridine	treatment	parkinsonian
17-aag	treatment	hormone-refractory_prostate_cancer
2-dg	treatment	tumors
2-mercaptoethanol	treatment	conformational_change_of_rubella_virus_spike_proteins
19-norvitamin_d	treatment	breast_cancer
25-hydroxyvitamin_d	treatment	pakistanis
2-dg	treatment	infection
51cr-labeled_edta	treatment	intestinal_ischemia
1,3-butadiene	treatment	lung_tumors
2-cda	treatment	mrd
1-hydroxymethylene-1,1-bisphosphonic_acids	treatment	bone_diseases
1-hexylcarbamoyl-5-fluurouracil	treatment	tumors
13n-glutamic_acid	treatment	tumors
3-omg	treatment	tumor
2-methoxyestradiol	treatment	neuronal_loss
17beta-estradiol	treatment	neurotoxicity
2-hobp	treatment	pulmonary_tumors
3-t	treatment	rheumatoid_arthritis
4-hne	treatment	ra
2-arylbenzofurans	treatment	ogd
3-methylphthalide	treatment	edema
20-methylcholanthrene	treatment	carcinogenesis
4-hydroxybenzyl_alcohol	treatment	cerebral_injury
27-ohc	treatment	colorectal_cancer
2-pam	treatment	poisoning
18f-fdg	treatment	cognitive_impairment
14,15-epoxyeicosatrienoic_acid	treatment	endothelium-derived_hyperpolarizing_factor
32p	treatment	leukemia
20-hete	treatment	obesity
17b-estradiol	treatment	cse
22-oxacalcitriol	treatment	chronic_renal_failure
3h-oleic_or_3h-arachidonic_acids	treatment	diabetic
125iodine	treatment	bladder_cancer
2-me	treatment	tumor
3-deazaguanine	treatment	breast_carcinomas
17b-estradiol	treatment	pain
17beta-estradiol	treatment	leiomyoma
3-nitropropionic_acid	treatment	striatal_damage
3-methyl-histamine	treatment	ha
5a-dht	treatment	pcos
4-hpr	treatment	tumours
3-mca	treatment	fibrosarcoma
4nqo	treatment	esophageal_tumors
4-aminopyridine	treatment	toxicosis
3,5-dicqa	treatment	neurodegenerative_diseases
4-guanidino-neu5ac2en	treatment	influenza
3-nitropropionic_acid	treatment	poisoning
4-aminopyridine	treatment	sinus_slowing
1,3-bdg	treatment	secondary_peritonitis
2-deoxy-d-glucose	treatment	aggressive
3-methoxy-4-hydrophenylglycol	treatment	anxiety
3-hydroxyacylcoenzyme_a	treatment	inherited_deficiency
3brpyr	treatment	carcinomas
2,3-dpg	treatment	increased_alkaline_fragility
17beta-estradiol	treatment	osteoporosis
2,5-dimethylfuran	treatment	mf
2-dg	treatment	hpa
13-cis-retinoic_acid	treatment	advanced_renal_cell_carcinoma
5_aminosalicylic_acid	treatment	inflammatory_bowel_disease
1,25-dihydroxyvitamin_d	treatment	thyroid_cancer
3h-thymidine	treatment	eat
3-methylcholantrene	treatment	tumors
4-methyl-3-nitrobenzoic_acid	treatment	chemotaxis
18f-fdg	treatment	acute_aortic_dissection
3-beta-hydroxysteroid	treatment	hypogonadotropic_hypogonadism
1,2-dimethylhydrazine	treatment	colonic_tumors
17-dimethylaminoethylamino-17-demethoxygeldanamycin	treatment	allodynia
3-nitrotyrosine	treatment	lps
2-chlorodeoxyadenosine	treatment	nodular_pulmonary_langerhans_cell_histiocytosis_lesions
153sm-edtmp	treatment	osteosarcoma
5-aminolaevulinic_acid	treatment	ovarian_cystadenocarcinoma
25-hydroxyvitamin_d	treatment	chest_pain
2-chlorodeoxyadenosine	treatment	macroglobulinemic_lymphoma
25-hydroxyvitamin_d	treatment	tb
18s_rrna	treatment	babesia
1,2-dichloropropane	treatment	acute_renal_failure
25-oh-d	treatment	dm
18f-fdg	treatment	autoimmune_thyroid_diseases
4-ap	treatment	a-t
4-biphenylacetic_acid	treatment	convulsions
20-hydroxyecdysone	treatment	death
4-sulfate	treatment	myeloid_leukemia
2-substituted_1-naphthamides	treatment	correlated_rotation
10-hda	treatment	melanoma
25-hydroxyvitamin_d	treatment	amd
2-dg	treatment	drug-resistant_epilepsy
22r-hydroxycholesterol	treatment	ad
3-mcpd	treatment	neurotoxicity
3-triol	treatment	swelling
2-fluoro-2-deoxy-d-glucose	treatment	melanoma
4-hba	treatment	ischemia
27-ohc	treatment	mci
5-asa	treatment	cd
4-hpr	treatment	melanoma
3-chlorotyrosine	treatment	copd
5,7-dimethoxyflavone	treatment	cancer
2-methylserotonin	treatment	analgesia
25-hydroxyvitamin_d	treatment	fibromyalgia_syndrome
13-trans_retinoic_acid	treatment	apl
4-hydroxynonenal	treatment	breast_cancer
2,3-dimercaptosuccinic_acid	treatment	lead_poisoning
2-carba-cyclic_phosphatidic_acid	treatment	demyelinating_disease
2me	treatment	cardiac_and_vascular_remodelling
5_alpha-dihydrotestosterone	treatment	hirsutism
177lu-eb-psma-617	treatment	prostate_cancer
3-methoxy-4-hydroxyphenylglycol	treatment	pheochromocytoma
2,3,5-triphenyltetrazolium_chloride_triazole	treatment	cardiac_infarction
3-o-methyl-n-acetyl-d-glucosamine	treatment	hepatoma
2-cda	treatment	bone_marrow_failure
17b-estradiol	treatment	cold_ischemia
4alpha-phorbol	treatment	pkc
25-hydroxyvitamin_d3	treatment	diabetes
123i	treatment	ischemia
5,7-dihydroxyflavone	treatment	cancer
17-cooh-7da	treatment	melanoma
2-nitronaphthalene	treatment	tumors
18f-fdg	treatment	hepatocellular_carcinoma
4-amino-tetrahydro-l-biopterine	treatment	traumatic_brain_injury
4-hydroxyisoleucine	treatment	diabetes
20-methylcholanthrene	treatment	lingual_cancer
25-hydroxyvitamin_d	treatment	mhd
20-hete	treatment	at
3,4-methylenedioxymethamphetamine	treatment	anxiety
3-nitropropionic_acid	treatment	ipsiversive_rotation
4-ipc	treatment	malignant_melanoma
5-aminolevulinic_acid	treatment	papillary_tumors
3-benzylsydnone-4-acetamide	treatment	liver_cirrhosis
25-hydroxyvitamin_d	treatment	bmd
25-hydroxyvitamin_d	treatment	vestibular_neuritis
5,6-dihydroxy-indole-2-carboxylic_acid	treatment	cv
1,5-anhydroglucitol	treatment	cardiovascular_disease
2-ag	treatment	hnscc
17-n-allylamino-17-demethoxygeldanamycin	treatment	cancer
3-bromopyruvate	treatment	multiple_tumor
25_hydroxy_vitamin_d	treatment	lc
2,4-dinitrobenzenesulfonic_acid	treatment	colitis
4-pba	treatment	cerebral_ischemic_injury
1,4-diazepines	treatment	di
2-de	treatment	anoxia
4-demethoxydaunorubicin	treatment	breast_cancer_and_melanoma
2-bromoterguride	treatment	schizophrenia
1,5-ag	treatment	diabetes_detection
1,7-dimethylxanthine	treatment	necrosis
25-hydroxyvitamin_d	treatment	albuminuria
2cda	treatment	b-cll
2-dg	treatment	breast_cancer
4-nitroquinoline_1-oxide	treatment	carcinogenesis
3h-haloperidol	treatment	schizophrenic
3-methoxy-4-hydroxyphenylglycol	treatment	anxiety_disorders
4dpg	treatment	abrogates_tumor
153sm-nta	treatment	bone_impaired_tumour_definition
3-methoxy-4-hydroxymandelic_acid	treatment	tumors
3,4-methylenedioxymethamphetamine	treatment	deficits_in_working_memory
3-in-1	treatment	cardiovascular_and_central_nervous_system_toxicity
1-methyl-4-phenyl-1,2,3,6-tetrahydropyridine	treatment	neuroblastoma
1,2,3,4-butanetetracarboxylic_acid	treatment	toxicity
17-abag	treatment	tumor
1-palmitoyl-2-glutaroyl-phosphatidylcholine	treatment	multilamellar_1-palmitoyl-2-linoleoyl-phosphatidylcholine_vesicles
111in-octreotide	treatment	pancreatic_insulinoma
1,5-anhydroglucitol	treatment	atherosclerosis
3h-thymidine	treatment	osteosarcoma
3,5-t2	treatment	hypothyroid
3,5-diethoxycarbonyl-1,4-dihydrocollidine	treatment	fibrosis
5-aminolevulinic_acid	treatment	precancerous
21-aminosteroids	treatment	cardiotoxicity
1,2-dimethylhydrazine	treatment	ts
2-dg	treatment	cem
3beta-adiol	treatment	tumors
1-benzhydryl-sulfonyl-piperazine	treatment	mouse_ehrlich_ascites_tumor
18f-fluorodeoxyglucose	treatment	malignant_tumor
25-ohd	treatment	hypertension
1-naphthylamine	treatment	bladder_carcinogens
2-methoxyestradiol	treatment	melanoma
1-methyl-4-phenyl-1,2,3,6-tetrahydropyridine	treatment	parkinsonism
3_beta-hydroxysteroid	treatment	gynecomastia
10-cl-bbq	treatment	toxicity
3-dg	treatment	diabetes
1-nitroso-5,6-dihydrouracil	treatment	mesotheliomas
11-doga	treatment	gastric_cancer
25-hydroxyvitamin_d	treatment	post-partum_thyroiditis
4-phenylbutyric_acid	treatment	diabetic_nephropathy
5-arylpyrimidines	treatment	influenza
1-nitrosopiperidine	treatment	hepatocellular_carcinoma
5,5-dimethyl-1-pyrroline_n-oxide	treatment	carbon-centred_and_hydroxyl_radicals
1-nitrosocyclohexylacetate	treatment	hypertrophy
3-hydroxy-3-methyl-glutaryl-coenzyme-a	treatment	ischemic_stroke
4-aminopyridine	treatment	seizure
17beta-estradiol	treatment	dcis
18f-fdg	treatment	hodgkin_lymphoma
3,5-dicarbomethoxyphenylbiguanide	treatment	myocarditis
2-hydroxyestrone	treatment	suprasellar_tumors
2,4,6-trichlorophenol	treatment	toxicity
12-o-tetradecanoylphorbol_13-acetate	treatment	promyelocytic_leukemia
3h-da	treatment	an
4-amino-salicylic_acid	treatment	ulcerative_colitis
4sc-101	treatment	dss
18-fluorodeoxyglucose	treatment	malignant_intraductal_papillary_mucinous_neoplasms
2,5-disubstituted_pyrimidine	treatment	acute_myeloid_leukemia
4-hydroxy_estradiol	treatment	ovarian_carcinoma
1-n-naphthylphthalamic_acid	treatment	polar_auxin_transport
5,12-dihydroxy-6,8,10,14-eicosatetraenoic_acid	treatment	neutropenia
18f-fluorodeoxyglucose	treatment	aggressiveness
2,4,6-trichlorophenol	treatment	lymphomas_or_leukemias
2-hydroxy	treatment	endometriosis
1-methyl-4-phenylpyridinium	treatment	neuronal_apoptosis
10-microl	treatment	brain_infarction
12-hete	treatment	sickle-cell_disease
3-ab	treatment	vt
2-amino-1-thiazolyl_imidazoles	treatment	cytotoxicity
25-hydroxyvitamin_d3	treatment	periodontitis
186re-hedp	treatment	bone_metastases
4-amino-3-s-glutathionylphenol	treatment	renal_necrosis
25-oh-vitamin_d	treatment	secondary_hyperparathyroidism
4-ha	treatment	cytotoxicity
5-aminosalicylates	treatment	crc
17-oh_progesterone	treatment	pcos
18f-fdg	treatment	oral_squamous_cell_carcinoma
21-ohd	treatment	adrenal_crisis
4nqo	treatment	carcinogenesis
4-aminopyridine	treatment	chf
3-carboxylic_acid	treatment	infections
1,4-gl	treatment	platelet_aggregation
25oh-vitamin_d	treatment	osteomalacia
3-bromo-1-hydroxy-9,10-anthraquinone	treatment	breast_cancer
2mesadp	treatment	trauma
25-hydroxy_vitamin_d	treatment	metabolic_syndrome
1-oleoyl-2-acetylglycerol	treatment	pkc
2-iminobiotin	treatment	hypoxia-ischemia
5-aminosalicylic_acid	treatment	fmt
4-hil	treatment	inflammation
1,25-dihydroxy_vitamin_d3	treatment	hypocalcemia
2,3,7,8_tetrachloro_dibenzo-p-dioxin	treatment	testicular_and_epididymal_toxicity
2-methoxyestradiol	treatment	malignancies
17b-oestradiol	treatment	aggression
15-hydroxyeicosatetraenoic_acid	treatment	chemotaxis
13c	treatment	hypoxia
2-chloroethyl_ethyl_sulfide	treatment	hd
3-ma	treatment	ischemic
2-apc	treatment	irritation
1-phenylisatin	treatment	sickness_behavior
1-cp-u	treatment	eoc
3-hydroxy-3-methyl-glutaryl_coenzyme_a	treatment	adrenal_carcinoma
17alpha-hydroxyprogesterone_caproate	treatment	preterm_delivery
13f-1	treatment	cancer
1,2,6-ip3	treatment	pain
13-acetate	treatment	wt
14c-serotonin	treatment	myocardial_infarction
5-aminolevulinic_acid	treatment	pre-cancers
25-ohd	treatment	hip_fracture
13c-acetate	treatment	gastroesophageal_reflux
5-ala	treatment	cytotoxicity
3-phenylquinolinylchalcone	treatment	non-small_cell_lung_cancers
17_b-estradiol	treatment	hyperoxia
-3_fatty_acids	treatment	obesity
25-hydroxyvitamin_d	treatment	bone_mineral_density
2-naphthalene	treatment	hypertension
2,8-dihydroxyadenine	treatment	autosomal_recessive_error_of_purine_metabolism
13-cis-retinoic_acid	treatment	laryngeal_papillomatosis
4-nqo	treatment	tumors
13c-urea	treatment	helicobacter_pylori_infection
4-hydroxybenzoic_acid	treatment	low_algal_toxicity
17-allylamino-17-demethoxy-geldanamycin	treatment	tumor
18f-fdg_positron	treatment	orbital_lymphoid_tumor
13c_acetate	treatment	gastric_emptying
1-d-myo-inositol-3-phosphate	treatment	mip
-3_fatty_acid	treatment	traumatic_brain_injury
4-hydroxyphenyl_retinamide	treatment	breast_cancer
2-tridecanone	treatment	toxicity
18f-fluoroethyl-l-tyrosine	treatment	glioma
25-ohd	treatment	hypocalcemia
3-nitropropionic_acid	treatment	toxicity
2-dg	treatment	cancer
4-alpha-phorbol_12,13_didecanoate	treatment	protein_kinase_c
2-pentene_1-4-olide	treatment	ventricular_fibrillation
1-methyl-1-nitrosourea	treatment	brain_tumors
1-methyl-4-phenyl-1,2,3,6-tetrahydropyridine	treatment	damage_in_the_nigrostriatal_system
17_beta-estradiol	treatment	ks
2-methoxyestradiol	treatment	arthritis
3-deazaneoplanocin_a	treatment	rhabdoid_tumor
18f-fluorodeoxyglucose	treatment	lymphadenopathy
25-hydroxycholesterol	treatment	npc
15d-pgj2	treatment	tumour
1-mt	treatment	liver_regeneration
3-hydroxybutyrate	treatment	niddm
2,3,5-triphenyltetrazolium_chloride	treatment	infarction
2dg	treatment	pancreatic_cancer
2-amino-5-bromo-3-iodoacetophenone	treatment	cytotoxicity
2-chlorodeoxyadenosine	treatment	systemic_mast_cell_disease
25ohd	treatment	ait
3-methyladenine	treatment	muscle_proteolysis
13c-glucose	treatment	human_immunodeficiency_virus
2sc	treatment	fh_gene_abnormalities
1,4-benzoquinone	treatment	primary_malignant_brain_tumors
4-mc	treatment	chronic_pain
5-ala	treatment	malignant_gliomas
4-nitroaniline	treatment	excess_toxicity
1,2-dihexadecylphosphatidylcholine	treatment	vesicle_aggregation
3-hydroxy-3-methylglutaryl	treatment	hypercholesterolemia
3-acetyl-11-keto-beta-boswellic_acid	treatment	ileocecal_adenocarcinoma
4ooh-ifa	treatment	hyperthermia
123i-mibg	treatment	sympathetic_nervous_dysfunction
1,25-dihydroxyvitamin_d	treatment	parturient_paresis
4-pentenoic_acid	treatment	microvesicular_fatty_liver
5alpha,3beta-p	treatment	seizures
4-mercaptobenzoic_acid	treatment	sers
12-o-tetradecanoylphorbol-13-acetate	treatment	inhibited_ear_edema
18f-fdg	treatment	rosai-dorfman_disease
3,5-dinitrobenzoate	treatment	chronic_renal_failure
17b-hydroxysteroid	treatment	xy_dsd
2-dg	treatment	acute_lymphoblastic_leukemia
3mc	treatment	von_hippel-lindau_protein_levels
3-methoxy-4-hydroxyphenyl_glycol	treatment	affective_disorders
3-b-3	treatment	ra
3-nitropropionic_acid	treatment	mitochondrial_impairment
17-demethoxygeldanamycin	treatment	tumor
4-quinolones	treatment	cancer
18_f-fluorodeoxy-glucose	treatment	lung_adenocarcinoma
5alpha-dht	treatment	hypothalamus
13-hydroxyoctadecadienoic_acid	treatment	platelet_adhesion
2,3-diphosphoglycerate	treatment	metabolic_acidosis
3-aminopropanal	treatment	neurodegeneration
11-dehydro-txb2	treatment	acute_myocardial_infarction
1,2,4-trimethyl_benzene	treatment	ws
123i-metaiodobenzylguanidine	treatment	pd
18f-av1451	treatment	svci
2,3-dpg	treatment	thalassemia
2-cda	treatment	b-cell_cll
4-aminophenylmercuric_acetate	treatment	breast_cancer
15-18_cmh2o	treatment	ic
12-o-tetradecanoylphorbol-13-acetate	treatment	bl
17beta-estradiol	treatment	breast_carcinoma
2-methyl-1,4-naphthoquinone	treatment	cytotoxicity
5-aminolevulinic_acid	treatment	pdt
5-asa	treatment	ibd
18f-fdg	treatment	npc
18f-fluorodeoxyglucose	treatment	oesophageal_adenocarcinoma
18f-av-1451	treatment	cerebral_amyloid_angiopathy
25-hydroxyvitamin_d	treatment	macular_degeneration
18f-fdg	treatment	lymphoma
2,3,6-tribromo-4,5-dihydroxybenzyl_methyl_ether	treatment	breast_cancer
1-palmitoyl-2-arachidonoyl-sn-glycero-3-phosphorylcholine	treatment	atherosclerotic_lesions
2,4-dinitrochlorobenzene	treatment	rheumatoid_arthritis
2-butanol	treatment	hepatotoxicity
2-cda	treatment	lung_cancers
3,5-diethoxycarbonyl-1,4-dihydrocollidine	treatment	liver_injury
17_beta-estradiol	treatment	smc
17-aag	treatment	pancreatic_cancer
3-asp	treatment	seizure
18-hydroxydeoxycorticosterone	treatment	hypertension
3,4-dihydroxyphenylacetic_acid	treatment	mediobasal_hypothalamus
1-methyladenine	treatment	tension
5-aminosalicylic_acid	treatment	hemorrhagic_rectocolitis
4-methylimidazole	treatment	toxicity
3-methyladenine	treatment	tbi
3np	treatment	hd
17_alpha-hydroxyprogesterone	treatment	ovaries
12-o-tetradecanoylphorbol-13-acetate	treatment	hep-g2
18f-fdg	treatment	head_and_neck_cancer
2-asd_ii	treatment	aortic_aneurysm
-3_fatty_acids	treatment	atherosclerosis
4-amino-1-hydroxybutylidene-1,1-bisphosphonate	treatment	postmenopausal_osteoporosis
13c-ubt	treatment	pylori_infection
13-mtd	treatment	bladder_cancer
3-nitropropionic_acid	treatment	brain_injury
14c-thymidine	treatment	asfv
2,3_diamino-phenazine	treatment	diabetic
4-ap	treatment	contractures
3,5-dimethoxyphenol	treatment	taxus_poisoning
10-deoxy-10-c-morpholinoethyl	treatment	cytotoxicity
1,4-dihydropyridine	treatment	cancer
3,7-dimethyl-1-propargylxanthine	treatment	depressor
4-terpineol	treatment	hep-g2_hepatocellular_carcinoma
131i	treatment	papillary_meningioma
177lu-octreotate	treatment	neuroendocrine_tumors
3-hydroxymethyl-3-glutaryl_coenzyme_a	treatment	dyslipidemia
2-ohe1	treatment	pca
2-hydroxyglutarate	treatment	acute_myeloid_leukemia
1,5-anhydroglucitol	treatment	subclinical_cardiovascular_disease
4-pregnen-20-alpha-one	treatment	ovarian_venous_blood_and_ovaries
3-ppp	treatment	dyskinesias
4tcna	treatment	endometrial_adenocarcinoma
1,1-dichloroethylene	treatment	liver_and_kidney_damage
4-ap	treatment	epileptiform_activity
3-oh-ga	treatment	neuronal_damage
3,4-benzpyrene	treatment	chromosome_aberrations
1,2-diamino-4,5-dibromobenzene	treatment	pancreatic_cancer
13-hode	treatment	adenoma
25-hydroxyvitamin_d	treatment	weight_loss
4-methylumbelliferone	treatment	malignant_tumors
25-oh-d	treatment	coronary_heart_disease
108/124	treatment	cancers
3,4-dihydroxyphenylacetic_and_homovanillic_acid	treatment	dyskinesia
1,5-anhydro-d-glucitol	treatment	af
1-deoxynojirimycin	treatment	colorectal_cancer
1,8-cineole	treatment	neuropathic_pains
12-o-tetradecanoyl-phorbol-13_acetate	treatment	pkc
3-hydroxy-3-methylglutaric_aciduria	treatment	multicarboxylase_deficiency
2-chlorodeoxyadenosine	treatment	pituitary_stalk_infiltration
18f-fluorodeoxyglucose	treatment	hodgkin_lymphoma
1-desamino-8-d-arginine_vasopressin	treatment	thrombocytopenia
3-methoxy-4-hydroxyphenylglycol	treatment	depressed
14c_alpha-amino-isobutyric_acid	treatment	infection
1-carboxamide	treatment	tumours
3,4-dihydroxyphenylacetic_acid	treatment	anoxia
11-cis-retinal	treatment	lca
4-abp	treatment	tumors
3-nitropropionic_acid	treatment	embryonal_carcinoma
2,4-dimethylaniline	treatment	hepatic_cholangiofibrosis
1-palmitoyl-2-arachidonyl-sn-glycerol-3-phosphocholine	treatment	atherosclerotic_lesions
2-aminopurine	treatment	quadruple_mutant_deficient
3-methylcrotonyl-coa	treatment	reye_syndrome-like_illness
18f-dopa_pet	treatment	tumour
4-phenylbutyrate	treatment	alc
2-dg	treatment	blood_cancer
17-beta_estradiol	treatment	breast_carcinoma
1-hexylcarbamoyl-5-fluorouracil	treatment	breast_cancer
18f-fdg	treatment	gastric_adenocarcinoma
1,25-dihydroxyvitamin_d	treatment	liver_disease
18f-naf	treatment	gastric_mucinous_cancer
2-arachidonoylglycerol	treatment	osteoarthritis
18-f-fluorodeoxyglucose_positron	treatment	autosomal_dominant_polycystic_kidney_disease
2-aminofluorene	treatment	leukemia
18-hydroxy-11-deoxycorticosterone	treatment	hypertension
24h	treatment	cardiovascular_risk
17-hydroxycorticosteroids	treatment	cancers
18f-2-deoxy-d-glucose	treatment	lung_cancer
4-phenylbutyrate	treatment	acute_kidney_injury
3h-thymidine	treatment	leukocytosis
124-amino-acid	treatment	pancreatic_loop
10-methylene_tetrahydrofolate	treatment	ts
1-methyl-4-phenylpyridinium	treatment	pd
104e	treatment	asbestos
2-iminobiotin	treatment	hypoxia-ischaemia
5,6-dichloro-ribifuranosylbenzimidazole	treatment	colon_cancer
5-aminolevulinic_acid	treatment	tumour
177lu-psma-617	treatment	prostate_cancer
25-ohd	treatment	copd
2-mercaptoethanol	treatment	induction_period
12-o-tetradecanoyl_phorbol_13-acetate	treatment	pkc
4-oha	treatment	postmenopausal_breast_cancer
3-brpa	treatment	gastric_cancer
12-o-tetradecanoylphorbol-13-acetate	treatment	papillomas
4-methylbenzenecarbothioamide	treatment	pain
4-diamino-diphenylsulfone	treatment	leprosy
4-hydroperoxycyclophosphamide	treatment	toxicity
13c-glucose	treatment	ischemic
17-aag	treatment	tumors
17ss-estradiol	treatment	reduced_bone_turnover
1,25-dihydroxy_vitamin_d3	treatment	hepatoma
2-deoxy_d-glucose	treatment	inhibition_of_n-linked_glycosylation
4-o-pentyl-gabosine_d	treatment	cancer
1-oleoyl-2-acetyl-glycerol	treatment	adhesion
3-methoxy-4-hydroxyphenylglycol	treatment	depressive_episode
5-aminolevulinic_acid	treatment	actinic_keratoses
2-mppa	treatment	dependence
1,4-naphthoquinone	treatment	cancer
17-beta-estradiol	treatment	pcos
17-ketosteroid	treatment	carcinoma_of_the_prostate
4-bromo-2,5-dimethoxyamphetamine	treatment	diffuse_vascular_spasm
1-napththylisothiocyanate	treatment	biliary_duct_necrosis
3-ap	treatment	ca
3h-thymidine	treatment	astrocytoma
3-indoipyruvate	treatment	convulsions
13c-aminopyrine	treatment	hepatitis
5-aminolaevulinic_acid	treatment	endometriosis
17beta-estradiol	treatment	myocardial_infarction
3-methylcholanthrene	treatment	double_negative
4-hydroxynonenal	treatment	inflammation
1-alkyl-2-acyl-sn-glycero-3-phosphocholine	treatment	alveolar
25-oh-vitd	treatment	ssc
2-chlorodeoxyadenosine	treatment	chronic_lymphocytic_leukaemia
18f-fdg	treatment	anterior_middle_neck_tumor
1-methylxanthine	treatment	anoxia
2-b4o	treatment	autoimmune_diseases
1-octanol	treatment	ovarian_adenocarcinoma
4-chloro-o-phenylenediamine	treatment	tumors
1,2-dioleoyl-3-trimethylammonium-propane	treatment	antigen-presenting_cells
1,25-dihydroxyvitamin_d	treatment	short_stature_and_skeletal_deformities
15-f2t-isop	treatment	idiopathic_pulmonary_arterial_hypertension
1,5-diheteroarylpenta-1,4-dien-3-one	treatment	cytotoxicity
4fe4s	treatment	xpd
1-ethyl-3-methylimidazolium_hexafluorophosphate	treatment	md
5-aminolevulinic_acid	treatment	bladder_tumors
1,4-benzodiazepine	treatment	autoimmune_disease
2,3,5-triphenyltetrazolium_chloride	treatment	neurological_deficit
3-dcrt	treatment	hepatocellular_carcinoma
4-hpr	treatment	hyperplastic_alveolar_nodules
2-deoxy-d-glucose	treatment	chromosomal_aberrations
1,2-dichlorohexafluorocyclobutane	treatment	amnesia
17-aag	treatment	monocytic_leukemia
123i-imp	treatment	epilepsy
17beta-estradiol	treatment	depression
4-nitroquinoline_1-oxide	treatment	obesity
3-port	treatment	sila
17b-estradiol	treatment	neurodegeneration
4-alpha-phorbol_12,13-didecanoate	treatment	pkc
1h3	treatment	tumors
17b-estradiol	treatment	op
1-methyl-4-phenyl-1,2,3,6-tetrahydropyridine	treatment	neurotoxicity
17-aag	treatment	colorectal_cancer
10-ethyl-10-deaza-aminopterin	treatment	non-small-cell_lung_cancer
1,5-benzothiazepine_calcium	treatment	hypotensive
1-beta-d-arabinofuranosylcytosine	treatment	acute_myelogenous_leukemia
177lu-dotatate	treatment	neuroendocrine_tumours
3,4-benzpyrene	treatment	hypotension
25-hydroxyvitamin_d	treatment	ui
4e	treatment	cancer
14c_fotemustine	treatment	metastases
4-phenylcoumarins	treatment	cancer
1,6-hexanediol_diacrylate	treatment	dermatitis
1,10-phenantroline	treatment	heat_shock
1-o-hexadecyl-2-acetyl-sn-glycero-3-phosphorylcholine	treatment	neutropenia
25-ohd	treatment	fibromyalgia
1,2,4-triazole	treatment	platelet_aggregation
11-deoxycortisol	treatment	congenital_adrenal_hyperplasia
2-oxoglutarate	treatment	toxicity
15-deoxyspergualin	treatment	glomerulonephritis
27-ohc	treatment	cytotoxicity
17-b_estradiol	treatment	cancer
3-hydroxyanthranilic_acid	treatment	precancerous_diseases
3tc	treatment	aids
25-hydroxycholecalciferol	treatment	proteinuria
12a-hydroxyrotenone	treatment	colon_cancer
12-o-tetradecanoylphorbol-13-acetate	treatment	skin_inflammation
3-n-butylphthalide	treatment	thrombosis
5-aris	treatment	prostate_cancer
25-hydroxycholecalciferol	treatment	chronic_renal_failure
1,6-hexamethylene_diisocyanate	treatment	neurotoxicity
12-hydroxyheptadecatrienoate	treatment	hht
1,3-butadiene	treatment	cancer
15-hpete	treatment	trachea
1r,6s-amine	treatment	alpha-galactosidase
3-np	treatment	neuronal_injury
25-oh-vitamin_d	treatment	t2dm
25-hydroxyvitamin_d	treatment	rickets_type_i
2-deoxy-d-glucose	treatment	kb_carcinoma
111in-octreotide	treatment	tumors
1-methyl-4-phenyl-1,2,3,6-tetrahydropyridine	treatment	dyskinetic
3,7-dihydroxy-isoflav-3-ene	treatment	hyperplasia
1,2-dimethyl-3-hydroxypyrid-4-one	treatment	thalassemia
2-dg	treatment	all
2-hydroxychalcone	treatment	breast_cancer
5ac	treatment	mds
140-kd	treatment	juvenile_dermatomyositis
2,4-d	treatment	myotonia
3beta-methoxyserrat-14-en-21beta-ol	treatment	skin_carcinogenesis
4-hne	treatment	breast_cancer
3-np	treatment	evans_blue_leakage
11-deoxycortisol	treatment	11b-hydroxylase_deficiency
3_h-methotrexate	treatment	ependymoblastoma
3-oxo-delta_4-steroid	treatment	cholestatic_liver_failure
3-nitropropionic_acid	treatment	hypothermia
5-aminolevulinic_acid	treatment	skin_lesion
17hpc	treatment	ptb
17-oxyprogesterone_caproate	treatment	endometrial_cancer
4-nerolidylcatechol	treatment	cytotoxicity
17b-estradiol	treatment	insulin-deficient_diabetes
1-beta-d-arabinofuranosylcytosine	treatment	acute_nonlymphocytic_leukemia
2-cda	treatment	mmm
25-hydroxyvitamin_d	treatment	vernal_keratoconjunctivitis
11-dehydrothromboxane_b2	treatment	angina
13-azaprostanoic_acid	treatment	pulmonary_hypertension
11beta-hydroxysteroid	treatment	inflammatory_bowel_disease
2-thiophenytoin	treatment	electroshock_seizures
1-nitroso-1-methyl_urea	treatment	breast_adenocarcinoma
4-abp	treatment	breast_cancer
13-cra	treatment	acute_nonlymphoblastic_leukemia
25-hydroxyvitamin_d	treatment	type
2-oxoadenosine	treatment	cytotoxicity
2,4-dichlorophenoxyacetic_acid	treatment	cho
5,7-dht	treatment	neonatal_lesion
3-nitro	treatment	toxicity
10-hydroxycamptothecin	treatment	cytotoxicity
4-aminopyridine	treatment	epileptiform_activity
18f_fluorocholine	treatment	chronic_liver_disease
1,2-dichloroethane	treatment	copper_nanoparticles
12-0-tetradecanoylphorbol-13-acetate	treatment	pkc
2-propyl-pentanoic_acid	treatment	seizure
2-deoxy-d-glucose	treatment	retard_epileptogenesis
1-methyl-4-phenyl-1,2,3,6-tetrahydropyridine	treatment	behavioral_impairments
4-aminoquinolines	treatment	hcv
11-beta	treatment	hypertension
3-methylcholanthrene	treatment	chl
3-hydroxykynurenine	treatment	inflammation
3h-e2	treatment	tumors
3-isobutyl-1-methylxanthine	treatment	gastrinoma
1-bp	treatment	neurotoxicity
11c-methionine	treatment	glioma
3h-glucose	treatment	hepatic_glucose_production
2,3,5-triphenyltetrazolium_hydrochloride	treatment	cerebral_atrophy
2,4-d	treatment	ms
18f-naf	treatment	cardiac_motion
17-ohp	treatment	ohd
2,4-dinitrophenol	treatment	tumor
4-hydroxyestrone	treatment	bc
2,3,7,8-tetrachlorodibenzo-p-dioxin	treatment	asthma
18alpha-glycyrrhizin	treatment	diabetic
4-androstene-dione	treatment	add
5-aminosalicylic_acid	treatment	inflammatory_bowel_disease
3-np	treatment	cognitive_dysfunction
1,25-dihydroxyvitamin-d3	treatment	renal_osteodystrophy
3-np	treatment	neurotoxicity
17alpha-hydroxyprogesterone	treatment	in_vitro_fertilization
1-nitronaphthalene	treatment	toxicity
25-hydroxyvitamin_d	treatment	hypertensive
1,4-benzenedithiol	treatment	sams
1,2-sn-dag	treatment	pkc
1,8-cineol	treatment	airway_diseases
13-cis-retinoic_acid	treatment	dyslipidemia
13-ra	treatment	increased_squamous_cell_carcinoma
4-hydroxyestrogen	treatment	carcinogenesis
2,4-diaryloxazoles	treatment	suzuki-miyaura_cross-coupling
1-octen-3-ol	treatment	loss_of_dopaminergic_neurons
3-methylindole	treatment	acute_pulmonary_edema
25-hydroxyvitamin_d	treatment	csu
18f-fdg	treatment	tumors
25-hydroxyvitamin_d	treatment	allergic_disease
17-aag	treatment	breast_cancer
2,2-dioxopropyl-n-propylnitrosamine	treatment	tumors
2-cda	treatment	hairy-cell_leukemia
3-dg	treatment	uremia
4-hydroxyglutethimide	treatment	glutethimide_poisoning
18f-fes	treatment	breast_cancer
25-hydroxy-vitamin-d-3	treatment	hypothyroidism
14c	treatment	aqueous_humor
2,4-dinitroimidazole-1-ethanol	treatment	cytotoxicity
131i	treatment	hypothyroidism
1,25-dihydroxyvitamin_d	treatment	leukemia
4-methylumbelliferone	treatment	pancreatic_cancer
3,6-dideoxyhexose	treatment	pseudotuberculosis
125iodine	treatment	malignant_gliomas
239puo2	treatment	carcinogenesis
2,4-diamino-1,6-dihydro-1,3,5-triazine	treatment	malaria
3h	treatment	basophilic_leukemia
2,4_dinitrophenol	treatment	mitochondrial_dysfunction
5,7-dihydroxytryptamine	treatment	degeneration_of_serotoninergic_neurons
17-octadecynoic_acid	treatment	aa
13-cis-retinoic_acid	treatment	depression
3h-noradrenaline	treatment	trachea
25-hydroxyvitamin_d	treatment	deficit_hyperactivity_disorder
1,2-dipalmitoyl-sn-glycero-3-phosphoethanolamine	treatment	cancer
17beta-estradiol	treatment	pd
5,6-dimethylxanthenone-4-acetic_acid	treatment	tumor-vascular_disrupting
1-deprenyl	treatment	seizure
17beta-estradiol	treatment	trauma-hemorrhage
123i-beta-methyl-iodophenylpentadecanoic_acid	treatment	dilated_cardiomyopathy
3-bromopyruvate	treatment	aggressive_lymphoma
17-ketosteroids	treatment	chronic_diseases
2-chloroadenosine	treatment	coronary_dysfunction
5-aminosalicylic_acid	treatment	ileitis
3-caffeoylquinic_acid	treatment	cerebral_infarction
5,7-dihydroxytryptamine	treatment	sleep_disturbances
11-cis-retinal	treatment	hereditary_blindness
17-alpha-thioestradiol	treatment	tumors
18f-fdg	treatment	atherosclerosis
51-cr-chromic-beta-glycerophosphate	treatment	yoshida_tumors
125i	treatment	hypothyroidism
2-phenoxyethanol	treatment	toxicity
10-hcpt	treatment	liver_cancer
3-fat	treatment	prostate_cancer
17-ketosteroids	treatment	testicular_atrophy
4sc-201	treatment	tumors
1-butanol	treatment	tumor
20-hydroxyeicosatetraenoic_acid	treatment	toxicity
4-methylpyrazole	treatment	death
5,6-dimethylxanthenone_4-acetic_acid	treatment	non-small_cell_lung_cancer
1-oleoyl-2-acetyl_diglycerol	treatment	pkc
4-ap	treatment	verapamil_toxicity
3-deoxyoctitols	treatment	glc_and_glc-ms
27-hydroxycholesterol	treatment	hypercholesterolemia
1-aryl-3-amino-1-propanone_hydrochlorides	treatment	cytotoxicity
1-methyl-4-phenylpyridinium	treatment	death
3-deazauridine	treatment	tumor
17b-estradiol	treatment	depressed
13c-hiolein	treatment	steatorrhea
12-o-tetradecanoyl-phorbol_13-acetate	treatment	protein_kinase_c
25-hydroxyvitamin_d	treatment	ms
2,2-diphenyl-picrylhydrazyl	treatment	tpc
3bp	treatment	melanoma
25-hcc	treatment	epileptic
123i-tyr-3-octreotide	treatment	small-cell_lung_cancer
3-br-7-ni	treatment	status_epilepticus
2-cda	treatment	mds
4-hydroxypanduratin_a	treatment	lung_adenocarcinoma
17b-estradiol	treatment	adiposity
17-dmag	treatment	bladder_cancer
17_beta-estradiol	treatment	myocardial_infarct
2-5_oligoadenylate	treatment	infectious_diseases
3-nitro	treatment	characteristic_toxicological_syndrome
2-cda	treatment	lymphoid_malignancies
4-methylumbelliferylguanidinobenzoate	treatment	cystic_fibrosis
18f-fhbg	treatment	prostate_tumor
201tl-chloride	treatment	thyroid_carcinoma
4-nitroquinoline-1-oxide	treatment	genetic_damage
5,7-dihydroxytryptamine	treatment	pain
1,2,3,6-methyl-phenyl-tetrahydropyridine	treatment	pd
19-methyl	treatment	aas
5-aminosalicylic_acid	treatment	colonic_aberrant_crypts_and_tumors
5-asa	treatment	rcts
25-hydroxyvitamin_d	treatment	spinal_cord_injury
123i-metaiodobenzylguanidine	treatment	panic_disorder
17-alpha_hydroxyprogesterone_caproate	treatment	gestational_diabetes
3b-diol	treatment	hpa_axis
57co-bleomycin	treatment	eye_tumors
3_beta-hydroxysteroid	treatment	hsd
3-hydroxy-3-methylglutaric_aciduria	treatment	methylmalonic_aciduria
17b-estradiol	treatment	atherosclerosis
2-mercaptoethanol	treatment	lymphoma
1,4-dimethylphenanthrene	treatment	skin_tumors
4-damp	treatment	cardiovascular_responses
1,4-dioxane	treatment	nd
1,4-naphthoquinone	treatment	colon_cancer
131i	treatment	tumoral_calcinosis
2,5-hexanedione	treatment	peripheral_neuropathy
3tc-tp	treatment	rt
17b-estradiol	treatment	colorectal_cancer
3-methylcholanthrene	treatment	autochthonous_tumors
18b-glycyrrhetinic_acid	treatment	rpcs
4-hydroxynonenal	treatment	metabolic_syndrome
17-beta-estradiol	treatment	atherosclerosis
10398a	treatment	t2dm
2-n-fluorenylacetamide	treatment	choline-deficient
2-cda	treatment	acute_myeloid_leukemia
1-butanol	treatment	adenocarcinoma
4-pba	treatment	inflammation
17-ohp	treatment	idiopathic_hirsutism
4sc-202	treatment	oscc
123i-bmipp	treatment	unstable_angina
1,25-dihydroxyvitamin_d	treatment	rickets
2,3,5-triphenyltetrazolium_chloride	treatment	mcao
2hiv	treatment	pha
3-methylhistidine	treatment	cancers
18f-fdg	treatment	sln
3-cp	treatment	brain_ischemia
25-hydroxyvitamin_d	treatment	primary_hyperparathyroidism
2-brom-alpha-ergocryptine	treatment	amenorrhea
11c-methionine	treatment	urinary_bladder_carcinoma
12-o-tetradecanoyl_phorbol-13-acetate	treatment	tumour
2-cda	treatment	hcl
3-methyladenine	treatment	acute_liver_injury
18f-fdg	treatment	metabolic_tumor
1,25-dihydroxycholecalciferol	treatment	parturient_paresis
1h	treatment	epilepsy
25-hydroxyvitamin_d	treatment	chronic_kidney_disease
17-aag	treatment	cancer
21-oh_ab	treatment	adrenal_failure
1-0-alkyl-2-acetyl-sn-glycero-3-phosphorylcholine	treatment	platelet_aggregation
1.2-diacylglycerol	treatment	dystrophic_mitochondria
2-hydroxy_fatty_acids	treatment	sphingomyelins_of_bovine_kidney_and_intestinal_mucosa
2-naphthylamine	treatment	bladder_carcinogens
17-beta-estradiol	treatment	depression
18f-fdopa	treatment	tumors
2,4,5-tmc	treatment	liver_damage
25-ohd	treatment	psoriatic
3co	treatment	poc
1,4-naphthoquinones	treatment	cancers
18f-fdg	treatment	intrahepatic_cholangiocarcinoma
2-bfi	treatment	stroke
3-ma	treatment	ang
5-aminolevulinic_acid	treatment	basal_cell_carcinomas
3h-proline	treatment	tibia
25-hydroxyvitamin_d	treatment	vertebral_fractures
2-faa	treatment	experimental_rat_hepatocellular_carcinoma
17b-estradiol	treatment	skin_flap_necrosis
4-oht	treatment	death
13nh3-pet	treatment	mi
4-hydroxynonenal	treatment	oxidative_stress
4-hpr	treatment	superficial_bladder_cancer
17-ketosteroids	treatment	genital_carcinoma
12-o-tetradecanoylphorbol_13-acetate	treatment	pkc
5-aminolevulinic_acid	treatment	cancer
1,4-butanediol	treatment	overdoses
2-aminothiophenol	treatment	dermatitis
25-hydroxyvitamin_d3	treatment	primary_biliary_cirrhosis
18f-fdg	treatment	breast_cancer
17-hydroxycorticosteroid	treatment	circulatory_failure
25-ohd	treatment	sca
18f-fdg	treatment	metastasis
4-demethoxydaunorubicin	treatment	tumors
25-hydroxyvitamin_d	treatment	ls_bmd_gains
25-ohd3	treatment	uc
3-vo	treatment	metabolic_disorders
4-ooh-if	treatment	sarcoma
1,2-dimethylhydrazine	treatment	renal_cell_tumors
2-methylserotonin	treatment	pain
2-me-l	treatment	tumor
239puo2	treatment	lung_tumors
25-hydroxycholecalciferol	treatment	hypoglycemia
3-hydroxy-3-methylglutaryl_coenzyme_a	treatment	hypercholesterolemic
4-hba	treatment	cerebral_infarct
2-dg	treatment	hyperthermia
24s-oh-chol	treatment	dementia
17-dimethylaminoethylamino-17-demethoxygeldanamycin	treatment	tumors
3,5-dimethoxy_and_3,4,5-trimethoxy	treatment	chronic_lymphocytic_leukemia
1,3-butadiene	treatment	macrocytic-megaloblastic_anemia
17_beta-hydroxy-c19-steroid	treatment	dependence
24-hydroxycholesterol	treatment	neurotoxic
2,5-hexanedione	treatment	memory_deficit
1-methyl-1-nitrosourea	treatment	mammary_tumors
4-methyl-2,6-diisobornylphenol	treatment	transient_cerebral_ischemia
2-hg	treatment	epigenetic_dysregulation
18f-labeled_fluconazole	treatment	candidal_infections
1-ebio	treatment	epileptiform_activity
17beta-estradiol	treatment	ovarian_cancer
2,3,7,8_tetrachlorodibenzo-p-dioxin	treatment	toxicity
13-hpotre	treatment	skin_cancer
1,4-diethynylbenzene	treatment	self-assembled_monolayers
2,4-diamino-6-piperidinopyrimidine-3-oxide	treatment	androgenetic_alopecia
4-nitroquinoline-1-oxide	treatment	intra-oral_palatal_squamous_cell_carcinomas
17-hydroxycorticosteroid	treatment	liver_disease
18f-fludeoxyglucose	treatment	head_and_neck_cancer
123i-imz	treatment	anxiety_disorder
12-o-tetradecanoylphorbol_13-acetate	treatment	sister_chromatid_exchanges
17b-estradiol	treatment	breast_cancer
3-brpa	treatment	colon_cancer
1,6-diphosphate	treatment	diabetic
4-hydroxy-5-phenyl-1,3-oxazaperhydroin-2-one	treatment	toxicities
2-hxmp	treatment	toxicity
11b-hydroxysteroid	treatment	type
2-np	treatment	toxicity
1-methyl-4-phenylpyridinium	treatment	cytotoxicity
17aag	treatment	malignancies
4-mei	treatment	mi
13-cis_ra	treatment	atl
13c-methacetin	treatment	primary_biliary_cirrhosis
5-asa	treatment	colitis-associated_cancer
4f-pcc	treatment	bleeding
17-ketosteroid	treatment	testicular_disorders
17ohp	treatment	cah
4-aminopyridine	treatment	inflammatory_demyelinating_disease
3-pg	treatment	hypoxia
1-methylthio-3-pentanone	treatment	fungal_growth_reduction
1-nitropyrene	treatment	lung_lesions
25-hydroxyvitamin_d	treatment	cerebrovascular_abnormalities
1,3-butanediol	treatment	ketonemia
3,4-dihydroxyacetophenone	treatment	obese
12-o-tetradecanoylphorbol-13-acetate	treatment	skin_tumors
18f-fdg	treatment	hepatocellular_carcinoma_liver_lesions
5-aminolaevulinic_acid	treatment	neoplasia
2,3-diphosphoglycerate	treatment	hh
18f-fluorodeoxyglucose	treatment	tumors
2,3-dinor-txb2	treatment	platelet_aggregation
3-methyl-5-phenylpentanol	treatment	toxicity
2-tetradecylglycidic_acid	treatment	carnitine_palmitoyltransferase
13c-bicarbonate	treatment	helicobacter_pylori_infection
2-butoxyacetic_acid	treatment	hereditary_spherocytosis_and_sickle_cell_disease
1,4-dimethanesulfonyloxbutane	treatment	chronic_granulocytic_leukemia
17-oh_progesterone	treatment	a_21-hydroxylase_deficiency
18_f-fdg	treatment	cardiac_and_skeletal_muscle
2-deoxyglucose	treatment	schizophrenia
1-methyl-4-phenyl-1,2,3,6-tetrahydropyridine	treatment	neuronal_death
2-n-di-n-butylaminoethanol	treatment	convulsions
3co	treatment	ssi
12-o-tetradecanoylphorbol-13-acetate	treatment	pld
14c-pmm	treatment	sarcoma
1-deoxynojirimycin	treatment	diabetes_mellitus
5-asa	treatment	refractory_distal_ulcerative_colitis
4-hpr	treatment	neuroblastoma
12-o-tetradecanoylphorbol-13-acetate	treatment	pancreatic_cancer
25-oh-vitamin_d	treatment	adhd
4-aminopyridine	treatment	ganglia
2-aa	treatment	pseudomonas_aeruginosa_infection
4-phenylbutyric_acid	treatment	ers
2-propyl-1-pentanol	treatment	lung_cancer
2-difluoromethylornithine	treatment	leukaemia
2-arachidonoyl_glycerol	treatment	depression
16-alpha-123i-iodoestradiol-17-beta	treatment	tumor
17-dimethylaminoethylamino-17-demethoxy-geldanamycin	treatment	hepatoma
4-nitroimidazole	treatment	tuberculosis
3,5-dmap	treatment	cytotoxicity
10-thiastearic_acid	treatment	protozoan_crithidia_fasciculata
3-methylcholanthrene	treatment	leukaemia
25-hydroxyvitamin_d3	treatment	depressive_symptoms
3-nitropropionic_acid	treatment	hd
3h-thymidine	treatment	arthritis
4-app	treatment	hdl
3-aminopropyltriethoxysilane	treatment	reflux_agitation
111indium_pentetreotide	treatment	neural_crest_tumors
20-hydroxyecdysone	treatment	alkaline_phosphatase
3-nitrotyrosine	treatment	sals
4-nc	treatment	cytotoxicity
2,4-dichlorophenoxyacetate	treatment	subacute_skeletal_myopathy
5,6-dimethylxanthenone-4-acetic_acid	treatment	tumour_necrosis
25-oh-vd3	treatment	nephritis
3-aminobenzamide	treatment	osteosarcoma
1,4-benzoxazepin-2,6-dichloropurine	treatment	breast_cancer
1-methyl-4-phenyl-1,2,3,4-tetrahydropyridine	treatment	pd
5-aminosalicylate	treatment	colorectal_cancer
5-aminolevulinic_acid	treatment	skin_cancers
17beta-estradiol	treatment	aortic_atherosclerosis
15d-pgj2	treatment	cytotoxicity
1,2-dce	treatment	brain_edema
1-aminocyclopentanecarboxylic_acid	treatment	cancer
18f-fluorodeoxyglucose	treatment	colorectal_cancer
1,2-sn-diacylglycerols	treatment	protein_kinase_c
5-aminolevulinic_acid	treatment	acne_vulgaris
4-ipp	treatment	mm
5-ala	treatment	toxicity
17beta-estradiol	treatment	brain_ischemia
18f-fdg	treatment	neoplastic_disease
3,4-methylenedioxymethamphetamine	treatment	serotonin_dysfunction
4-vo	treatment	chronic_cerebral_hypoperfusion
18f-fedac	treatment	ra
25-oh_vitamin_d	treatment	asthma
18f-fdg	treatment	cancer
4-o-mh	treatment	ad
2,4,6-tribromophenol	treatment	flame_retardant
1,25-dihydroxyvitamin_d	treatment	malignancy
25-dihydroxyvitamin_d3	treatment	bca
3-nt	treatment	allergic_asthma
1-phenylcyclohexene	treatment	toxicity
4-chloro-e2	treatment	elicited_weaker_beta-galactosidase_activity
16-amino-acid	treatment	rrf
17b-estradiol	treatment	vasomotor_symptoms
3-methyladenine	treatment	brain_damage
2-apb	treatment	mlc
1h-mrsi	treatment	schizophrenia
25-hydroxyvitamin_d	treatment	age-related_macular_degeneration
17-ohcs	treatment	tropical_pulmonary_eosinophilia
4-methoxyequilenin	treatment	breast_cancer
3-hydroxy-3-methyl-glutaryl_coenzyme_a	treatment	cardiovascular_events
14-deoxy-11,12-didehydroandrographolide	treatment	allergic_airway_inflammation
177lu-dota-tate	treatment	gastroenteropancreatic_neuroendocrine_tumors
2-chlorodeoxyadenosine	treatment	chronic_lymphocytic_leukemia
5123tc	treatment	morris_hepatoma
5-aminolevulinic_acid	treatment	squamous_cell_carcinoma
25-oh_vitamin_d	treatment	breast_cancer
3-chlorotyrosine	treatment	chronic_kidney_disease
25-hydroxy_vitamin_d	treatment	inflammatory_bowel_diseases
4-demethoxydaunorubicin	treatment	breast_cancer
18f-choline	treatment	tumor
23,24-dihydrocucurbitacin_b	treatment	breast_cancer
1,25-dihydroxyvitamin_d3	treatment	rat_osteosarcoma
2-chlorodeoxyadenosine	treatment	multiple_sclerosis
4-hydroxytamoxifen	treatment	breast_cancer
4-hydroxybutyric_acid	treatment	neurometabolic_disorder
1_alpha-hydroxycholecalciferol	treatment	renal_osteodystrophy
20-hete	treatment	hypertension
1-arylsulfonyl-2-imidazolidinones	treatment	hyperglycemic
2-chlorodeoxyadenosine	treatment	tumors
17-aag	treatment	myeloma
3-sn-polyenylphosphatidylcholine	treatment	diabetics
17b-estradiol	treatment	cancer
2dg	treatment	t2d
4-s-cysteaminylphenol	treatment	melanoma
12-o-tetradecanoylphorbol-13-acetate	treatment	chronic_lymphocytic_leukemia
2-acetylaminofluorene	treatment	epithelial_tumours
17-demethoxygeldanamycin	treatment	prostate_cancer
4-ap	treatment	myelin_damage
2dd	treatment	glaucomatous_disc_damage
123i-imp	treatment	primary_central_nervous_system_lymphomas
17-beta_estradiol	treatment	estrus_and_viable_embryo_number
188re-hedp	treatment	prostate_cancer
17-ohpc	treatment	hypertension
3-nitrotyrosine	treatment	diabetes
5-aminoimidazole-4-carboxamide-1-b-d-ribofuranoside	treatment	cognitive_benefits
2-cda	treatment	macroglobulinaemia
3-deazaneplanocin_a	treatment	endometriosis
17-allylamino-17-demethoxy_geldanamycin	treatment	breast_cancer
13-cis_retinoic_acid	treatment	myelodysplastic_syndromes
4-abah	treatment	toxicity
17-ketosteroids	treatment	pulmonary_tuberculosis
3-deazaneplanocin_a	treatment	s-adenosylhomocysteine_hydrolase
1,25-dihydroxyvitamin_d3	treatment	brain_disease
2,4,6-trinitrobenzenesulphonic_acid	treatment	colitis
4-phenylbutyrate	treatment	vascular_dysfunction
12-o-tetradecanoylphorbol-13-acetate	treatment	tumors
2-dg	treatment	epileptiform_bursts
4-ap	treatment	stretch_injury
18fdg	treatment	metastases
5,7-dht	treatment	hypotensive
1-methyl_mb	treatment	increased_dark_toxicity
25-hydroxycholecalciferol	treatment	allergic_rhinoconjunctivitis
4-nitroquinaldine_n-oxide	treatment	tumor
17-beta-estradiol	treatment	cancer
4-me	treatment	arthritis
2-cda	treatment	low_grade_lymphoma
2-methylbenzoylglycine	treatment	renal_excretion
2,3,7,8-tetrachlorodibenzo-p-dioxin	treatment	wasting_syndrome
11-deoxycorticosterone	treatment	aldosterone_deficiency
3-4,5_dimethylthiazol-2,5_diphenyl_tetrazolium_bromide	treatment	cytotoxicity
4-aminopyridine	treatment	seizures
2-chloro_deoxyadenosine	treatment	hairy_cell_leukemia
2-hydroxypropyl-b-cyclodextrin	treatment	bone_loss
2,4-dichlorophenoxy_acetic_acid	treatment	myotonia
14c-aminopyrine	treatment	liver_cirrhosis
2-fluoroterephthalonitrile	treatment	edema
17-aag	treatment	colon_cancer
3-deazaadenosine	treatment	s-adenosylhomocysteine_hydrolase
111in-pentetreotide	treatment	srs
18f-fdg	treatment	lymphoma_lesions
4-oh_tamoxifen	treatment	tamoxifen-resistant_breast_cancer
4-a-rhamnopyranosyloxy-benzyl_glucosinolate	treatment	ac-isomers-gs
18f-fdg_pet	treatment	tumours
4-hc	treatment	lymphoma
14cdta-tetc	treatment	tetanus
1,2-dimethylhydrazine	treatment	colon_cancers
12-tetradecanoylphorbol-13-acetate	treatment	myeloid_leukemia
2-chloro-deoxyadenosine	treatment	malt_lymphoma
18f-fluorodeoxyglucose	treatment	breast_cancer
25-hydroxyvitamin_d3	treatment	st-elevation_myocardial_infarction
4-methylmethcathinone	treatment	sympathomimetic_toxicity
3,4-dihydroxyphenylalanine	treatment	behavioral_deficits
25ohd	treatment	ad
18-hydroxycorticosterone	treatment	primary_aldosteronism
17-hydroxyprogesterone	treatment	hcg
1-amino-3-hydroxy-5-methyl-4-isoxazolepropionate	treatment	neurotoxicity
4-hydroxy-nonenal	treatment	colon_cancer
4-nitroestrone_3-methyl_ether	treatment	atrophy
13-cis-retinoic_acid	treatment	squamous_cell_carcinoma
2,5-dimercapto-1,3,4-thiadiazole	treatment	allergy
4-chloro-m-cresol	treatment	contractures
11-hydroxycorticosteroid	treatment	accidental_hypothermia
17-beta-estradiol	treatment	ais
17-ketosteroids	treatment	premenstrual_syndrome
2,3-dinor-txb2	treatment	ards
12-o-tetradecanoyl_phorbol-13-acetate	treatment	non-lymphoid_leukemia
5,7-dihydroxytryptamine	treatment	degeneration_of_possible_serotonergic_nerves
2-deoxy-d-glucose	treatment	hypoxic_tumor
2-cda	treatment	hairy_cell_leukemia
2,3-benzo-1,4-dimethyl-alpha-iso-carboline	treatment	increases_life_span_of_leukemia
17b-estradiol	treatment	menopausal_vasomotor_symptoms
1,5-ag	treatment	diabetes
2-nitroimidazoles	treatment	hypoxic
2-aaf	treatment	hcc
1,25-dihydroxyvitamin_d	treatment	psoriasis
3-hydroxy-3-methylglutaryl_coenzyme_a	treatment	chronic_heart_failure
17-beta-estradiol	treatment	migration
17ohp-c	treatment	preterm_birth
1-octyne	treatment	aob
13-cis-retinoic_acid	treatment	hyperostoses
2,4-dien-vpa	treatment	steatosis
1,25-dihydroxycholecalciferol	treatment	primary_hyperparathyroidism
25-hydroxy-vitamin_d	treatment	weight_loss
3,5-dmap	treatment	chinese_hamster_ovary
20-hete	treatment	sah
20-hydroxyecdysone	treatment	memory_deficits
5-aminolevulinic_acid	treatment	primary_central_nervous_system_lymphoma
24s-hydroxycholesterol	treatment	poag
1-deamino-8-d-arginine_vasopressin	treatment	central_diabetes_insipidus
1,25-dihydroxycholecalciferol	treatment	osteoporosis
3-amino-1,2,4-triazole	treatment	liver_cancer
2-amino-5-phosphonovaleric_acid	treatment	depressed
17-aag	treatment	leukemias
11c-sarcosine	treatment	tumor
1-5-hydroxytryptophan	treatment	panic_disorder
1-chloro-2-methylpropene	treatment	forestomach_neoplasms
5-aminolaevulinic_acid	treatment	head_and_neck_cancer
1-hydrazinophthalazine	treatment	hypertension
4-deoxypyridoxine	treatment	granuloma
17b-estradiol	treatment	csds
25-hydroxycholecalciferol	treatment	down_syndrome
25-hydroxyvitamin_d	treatment	obesity
125i-propylthiouracil	treatment	melanotic_melanoma
4-hpr	treatment	acute_lymphoblastic_leukemia
5-aminolevulinic_acid	treatment	cytotoxicity
5-aris	treatment	as
2hf	treatment	tumor
4-hydroxyaminoquinoline_1-oxide	treatment	carcinoma
1,1,3,3-tetramethylguanidine	treatment	switchable_polarity_solvents
2-nbdg	treatment	tumors
13c-acetate	treatment	gastric_emptying
4-hydroxy	treatment	multiple_myeloma
3h-spiperone	treatment	schizophrenia
4-hydroxytamoxifen	treatment	cancer
18f-fdg	treatment	glottic_cancer
11b-hydroxysteroid	treatment	adipose_dysfunction
3-phenethyl-2-indolinone	treatment	tumors
17beta-estradiol	treatment	ags
25-hydroxyvitamin-d3	treatment	liver_fibrosis
4-hydroxybenzoic_acid	treatment	haloarchaeal_strain
4-pp	treatment	toxicity
5-aminolevulinic_acid	treatment	brain_tumors
17-beta-estradiol	treatment	niddm
12-o-tetradecanoylphorbol-13-acetate	treatment	malignant_epithelial_and_mesenchymal_skin_tumors
5-asa	treatment	active_distal_ulcerative_colitis
11-oxo-eicosatetranoic_acid	treatment	atherosclerotic_plaque
5-ala	treatment	gliomas
2-dg	treatment	lung_cancer
17-ee	treatment	cytotoxicity
2-phenyl-1,4-benzoquinone	treatment	skin_carcinogenesis
5-ala	treatment	cancer_of_the_oral_mucosa
1,25_oh_vitamin_d	treatment	metastasis
4-carboxymethylene-4-sulfo-but-2-en-olide	treatment	hplc-ms
177lu-labeled_immunoconjugate	treatment	carcinoma
4nqo	treatment	squamous_cell_carcinoma
131i-metaiodobenzylguanidine	treatment	primary_ovarian_insufficiency
1,3-butylene_glycol	treatment	allergic_contact_dermatitis
1-beta-d-arabinofuranosylcytosine	treatment	melanoma
5-aminolevulinic_acid_methyl_ester_hydrochloride	treatment	tumors
3h	treatment	dehydration
17-alpha_hydroxyprogesterone_caproate	treatment	preterm_birth
12-hydroxyheptadecadienoic	treatment	hhd
153sm-edtmp	treatment	toxicity
5-aminolevulinic_acid	treatment	cerebral_melanoma_metastasis
25hc	treatment	hcv_infection
5-aminolevulinic_acid	treatment	malignant_gliomas
5,6-dht	treatment	hypersensitivity_to_5-ht
3-methoxydocosanoic_and_3-methoxytetracosanoic_acids	treatment	fa
25-ohd	treatment	sarcopenia
2-methoxy_antimycin_a3	treatment	tumor
2,4-dichlorophenoxyacetic_acid	treatment	gametopathies_and_fetal_death
2-chloroprocaine	treatment	analgesia
3-ma	treatment	ovarian_cancer
2-o-acetyllycorine	treatment	mouse_lymphoma
2-octylcyanoacrylate	treatment	transhepatic_variceal_embolization
125-iodine	treatment	definitive_implantation_in_the_treatment_of_some_apical_and_non_apical_lung_tumors
13-cis-retinoic_acid	treatment	myelodysplastic_syndrome
18f-dopa	treatment	brain_tumors
3-np	treatment	spiral_ganglion_cell_degeneration
3k3a-apc	treatment	embolic_stroke
12-o-tetradecanoylphorbol-13-acetate	treatment	breast_cancer
2-d08	treatment	acute_myeloid_leukemia
17-aag	treatment	retinoblastoma
4mp	treatment	carcinoma_in_situ
12-o-tetradecanoylphorbol-13-acetate	treatment	metastasis
3-methoxy-4-hydroxyphenylglycol	treatment	manic-depressive
17b-estradiol	treatment	hyperglycemia
3-oxo-c12-hsl	treatment	ligand_binding_domain
17-alpha_hydroxyprogesterone_caproate	treatment	gdm
3h-cyclic-amp	treatment	hypothyroidism
57co-labeled_bleomycin	treatment	malignant_tumor
18-oxocortisol	treatment	gra
3-hydroxyglutaric_aciduria	treatment	glutaryl-coa_dehydrogenase_deficiency
25-hydroxyvitamin_d	treatment	cardiovascular_disease
12-o-tetradecanoylphorbol-13-acetate	treatment	myeloid_leukemia
2-ag	treatment	inflammation
17beta-estradiol	treatment	experimental_autoimmune_encephalomyelitis
3,4-dichloropropionanilide	treatment	neurotoxic
25-ohd	treatment	arthritis
5-adc	treatment	ssc
3-pga	treatment	faster_fbp_consumption
3-phenyl-1-propanol	treatment	toxicity
3-aminophthal-hydrazide	treatment	alopecia
111in-octreotide	treatment	small_cell_lung_cancer
2-acylaminobenzimidazoles	treatment	hypotensive
26-hydroxycholesterol	treatment	atherosclerotic
5-asa	treatment	colorectal_cancers
3_beta-hydroxysteroid	treatment	3b-hsd_deficiency
4-aminopyridine	treatment	epileptiform_bursting
177lu-psma-617	treatment	advanced-stage_prostate_cancer
21-deoxyaldosterone	treatment	hypertension
25-hydroxyvitamin_d	treatment	systemic_lupus_erythematosus
25-hydroxyvitamin_d	treatment	adiposity
18f-fdg	treatment	inflammation
18f-fdg	treatment	breast_leiomyosarcoma
2-octynoic_acid	treatment	hepatitis_c_virus_infection
2-me	treatment	tumors
3,4-benzpyrene	treatment	carcinogenesis
1-methyl-4-phenyl-1,2,3,6-tetrahydropyridine	treatment	pd
5,8,11,14-eicosatetraynoic_acid	treatment	aa
2-dg	treatment	chl
2-ap	treatment	metastasis
4-hydroxyanisole	treatment	malignant_melanoma
4-methoxyphenol	treatment	forestomach_mucosa
5-aminolaevulinic_acid	treatment	pdt
25-hydroxyvitamin_d	treatment	autism_spectrum_disorder
1,2-dichloroethane	treatment	impairment_of_lipoglycoprotein_metabolism
5-aminolevulinic_acid	treatment	metastases
4-oxo-isotretinoin	treatment	cystic_acne
1-methyl-4-phenyl-1,2,3,6-tetrathydropyridine	treatment	pd
2-amino-7-phosphonoheptanoic_acid	treatment	convulsions
25-hydroxyvitamin_d	treatment	psoriasis
1,25-dihydroxyvitamin_d	treatment	end-stage_renal_disease
3-thiadicarboxylic_acid	treatment	nephrosis
4-caproylamino_diphenylsulfone	treatment	tuberculosis
177lu-octreotate	treatment	gastroenteropancreatic_neuroendocrine_tumors
1alpha-hydroxyvitamin_d3	treatment	renal_osteodystrophy
5,6-mexaa	treatment	subcutaneous_mac15a_tumours
2-cda	treatment	lymphoproliferative_disorders
13-cis-retinoic_acid	treatment	stomach_tumor
3,4-dihydroxyphenylethanol-elenolic_acid_dialdehyde	treatment	hemolysis
25-oh_vitd	treatment	aps
4-mba	treatment	sers
1,4-butanediol_dimethylsulfonyl_ester	treatment	myeloid_leukemia
1-palmitoyl-2-azelaoyl-sn-glycero-3-phosphocholine	treatment	pazepc
3-ma	treatment	death
2-cda	treatment	cutaneous_t-cell_lymphoproliferative_disorders
2-iod	treatment	maladaptive_denture
25-hydroxycholesterol	treatment	smc
2-hydroxylglutarate	treatment	glioma
4-hydroxyandrostenedione	treatment	breast_cancer
3-acdon	treatment	toxicity
2-hydroxyestradiol	treatment	tumor
17b-estradiol	treatment	balloon_injury
1,1-dichloro-2-propanone	treatment	subchronic_toxicity
1,2-dimethylhydrazine	treatment	gastrointestinal_cancer
13-cis-retinoic_acid	treatment	oral_cancer_model_system
18f-fet	treatment	insulinoma
3-hydroxykynurenine	treatment	pd
2,6-di-o-methyl-beta-cyclodextrin	treatment	cholesterol_depletion
2-c14_urate	treatment	hyperuricemia
4-hydroxy-2,2,6,6-tetramethylpiperidine-1-oxyl	treatment	pain
1-naphthoic_acid	treatment	hplc_separation
1-13c_pyruvate	treatment	brain_tumor
13-cis-retinoic_acid	treatment	malignant_gliomas
2-cda	treatment	cytotoxicity
12-0-tetradecanoylphorbol-13-acetate	treatment	neuroblastoma
2-butoxyethanol	treatment	hemolysis
4-methylpyrazole	treatment	adh
25-hydroxyvitamin_d	treatment	depression
17b-estradiol	treatment	inflammation
2n	treatment	mhs
20e	treatment	jh
13c-methacetin	treatment	chc
4-carbamoylimidazolium_5-olate	treatment	leukemia
14c-glyphosate	treatment	gs
2-hydroxypropyl-b-cyclodextrin	treatment	neurological_disease
4kb5	treatment	myeloma
5-aminosalicylic_acid	treatment	ulcerative_colitis
2-aadt	treatment	hematopoietic
17b-estradiol	treatment	cardiac_apoptosis
2-hydroxypropyl-b-cyclodextrin	treatment	hc
111in-pentetreotide	treatment	small-cell_lung_cancer
3-nitropropanoic_acid	treatment	basal_ganglia_degeneration
18f-fdg	treatment	brain_tumors
2-methoxy-antimycin_a	treatment	cancer
4-nitroquinoline_1-oxide	treatment	oral_cancer
3-mca	treatment	sarcomas
3-hydroxyisovaleric_acid	treatment	biotin_deficiency
4-hpr	treatment	carcinogenesis
2-methyl-adenosine	treatment	tuberculosis
1,2-epoxybutene-3	treatment	bd
1,1-diphenyl-2-picrylhydrazyl	treatment	pd
18sab075	treatment	parasitemia
2-o-methylantimycin	treatment	cytotoxicity
1,5-pentanediol	treatment	pd
3-hydroxy-3-methylglutaryl_coenzyme_a	treatment	melanoma
3,4-dhb	treatment	sepsis
5-aminolevulinic_acid	treatment	vulvar_lichen_sclerosus
3,4-methylenedioxymethamphetamine	treatment	overdose
3a,5a-thp	treatment	aud
3h-thymidine	treatment	os
1-methyl-4-phenyl-1,2,3,6-tetrahydropyridine	treatment	parkinsonian_symptoms
10-hda	treatment	colon_cancer
1-propanol	treatment	cancer
48740rp	treatment	rabbit_platelet_aggregation
3-oxauracil	treatment	l1210_leukemia
11-deoxycorticosterone	treatment	essential_and_renovascular_hypertension
2-chloropyridine	treatment	cytotoxicity
17beta-estradiol	treatment	cho
3-nitropropionic_acid	treatment	neurodegeneration
17-hydroxycorticosteroid	treatment	hyperthermia
2-ethoxybenzoic_acid	treatment	cytotoxicity
25-hydroxyvitamin_d	treatment	asthma
3-n-butylphthalide	treatment	chronic_cerebral_ischemia
2-aryl-n-methylsuccinimides	treatment	toxicity
4-hydroxyanisole	treatment	melanoma
2-mercaptoethanol	treatment	cancer
12-o-tetradecanylphorbol_13-acetate	treatment	embryonal_carcinoma
17_beta-estradiol	treatment	endometriosis
14c-normetanephrine	treatment	ischemic
2-chlorodeoxyadenosine	treatment	langerhans_cell_histiocytosis
2,4,6-trinitrobenzene_sulfonate	treatment	colitis
4-hc	treatment	tumors
17-hydroxyprogesterone	treatment	polycystic_ovary_syndrome
25_hydroxyvitamin_d	treatment	acute_coronary_syndrome
2-hydroxypropyl-b-cyclodextrin	treatment	hearing_loss
5-adenosylhomocysteine	treatment	aki
12-o-tetradecanoylphorbol-13-acetate	treatment	lung_carcinoma
1-cyproterone_acetate	treatment	testicular_necrosis
3-methylindole	treatment	alveolar_damage
2-c-hydroxymethylribofuranosylpurines	treatment	hcv
4-ap	treatment	toxicity
2-chlorodeoxyadenosine	treatment	waldenstrom_macroglobulinemia
2-biphenylamine_hydrochloride	treatment	hemangiosarcomas
3-oxa-analogue	treatment	platelet_aggregation
1-methyl-4-phenyl-1,2,3,6-tetrahydropyridine	treatment	neurochemical_and_functional_deficits
25-oh-vitd	treatment	crs
20-hete	treatment	vasospasm
3-du	treatment	acute_leukemia
4-phenylbutyric_acid	treatment	spinal_cord_injury
5-aminolevulinic_acid	treatment	photodynamic_therapy
2-ap5	treatment	pds
1,1-dichloroethylene	treatment	lung_injury
2-decarboxybetanin	treatment	ms
3-oaa	treatment	cpa
4-phenylbutyrate	treatment	alf
21-oh_germline	treatment	adrenal_incidentalomas
4-aminopyridine	treatment	tremor
3-mi	treatment	alveolar_septal_injury
1-methyl_4-phenyl_1,2,3,6-tetrahydropyridine	treatment	parkinsonian
1,25-vd	treatment	pca
5-aminosalicylates	treatment	cd
1,3,6,7-tetrahydroxy-8-prenylxanthone	treatment	inflammation
15d-pgj2	treatment	endotoxic_shock
17beta-estradiol	treatment	chs
2,3,7,8-tetrachlorodibenzo-p-dioxin	treatment	breast_carcinoma
25-hydroxyvitamin_d	treatment	fhpt
1-methoxyoctadecan-1-ol	treatment	neuronal_death
2-cyclohexyl-1,6-heptadien-3-one	treatment	toxicity
18f-thk5351	treatment	aphasia
2-dg	treatment	schizophrenia
5-a-ris	treatment	sexual_and_erectile_dysfunction
3h-imi	treatment	panic_disorder
1,2-dimethylhydrazine	treatment	tumor
2,4-dichlorophenol	treatment	wt
2,3-diphosphoglycerate	treatment	hypertensives
4mu	treatment	toxicity
201tl-chloride	treatment	medullary_carcinoma
3-hydroxy-3-methylgutaryl-coenzyne_a	treatment	acute_ischemic_stroke
2,4-dinitrofluorobenzene	treatment	hypersensitivity
20-hete	treatment	tumor
2-alkoxy	treatment	toxicity
5-ala	treatment	cerebral_gliomas
25-hydroxyvitamin_d	treatment	dmd
111-indium-octreotide	treatment	lymph_node_tuberculosis
19-nor-doc	treatment	hypertension
1rm	treatment	hl-rt
17beta-estradiol	treatment	vaginal_atrophy
4-ipomeanol	treatment	toxicity
2-cda	treatment	cll
15d-pgj2	treatment	hemorrhage
2-allyloxy-3-methylbenzamide	treatment	porphyria
2-deoxy-d-glucose	treatment	pancreatic_cancer
3,4-methylenedioxymethamphetamine	treatment	neurotoxicity
5-aminoisoquinolinone	treatment	myocardial_infarct
17b-estradiol	treatment	bone_deterioration
2-chlorodeoxyadenosine	treatment	t-cell_prolymphocytic_leukemia
111in-octreotide	treatment	pituitary_adenomas
4-methoxy-5-hydroxycanthin-6-one	treatment	ulcerative_colitis
4-epi-doxorubicin	treatment	esophageal_cancer
3aoa	treatment	ocsln
19-norandrosterone	treatment	dd
25-hydroxyvitamin_d3	treatment	tenderness
2br-dab	treatment	pancreatic_cancer
2-mercaptopropionylglycine	treatment	membranous_glomerulonephritis
2-deoxy-d-glucose	treatment	epilepsy
13n-ammonia	treatment	splenic_vein_obstruction
24,24-difluoro-1,25-dihydroxycholecalciferol	treatment	hypertension
18f-fluorodeoxyglucose	treatment	urothelial_carcinoma
1,5-cyclooctadiene	treatment	dendritic_ligands
25-hydroxyvitamin_d	treatment	dm
3-methyllexitropsin	treatment	xeroderma_pigmentosum
111in-octreotide	treatment	medullary_thyroid_carcinoma
3h-androstenedione	treatment	breast_tumors
2,6-diisopropylphenol	treatment	blood_coagulation
17-allylamino-17-demethoxygeldanamycin	treatment	chronic_myeloid_leukemia
3,4-dap	treatment	multiple_sclerosis
4-ha	treatment	melanoma
186re-hedp	treatment	cancer
3-methoxy-4-hydroxyphenylglycol	treatment	major_depressive_disorder
17b-estradiol	treatment	cardiac_hypertrophy
18f-dg	treatment	malignant_tumors
5-aminolevulinic_acid	treatment	granuloma
4-demethoxydaunorubicin	treatment	leukemias
25-hydroxyvitamin_d	treatment	diabetes
2-oxoglutarate	treatment	hypoxic
3,4-amino-1,2,4-triazole	treatment	mas
2-methoxyestradiol	treatment	leukemia
1,9-diphenyl-9h-fluorene	treatment	ms
4-hne	treatment	ald
17beta-estradiol	treatment	postmenopausal_symptoms
1-bromopropane	treatment	learning_and_memory_deficits
3,4-epoxybutane	treatment	toxicity
1-14c_linoleic_acid	treatment	cf
11-deoxycorticosterone	treatment	crpcs
1,2-dimethyl-3-hydroxypyrid-4-one	treatment	iron_overload
1,25-dihydroxyvitamin_d3	treatment	psoriasis
18f-fp-cit	treatment	pd
25-hydroxyvitamin_d	treatment	autism_spectrum_disorders
25-hydroxyvitamin_d	treatment	crf
2-deoxy-d-glucose	treatment	temporal_lobe_epilepsy
1,2-dimethylhydrazine	treatment	adenocarcinoma
12-0-tetradecanoyl_phorbol-13-acetate	treatment	pkc
2-deoxy-d-glucose	treatment	dependence
177lu-labeled_octreotate	treatment	remission_of_endocrine_gastroenteropancreatic_tumors
3h-thymidine	treatment	thymoma_tumour
18f_fluorodeoxyglucose	treatment	myocardial_viability
4-hydroxyaminoquinoline-1-oxide	treatment	pancreatic_acinar_cell_necrosis
2,4-diamino-6-hydroxy-pyrimidine	treatment	sepsis
1-hchpk	treatment	cytotoxicity
2-deoxy-d-glucose	treatment	genital_herpes_infections
5-aminolevulinic_acid	treatment	glioblastoma
3-nt	treatment	diabetic
17beta-estradiol	treatment	pkc
3,4-methylenedioxymethylamphetamine	treatment	cardiotoxicity
4-ap	treatment	epilepsy
1-octen-3-ol	treatment	mts
13c-urea	treatment	infection
3_a-diol	treatment	seminal_t
2dg	treatment	tremors
25-hydroxyvitamin_d	treatment	neurological_sequelae
11-oxygenated-c19_androgens	treatment	cah
131_i-metaiodobenzylguanidine	treatment	neuroblastoma
3,4-diaminopyridine	treatment	multiple_sclerosis
17_beta-estradiol	treatment	seizures
17b-estradiol	treatment	malignancy_of_cancer
5-aminolevulinic_acid	treatment	breast_tumor
17-allylamino-17-demethoxygeldanamycin	treatment	melanoma
2,2-diphenyl-4-diisopropylaminobutyramide_methyl_iodide	treatment	spasm
13-trans_retinoic_acid	treatment	acute_promyelocytic
123i-mibg	treatment	phaeochromocytomas_and_paragangliomas
1-methyl-1-nitrosourea	treatment	melanoma
25-hydroxy_vitamin_d	treatment	pca
25-hydroxyvitamin_d	treatment	metd
18f-fdg	treatment	diabetes_insipidus
1,25-vitamin_d3	treatment	impaired_renal_function
1,2-nq	treatment	cataracts
3,4-methylenedioxymethamphetamine	treatment	anxiety_disorder
14c-urea	treatment	helicobacter_pylori_infection
2-polyhydroxyethyl_methacrylate	treatment	aneurysms
25-hydroxyvitamin_d	treatment	cancer
5,6-trans_vitamin_d3	treatment	chronic_renal_disease
25-hydroxyvitamin_d3	treatment	postmenopausal_osteoporosis
1,2-diacylglycerol	treatment	pkc
3h-thymidine	treatment	ird
1,25-dihydroxy_vitamin_d3	treatment	renal_failure
2-me-l	treatment	hepatocellular_carcinoma
15au81	treatment	congestive_heart_failure
177lu-psma	treatment	mcrpc
3-methyl-1-butanol	treatment	toxicity
12-o-tetradecanoylphorbol-13-acetate	treatment	epidermoid_carcinoma
15n-glycine	treatment	chronic_renal_failure
4-methylesculetin	treatment	colitis
4-quinolones	treatment	bacterial_infections
25-hydroxyvitamin_d	treatment	periodontal_disease
3-monochloropropane-1,2-diol	treatment	subchronic_toxicity
2-cda	treatment	eruption
2-methyl-epa	treatment	enlargement_of_the_liver
2-methoxyestradiol	treatment	laryngeal_papillomatosis
17-ketosteroids	treatment	liver_disease
1,3-dag	treatment	diabetic_apoe-deficient
3h-serotonin	treatment	enteric_serotonergic_neurons
25-hydroxycholecalciferol	treatment	orthopedic_infections
5-aminolevulinic_acid	treatment	precancerous_lesions
5_ala-pdt	treatment	eps
3,5-t2	treatment	hyperthyroidism
17-hydroxyprogesterone	treatment	adrenal_incidentalomas
2-methyl-3-hydroxy-5_keto_esters	treatment	alcohol_deprotection
5-ala-pdt	treatment	deeper_skin_tumor
5-aminoimidazole-4-carboxamide_riboside	treatment	cll
1-methylnicotinamide	treatment	murine_insulinoma
3,4-methlylenedioxymethamphetamine	treatment	brain_dysfunction
2-chloroprocaine	treatment	neurologic_symptoms
3h-betaxolol	treatment	atrial_slices
3-pufas	treatment	stroke
2-a-dnt	treatment	tnt
1-methyl-4-phenyl-1,2,3,6-tetrahydropyridine	treatment	nigrostriatal_injury
3,6-dhf	treatment	breast_carcinogenesis
5-asa	treatment	diversion_colitis
12-0-tetradecanoylphorbol-13-acetate	treatment	pdb
5,7-dht	treatment	mbh
1,25-d3	treatment	pca
2-chlorodeoxyadenosine	treatment	nonhematologic_malignancies
25-hydroxyvitamin_d	treatment	ais
1-methyl-add	treatment	hyperplasia
3-methyladenine	treatment	fibrosarcoma
18f-fluoride	treatment	osteonecrosis
25-hydroxycholesterol	treatment	glioblastoma
1,2-dimethylhydrasine	treatment	hol
4-aminopyridine	treatment	automaticity
1,25-dihydroxyvitamin_d3	treatment	asthma
18f-fdg	treatment	nodal_metastasis
3,5,3-triiodo-l-thyronine	treatment	ascites_tumor
5-aminolaevulinic_acid	treatment	hepatic_porphyrias
1,10-phenanthroline	treatment	oedema
1,2-dichloropropane	treatment	fatigue
3-methylcholanthrene	treatment	mammary_tumors
17b-estradiol	treatment	lbd
12-o-tetradecanoylphorbol_13-acetate	treatment	oa
3-acetyl-5-methyltetronic_acid	treatment	glomerulonephritis
1-methyl-4-phenylpyridinium	treatment	toxicity
1e3mim	treatment	toxicity
11-deoxycortisol	treatment	gs
18f-2-deoxyglucose	treatment	myocardium
2,4-dinitrophenyl	treatment	myeloma
2,4-dcp	treatment	go
10058-f4	treatment	pdac
3-nitropropionic_acid	treatment	hearing_loss
2,4,6-trinitrobenzenesulfonic_acid	treatment	uc
1,2_dog	treatment	pkc
1-norepinephrine	treatment	hypotension
4-aminobiphenyl	treatment	human_uroepithelial_cells
14c-2-deoxyglucose	treatment	mcao
2-ag	treatment	neuronal_plasticity
3,4-diaminopyridine	treatment	ventilatory_failure
1,2-dichloroethane	treatment	brain_edema
18f-fdg	treatment	granuloma
2-hydroxyglutarate	treatment	tumor
17_a-hydroxyprogesterone_caproate	treatment	preterm_birth
2hf	treatment	drug_for_lung_cancer
5-aminolevulinic_acid	treatment	rectal_tumors
25-hydroxyvitamin_d	treatment	overweight_and_obesity
2,5,7-tricarbo-substituted_indoles	treatment	cytotoxicity
1,25-dihydroxyvitamin_d3	treatment	colon_carcinoma
3-ma	treatment	hnc
4,8-dimethylcoumarin	treatment	constipation
123i-beta-methyl_iodophenyl_pentadecanoic_acid	treatment	hypertrophic_cardiomyopathy
24s-hydroxycholesterol	treatment	ad
18f-fdg	treatment	staphylococcus_aureus_osteomyelitis
2,3-diphosphoglycerate	treatment	hypoxia
4-vinyl_cyclohexene_diepoxide	treatment	ovarian_failure
12-o-tetradecanoylphorbol-13-acetate	treatment	inflammation
3-np	treatment	brain_ischemia
1,25-dihydroxyvitamin_d3	treatment	myeloid_leukemia
3-methylcrotonyl-coa	treatment	global_developmental_delay
13-cis-retinoic_acid	treatment	metastatic_neuroblastoma
2-nitroimidazole	treatment	tumor_hypoxia
14c-triolein	treatment	malabsorption
2-ox	treatment	cartilage_impairment
1-nitro-2-phenylethane	treatment	edema
17-alpha-hydroxyprogesterone_caproate	treatment	preterm_labor
2,3-butanedione_monoxime	treatment	tension
4-pb	treatment	glioma
5-aminosalicylic_acid	treatment	colorectal_neoplasia
3-hydroxyflavone	treatment	tumor
17b-estradiol	treatment	hypertension
2-cado	treatment	hypercapnia
25-hydroxyvitamin_d	treatment	osteoporotic_fractures
2-dg	treatment	ganglia
14c_glucose	treatment	ha
5-aminolevulinic_acid	treatment	tlrs
17-b-estradiol	treatment	sd
2-acetylaminofluorene	treatment	liver_toxicity
11beta-hydroxysteroid	treatment	type
1,6-hexamethylene_diisocyanate	treatment	hdi
1,25-vitamin_d	treatment	celiac_disease
2,4-dinitrochlorobenzene	treatment	skin_lesions
25-oh_vitamin_d	treatment	ckd
17-allylamino-17-demethoxygeldanamycin	treatment	prostate_cancer
4-hne	treatment	neurological_disorders
25ohd	treatment	ms
17-allylamino-17-demethoxygeldanamycin	treatment	hepatocellular_carcinoma
1,25-dihydroxy_vitamin_d3	treatment	osteopenia
14c-cholic_acid	treatment	fulminant_hepatic_failure
5,6-dihydro-5-azathymidine	treatment	herpes_simplex_virus_infections
4aza1378	treatment	tnbs_colitis
1rm	treatment	es
13c-methacetin	treatment	non-alcoholic_fatty_liver_disease
12-o-tetradecanoylphorbol-13-acetate	treatment	acute_promyelocytic_leukemia
177lu-dotatate	treatment	gastroenteropancreatic_net
5-aminosalicylic_acid	treatment	colorectal_dysplasias
1,25-dihydroxyvitamin_d3	treatment	hypercalcemia
5-aminoimidazole-4-carboxamide_riboside	treatment	vascular_permeability
18f-fdg	treatment	granulocytic_sarcoma
25-hydroxyvitamin_d	treatment	death
3-oh-butyrate	treatment	heart_failure
2-dg	treatment	oral_cancer
4-fa	treatment	cognitive_empathy
5,6-dihydroxyindole	treatment	melanoma
4-methylumbelliferone	treatment	ha
25-hydroxy-vitamin_d	treatment	pcos
4-methylimidazole	treatment	erythrocytosis
4sc-202	treatment	hcc
15d-pgj2	treatment	lung_injury
2-deoxy-d-glucose	treatment	neuroblastoma
17-b-estrodiol	treatment	vascular_dementia
17beta-estradiol	treatment	diabetic_renal_disease
3-methyladenine	treatment	avos
2-buten-4-olide	treatment	arthritis
15d-pgj	treatment	colon_cancer
5-aminosalicylate	treatment	tubulointerstitial_nephritis
5,7-dimethoxy-2-phenyl-n-propylquinolin-4-amine	treatment	colon_cancer
18f-choline	treatment	prostate_cancer
1-naphthylisothiocyanate	treatment	cholangiolitic_hepatitis
17-aag	treatment	lung_cancer
4-hexylresorcinol	treatment	melanosis
3-alpha-androstanediol	treatment	neuromuscular_diseases
12-o-tetradecanolylphorbol-13-acetate	treatment	inflammation
3-methylcholanthrene	treatment	tumor
2-aryl_benzimidazole	treatment	breast_cancer
11beta-hydroxysteroid	treatment	prostate_cancer
57co-bleomycin	treatment	staging_of_carcinoma_of_the_cervix
2-tert-butyl-1,4-benzoquinone	treatment	monocytic_leukemia
5-ala	treatment	glucose_intolerance
3-indole	treatment	lung_cancer
1,5-ag	treatment	mody
1alpha-hydroxyvitamin_d3	treatment	hypercalcemia
17b-estradiol	treatment	muscle_damage
3-hydroxyanthranilic_acid	treatment	osteoporosis
3-methyladenine	treatment	necrosis
2-phenylpropenal	treatment	toxicities
17-aag	treatment	multiple_myeloma
186re-1,1-hydroxyethylidene_diphosphonate	treatment	toxicity
3h-spiperone	treatment	neuroleptic-naive-schizophrenia
5-aminosalicylic_acid	treatment	colorectal_adenomas
2-cda	treatment	b-cell_chronic_lymphocytic_leukemia
1-methyl-4-phenyl_pyridine	treatment	neurotoxicity
17b-estradiol	treatment	temporomandibular_joint
177lu-dota-eb-tate	treatment	nen
3-npa	treatment	seizures
13-cis-retinoic_acid	treatment	adenocarcinoma_of_the_endometrium
17-aag	treatment	neurological_disorders
1alpha-hydroxyimbricatolic_acid	treatment	toxicity
2-deoxy-d-glucose	treatment	hypersensitivity
2-cda	treatment	lch
1-phenyl-3-methyl-3-pentanol	treatment	toxicity
5-aminolaevulinic_acid	treatment	cancer
4-methylcatechol	treatment	spiral_ganglion_neurons
153sm-edtmp	treatment	pain
2-mercaptoethanol_sodium_sulfonate	treatment	hemorrhagic_cystitis
25-hydroxyvitamin_d3	treatment	melanoma
17beta-estradiol	treatment	increases_in_renal_protein_carbonyls
1-sulpiride	treatment	space_motion_sickness
15d-pgj	treatment	leukemia
5-aminosalicylate	treatment	uc
3-methylglutaconic	treatment	endocardial_fibroelastosis
3-cp	treatment	mmc_cytotoxicity
12-o-tetradecanoylphorbol-13-acetate	treatment	erythroleukemia
17d-204	treatment	yf
18f-fdg	treatment	malignant_granular_cell_tumor
3_hydroxyacyl	treatment	had
5-asa	treatment	inflammatory_bowel_disease
12-o-tetradecanoyl-phorbol-13-ester	treatment	pkc
4-hydroxy-17alpha-methyltestosterone	treatment	hypertension
25-hydroxyvitamin_d	treatment	vitiligo
2-chloroadenosine	treatment	depressions
2,4-dichlorophenol	treatment	toxicity
11c-choline_pet	treatment	prostate_cancer
4-hydroxybutyl-butylnitrosamine	treatment	respiratory_and_bile_duct_tumors
4-hydroxy-2-nonenal	treatment	non-cross-link_and_cross-link_ages_and_ales
3alpha-epithio-5alpha-androstand-17beta-yl_1-methoxy-cyclopentyl_ether	treatment	advanced_breast_cancer
1-hexadecyl-3-methylimidazolium_chloride	treatment	hela
18f-fluorodeoxyglucose	treatment	metabolic_syndrome
1-o-acyl	treatment	myelomonocytic_wehi-3b_leukemia
25-hydroxyvitamin_d	treatment	non-vdd
15-deoxyspergualin	treatment	graft-versus-host_disease
1h-mrs	treatment	fle
3-bromopyruvate	treatment	targeting_cancer
4-dimethylaminostilbene	treatment	tumor
1,25-dihydroxyvitamin_d3	treatment	cancer
4-mercaptobenzenesulfonamide	treatment	poisoning
10058-f4	treatment	cold_allodynia
2-thio-pyrimidine_nucleoside	treatment	cytotoxicity
4-nqo	treatment	escc_mouse
1,3-bg	treatment	allergic_contact_dermatitis
5-aminolevulinic_acid	treatment	human_glioma
17-allylamino-17-demethoxygeldanamycin	treatment	oral_squamous_cell_carcinoma
11c-methionine	treatment	ovarian_cancer
17_beta-estradiol	treatment	endometrial_carcinoma
2-chloroprocaine	treatment	paracervical_block
31p	treatment	heart_and_the_liver
18f-fluorodihydroxyphenylalanine	treatment	low-grade_glioma
2-h_glucose	treatment	atherosclerosis
3,5-dihydroxyphenylglycine	treatment	tetanus
12-o-tetradecanoylphorbol-13-acetate	treatment	protein_kinase_c
1,2-dihydroxybenzene	treatment	convulsive
3-npa	treatment	ischemic_tolerance
131-i-bromsulphalein	treatment	hepatitis
15,16-dihydrotanshinone_i	treatment	platelet_aggregation
4-n-octylphenol	treatment	male_infertility
2me	treatment	pah
5-aminosalicylic_acid	treatment	acute_diverticulitis
3-ma	treatment	mitochondrial_dysfunction
25-oh-d	treatment	cdms
14c-glucose	treatment	liver_cirrhosis
11-dehydro_thromboxane_b2	treatment	cad
4-pba	treatment	neuropathic_pain
5alpha-dihydrotestosterone	treatment	carcinoma
5-aminolaevulinic	treatment	restenosis
17-ketosteroids	treatment	convulsive
2-beta-d-ribofuranosylthiazole-4-carboxamide	treatment	chinese_hamster_ovary
2,4,6-trinitrobenzenesulphonic_acid_sodium_salt	treatment	colitis
2-cda	treatment	ple
177lu-dotatoc	treatment	neuroendocrine_tumors
25-hydroxyvitamin_d	treatment	cvds
123i-metaiodobenzylguanidine	treatment	inferior_myocardial_defect
223racl2	treatment	prostate_cancer
18f_choline	treatment	parathyroid_adenoma
3-5-fold	treatment	glioma_tumour
5-aminoimidazole-4-carboxamide-1-b-d-ribofuranoside	treatment	experimental_dry_eye
4-nitroquinoline_n-oxide	treatment	nbccs
3-o-methylglucose	treatment	diabetic
17beta-estradiol	treatment	arterial_injury
18f-fluorodeoxyglucose	treatment	gastrointestinal_stromal_tumor
2,5-dimethylpyrrole	treatment	rop
17beta-estradiol	treatment	toxicity
18f-fluorodeoxyglucose	treatment	hematological_malignancies
1-palmitoyl-2-oleoyl-sn-glycero-3-phosphatidylcholine	treatment	gmvs
2-mesadp	treatment	platelet_aggregation
2,4-dcp	treatment	adrenocortical_carcinoma
5-aminolaevulinic_acid	treatment	superficial_basal_cell_carcinoma
1e8	treatment	prostate_cancer
4-aepb	treatment	maximal_electroshock-induced_seizures
2dg	treatment	visual_cortex_lesion
4-aminopyridine	treatment	multiple_sclerosis
3-iodocytisine	treatment	hypothermia
4-methylumbelliferone	treatment	acute_lung_inflammation
13-cra	treatment	neuroblastoma
3-o-sulfated_heparan_sulfate	treatment	corneal_fibroblasts
3du	treatment	toxicity
1,25-dihydroxyvitamin_d3	treatment	renal_insufficiency
25-oh-d	treatment	musculoskeletal_pain
5,6_mexaa	treatment	tumours
25-hydroxy-vitamin_d3	treatment	hypervitaminosis_d
3-ohb	treatment	hfref
18f-fdg-pet	treatment	breast_cancer
3,5-me2-napqi	treatment	nad
3-ketoacyl-coa	treatment	rcdp
2,4-dinitrochlorobenzene	treatment	ad
4-methylumbelliferone	treatment	bladder_cancer
2,3,5-triphenyltetrazolium_chloride	treatment	myocardial_infarct
1-phenyl-3-methyl-4-acyl-pyrazol-5-ols	treatment	hl
25-oh-cholecalciferol	treatment	bone_loss
1-amino-4-butanol	treatment	rpe
2-dg	treatment	spd
4-mei	treatment	mammary_tumors
2-hydroxyglutarate	treatment	gliomas
4-amino	treatment	endotoxic_shock
13c-methacetin	treatment	nafld
14c-oestrone	treatment	tumours
4-hpr	treatment	rheumatoid_arthritis
2-ag	treatment	lateral_hypothalamus
1,2-benzopyrone	treatment	renal_cell_carcinoma
20e	treatment	tree-top_disease
5,6-dihydro-5-azacytidine	treatment	experimental_leukemias
4dmp	treatment	mip
3-methyladenine	treatment	astrocytoma
4-hydroperoxycyclophosphamide	treatment	acute_myeloid_leukemia
2-acetylaminofluorene	treatment	liver_injury
11c-n-methylspiperone	treatment	melanoma
3,4-methylenedioxymethamphetamine	treatment	post-traumatic_stress_disorder
3h-saxitoxin	treatment	hypoxia
1-methyl-4-phenyl-1,2,3,6-tetrahydropyridine	treatment	degeneration_of_the_nigrostriatal_bundles
5-aminolevulinic_acid	treatment	tumor
2-dg	treatment	melanoma
177lu-psma	treatment	prostate_cancer
5,6-trans-25-hydroxycholecalciferol	treatment	chronic_renal_failure
1-deamino-8-d-arginine	treatment	von_willebrand
2-hydroxycaproate	treatment	death
330-440_mbq_18f-fluorodeoxyglucose	treatment	head_and_neck_cancer
2-dg	treatment	liver_cancer
2-dg	treatment	intracranial_meningiomas
12-o-tetradecanoyl_phorbol-13-acetate	treatment	pkc
1-methyl-4-phenylpyridinium	treatment	a_parkinson-like_syndrome
2-n-octylthiophene	treatment	ac
4-ethoxycarbonylethyl_curcumin	treatment	prostate_cancer
3nap	treatment	rnos
3-hydroxy-3-methylglutaric_aciduria	treatment	reye_like_syndrome
4-hydroxy-2-nonenal	treatment	obesity
1-nitropyrene	treatment	cytotoxicity
18f-fdg	treatment	thyroid_carcinoma
2-arachidonoylglycerol	treatment	prostate_carcinoma
18-fdg	treatment	pulmonary_dirofilariasis
2,3-dideoxycytidine	treatment	peripheral_neuropathies
18b-glycyrrhetinic_acid	treatment	epithelial_carcinoma
10-edam	treatment	squamous_cell_carcinoma
2-br-alpha-ergocryptine	treatment	amenorrhea
125-iodine	treatment	pineoblastomas
1-methyl-4phenyl-1,2,3,6-tetrahydropyridine	treatment	depression-like_syndrome
3-mcpd	treatment	toxicity
25hc	treatment	infection
15-hydroperoxyeicosatetraenoic_acid	treatment	endothelial_injury
3-omd	treatment	parkinsonian
12-o-tetradecanoylphorbol-13-acetate	treatment	skin_carcinogenesis
17a-ethinylestradiol	treatment	toxicity
4-coumaric_acid	treatment	radical_damage
25-oh-d	treatment	ms
17-beta_estradiol	treatment	toxicity
1a-hydroxycholecalciferol	treatment	idiopathic_or_surgical_hypoparathyroidism
2-chloroadenosine	treatment	hippocampus_and_cortex_ipsilateral_to_injury
17b-estradiol	treatment	aki
1metiq	treatment	neurodegenarative_illnesses
1-methyl-4-phenyl-1,2,3,6-tetrahydropyridine	treatment	parkinsonian_neurotoxins
18f-fdg	treatment	rcc
18b-glycyrrhetinic_acid	treatment	rheumatoid_arthritis
2-deoxy-d-glucose	treatment	acute_lymphoblastic_leukemia
2-methoxyestradiol	treatment	at
20_acid	treatment	heartburn
5-aif	treatment	metastasis
3,4-dap	treatment	lambert-eaton_myasthenic_syndrome
17alpha-hydroxyprogesterone	treatment	ovarian_vein
2,4-d	treatment	infertility
35s-methionine	treatment	healing_inflammation
4-methylimidazole	treatment	cancer
5-ala	treatment	phototoxicity
5-asa	treatment	alveolitis
1-o-hexadecyloxypropyl-cdv	treatment	cmv_and_herpes_simplex_virus_infections
14,15-epoxyeicosatrienoic_acids	treatment	preeclampsia
4-hw	treatment	tnbc
18f-fluoro-2-deoxyglucose	treatment	breast_cancer
2-sulphanilamido-5-methoxypyrimidine	treatment	renal_parenchyma
18f-fluorodeoxyglucose	treatment	splenomegaly
25_hydroxyvitamin_d	treatment	rms
1-desamino-8-d-arginine_vasopressin	treatment	diabetes_insipidus
1-diethylcarbamyl-4-methylpiperazine_hydrochloride	treatment	ascariasis
17beta-estradiol	treatment	myocardial_ischemia
3,4-methylenedioxymethamphetamine	treatment	neurotoxic_damage
5-arylazopyrimidines	treatment	tumors
13-cis-retinoic_acid	treatment	tumor
3_beta-hydroxy-delta_5-c27-steroid	treatment	typical_neonatal_hepatitis_syndrome
42k	treatment	cardiac_muscle_preparations
1-deamino-8-d-arginine-vasopressin	treatment	pituitary_diabetes_insipidus
2-alkyl-4-quinolones	treatment	cf
2,4-thiazolidinedione	treatment	mastitis
2-ap	treatment	odp
2-secd	treatment	cancer
2dcf	treatment	infection
3-deazauridine	treatment	tumors
3h-thymidine	treatment	ataxia_telangiectasia
4-deoxypyridoxine	treatment	sepsis
123i-5-ia-85380	treatment	alzheimer_disease
3,5,3_triiodothyroacetic_acid	treatment	obesity
25-hydroxyvitamin_d	treatment	diabetic_foot_ulcers
4-demethoxydaunorubicin	treatment	acute_lymphocytic_leukemia
25-hydroxy_vitamin_d	treatment	aplastic_anemia
3ohb	treatment	hypoglycemic_coma
4-toluenesulfonate	treatment	ts
15-hete	treatment	arthritis
4-allylbenzene-1,2-diol	treatment	cytotoxicity
2-nitroimidazoles	treatment	neurotoxicity
2-fluoroacetamide	treatment	inhalation_toxicity
1-hexylcarbamoyl-5-fluorouracil	treatment	stomach_cancer
1alpha-hydroxycholecalciferol	treatment	osteoporosis
2,4-d	treatment	hypomyelinating
35s-sulfate	treatment	chondrosarcoma
2,3-dihydroxypropyl-adenine	treatment	infection
4-nitroquinoline_1-oxide	treatment	chondrosarcoma
1-deamino-8-d-arginine_vasopressin	treatment	breast_cancer
3h_leucine	treatment	chronic_lymphocytic_leukemia
2-cda	treatment	macroglobulinemia
4-hpr	treatment	alveolar_structures
17_beta-hydroxysteroid	treatment	pelvic_pain
25-hydroxy-vitamin_d	treatment	liver_diseases
14c-progesterone	treatment	hypertension
1,2-dimethylhydrazine_dihydrochloride	treatment	tumour
3-0-methyl-glucopyranose	treatment	pancreatic_fistulas
3-bromopyruvate	treatment	tumor
3h-thymidine	treatment	li
11c	treatment	tumors
3-methyladenine	treatment	ags
2-troglitazone	treatment	breast_cancer
12-o-tetradecanoylphorbol-13-acetate	treatment	pigment_dispersion
1,25-dihydroxyvitamin_d	treatment	hypertension
25-hydroxyvitamin_d	treatment	determinants_of_endotoxemia
2-chloroprocaine	treatment	plasma_cholinesterase_deficiency
2ag	treatment	hi_injury
18f-fluorodeoxyglucose_positron	treatment	squamous_cell_carcinomas_of_the_thoracic_esophagus
2-cda	treatment	b-cell_lymphoma
3,5,3-triiodothyronine	treatment	injury_of_liver
123i_metaiodobenzylguanidine	treatment	retinoblastoma
2-deoxy-d-glucose	treatment	ischemic
4-cld	treatment	myocardial_infarction
4-aminopyridine	treatment	ventricular_myocardium
25-hydroxyvitamin_d	treatment	hyperacusis
123i-ioflupane	treatment	parkinsonism
17beta-estradiol	treatment	ischemic_damage
3,4-dihydroxyphenylalanine	treatment	pd
2dg	treatment	gist
1-methyl-4-phenyl-1,2,3,6-tetrahydropyridine	treatment	motor_deficits
3-aminobenzamide	treatment	chromosome_aberrations
188re-perrhenate	treatment	tumor
2-dg	treatment	pkc
2-methyl-1,2-epoxypropane	treatment	mp
3-hydroxy-3-methyl-glutaryl_coenzyme_a	treatment	colorectal_cancer
3-methyleneindolenine	treatment	acute_interstitial_pneumonia
17beta-estradiol	treatment	hyperkalemic_cardioplegia
2-bromo-alpha-ergocryptine	treatment	pituitaries
153sm_edtmp	treatment	pain
2,6-dichlorobenzylidene_aminoguanidine	treatment	hypotensive
3h-na	treatment	ischemia
2h5-glycerol	treatment	at
2-phenyl-3-methyl-tetrahydro-1_,4-oxazine	treatment	obesity
4-n-butylresorcinol	treatment	hyperpigmentation
1-phenyl-2-decanolyamino-3-morpholino-1-propanol	treatment	neuroblastoma
4-aminopyridine	treatment	repetitive_giant_ipsps
18f-fdg	treatment	cancers
3-hydroxy-4-pyrone	treatment	chronic_active_hepatitis
3-hydroxy-3-methylglutaryl-coenzyme_a	treatment	fh
1-methylsilacyclobutane	treatment	chemical_vapor_deposition
1_o2	treatment	photodynamic_therapy
2-chloro-deoxyadenosine	treatment	hairy_cell_leukemia
17_beta-estradiol	treatment	bone_loss
20-methylcholantrene	treatment	prostatic_neoplasms
17b-estradiol	treatment	tumor
5-aminoisoquinolinone	treatment	haemorrhagic_shock
18-ethynyl-deoxycorticosterone	treatment	zona_glomerulosa
1-hydrazinophthalazine	treatment	hypotensive
3-nitropropionic_acid	treatment	neurotoxicity
1,25-dihydroxyvitamin_d3	treatment	x-linked_hypophosphatemia
2,4-dnp	treatment	sci
25-hydroxyvitamin_d3	treatment	ihd
4h3mc	treatment	pkc
17-dmag	treatment	b-cell_lymphoma
2-cda	treatment	pneumocystis_carinii_pneumonia
1,3,5-trinitrobenzene	treatment	cytotoxicity
2,4,6-trinitrobenzenesulfonic_acid	treatment	colitis
3-methyladenine	treatment	multiple_trauma
4-hydroxynonenal	treatment	ceroid-lipofuscinosis
4-hne	treatment	ischemic_stroke
3-keto_oleane_triterpenes	treatment	mda-mb-435s_cancer
17alpha-ethynylestradiol	treatment	intrahepatic_cholestasis
2-methoxycinnamaldehyde	treatment	hepatocellular_carcinoma
2-chlorodeoxyadenosine	treatment	rheumatoid_arthritis
17-aag	treatment	mtc
1,2-dioctanoyl-sn-glycerol	treatment	pkc
2,5-hexanedione	treatment	neuropathy
2-me-l	treatment	tumors
2-methylcitric_acid	treatment	methylmalonic_and_propionic_acidemias
3,4-methylenedioxymethamphetamine	treatment	memory_impairments
1,5-anhydroglucitol	treatment	hemolytic
17-b-estradiol	treatment	toxicity
3-pufas	treatment	obesity
2-amino-5-nitrophenol	treatment	cancer
1,3-dnb	treatment	methemoglobinemia
2,4,6-trinitrobenzene_sulfonic_acid	treatment	visceral_pain
23-g	treatment	diabetic_vitreous_hemorrhage
3-np	treatment	hypoxic_brain_injury
10-hydroxycamptothecin	treatment	liver_tumors
2,3-dhba	treatment	ami
24s-hydroxycholesterol	treatment	peripheral_artery_disease
2-nitroimidazole	treatment	hypoxic_tumors
4-hydroxyaminoquinoline-1-oxide	treatment	pancreatic_necrosis
3-deoxyglucosone	treatment	nephropathy
2-amino-5-phosphono-valeric_acid	treatment	epileptic
123i-mibg	treatment	aml
5-aminolevulinic_acid	treatment	nip
2-mercaptoethane_sulfonate	treatment	liver_damage
3-benzylidene-4-chromanones	treatment	tuberculosis
4,6-benzylidene-d1-d-glucose	treatment	tumor
4-hba	treatment	low_toxicity
20-hete	treatment	wt
5,6-dihydroxytryptamine	treatment	hypertensive
4-phenylbutyrate	treatment	urea_cycle_disorders
111-indium_dtpa_octreotide	treatment	colorectal_liver_metastases
3,5-t2	treatment	hyperthyroid
18-fdg	treatment	tumors
4-o-methyl	treatment	cytotoxicity
3-nitropropionic_acid	treatment	impairment_of_movement
18f-fluorodeoxyglucose	treatment	lung_cancer
15-hydroperoxyeicosatetraenoic_acid	treatment	platelet_aggregation
3-aryl-1h-quinolin-4-ones	treatment	cancer
12-o-tetradecanoylphorbol-13-acetate	treatment	epidermal_hyperplasia
4-ap	treatment	ms
1-propanol	treatment	poisoning
5-ala	treatment	obesity
17-dmag	treatment	mitotic_arrest
18-fluorodeoxyglucose	treatment	breast_tumors
17_beta-estradiol	treatment	lactotroph_hyperplasia
2-me	treatment	hyperthermia
2cda	treatment	waldenstrom_macroglobulinemia
2-hydroxy-4-methoxy_benzoic_acid	treatment	diabetic
4-phenylbutyric_acid	treatment	diabetes
3h-imipramine	treatment	major_depression
25-hydroxyvitamin_d	treatment	acute_kidney_injury
25-hydroxyvitamin_d	treatment	hypogonadism
2-pmpa	treatment	seizures
18f-fdg_pet	treatment	cd
17b-estradiol	treatment	pleurisy
5-aminosalicylic_acid	treatment	colitis-associated_neoplasia
4-aminopyridine	treatment	cold_allodynia
2-bromoethanamine	treatment	renal_papillary_necrosis
3-arylisoquinolines	treatment	tumor
21-aminosteroids	treatment	ischemic_neurologic_injury
25-hydroxyvd-25ohd	treatment	vd_deficiency
4-aminopteroylglutamic_acid	treatment	acute_leukemia
3-aminobenzamide	treatment	pancreatic_carcinogenesis
5-asa	treatment	tumor
1,25-oh2d	treatment	hypophosphatemia
4-aminopyridine	treatment	vascular_ring
4-thiaflavanes	treatment	amyloid_toxicity
186re_nr-lu-13	treatment	adenocarcinoma
25-hydroxyvitamin_d	treatment	non-hispanic_whites
5-asa	treatment	acute_disease
4,5-dihydroxyimidacloprid	treatment	toxicity
131i-6beta-iodomethyl-19-norcholesterol	treatment	renal_cell_carcinoma
12-o-tetradecanolyphorbol-13-acetate	treatment	decreased_hyperplasia
2-cda	treatment	low-grade_lymphomas
25-hydroxyvitamin_d	treatment	hypertension
3-methylcyclopentanone	treatment	cd
131i-metaiodobenzylguanidine	treatment	intestinal_carcinoids
17-hydroxy_steroid	treatment	liver_injury
5alpha-androstan-17-one	treatment	obesity
3-nitropropionic_acid	treatment	neurologic_disease
3h-leucine	treatment	tumor
1,25_dihydroxyvitamin_d	treatment	osteoporosis
2-dg	treatment	scn
131-iodine	treatment	renal_failure
1-chloroacetophenone	treatment	toxicity
3-isobutyl-1-methylxanthine	treatment	tension
3nt	treatment	death
5-ala	treatment	glioblastomas
2-deoxy-d-glucose	treatment	leukemia
14c-glycocholate	treatment	diabetic_diarrhoea
25-oh_vitamin_d	treatment	fibromyalgia
3-methylglutaconic	treatment	aciduria
4-oht_gel	treatment	estrogen_receptor-positive_breast_cancer
5-aminolevulinic_acid	treatment	cerebral_glioblastoma
25-hydroxycholecalciferol	treatment	hypertensive
13c-urea	treatment	active_infection
125i-tu	treatment	melanoma
3-ma	treatment	ih
5-aminolevulinic_acid	treatment	endometriosis
2,3-dehydrosilybin	treatment	liver_injury
1,4-gl	treatment	epidermal_hyperplasia
4-o-methylpyridoxine	treatment	food_poisoning
4-mu	treatment	ha
1,3-butadiene	treatment	bd
2-pyridyl_cyclohexanone	treatment	esophageal_carcinoma
3-daus	treatment	pd
25-hydroxyvitamin_d3	treatment	pakistanis
25-hydroxyvitamin_d3	treatment	renal_failure
1-nitronaphthalene	treatment	pulmonary_and_hepatic_toxicity
4-hydroxybenzoic_acid	treatment	als
2-aminofluorene	treatment	toxicity
5-ala	treatment	tumors
2,3-dimercaptopropanol	treatment	developmental_anomalies
1-o-octadecyl-2-o-methyl-sn-glycerol-3-phosphocholine	treatment	breast_cancer
4-hydroperoxycyclophosphamide	treatment	acute_myeloblastic_leukemia
15-hete	treatment	hypoxia
17-allylamino-17-demethoxygeldanamycin	treatment	tumors
3h-1,25-dihydroxyvitamin_d3	treatment	postcholecystectomy_t-tube_drainage
13c-acid	treatment	gastric_emptying
2-0-tetradecanoyl-phorbol-13-acetate	treatment	pkc
17b-estradiol	treatment	memory_deficits
25-hydroxy_vitamin_d	treatment	asthmatic
14c-radiolabelled_elliptinium_acetate	treatment	breast_cancer
5-ala	treatment	bladder_tumors
17-ohp	treatment	pp
2dg	treatment	tumours
3-hydroxypropionic_aldehyde	treatment	toxicity
1alpha-hydroxy_vitamin_d3	treatment	cardiovascular_mortality
2-fa	treatment	toxicity
3-methyladenine	treatment	hippocampal_injury
2,3,5-triphenyltetrazolium_chloride	treatment	brain_injury
2-dg	treatment	blastocysts
17-ketosteroid	treatment	brucellosis
2,3-diphosphoglycerate	treatment	septic_shock
2-aminosteroid	treatment	cml
20-hete	treatment	middle_cerebral_artery_occlusion
4-aminopyridine	treatment	disorders_of_eye_movements
2,4_dncb	treatment	hypersensitivity
5-aminosalycilates	treatment	cd
3-hmp	treatment	platelet_aggregation
11c-labeled_acetate	treatment	non-coronary_artery_disease
2-ethylpyridine	treatment	mitochondrial_damage
1,2-dimethylhydrazine	treatment	colon_carcinogenesis
4-demethoxydaunorubicin	treatment	prolymphocytic_leukemia
11c-met	treatment	gliomas
17alpha-hydroxyprogesterone	treatment	21-hydroxylase_deficiency
1-alpha-acetylmethadol	treatment	heroin_dependence
2-vo	treatment	vascular_dementia
2-cholorodeoxyadenosine	treatment	cancer
2-phenylethynesulfonamide	treatment	heat_shock
1-aminocyclopropanecarboxylic_acid	treatment	spinal_cord_ischemia
3-methoxy-4-hydroxyphenylethylene-glycol	treatment	endogenous_depression
2-methylpiperazine	treatment	crystallographic_disorder
4-nitrophenol	treatment	leydig_cells_hyperplasia
4-nitroguinoline-1-oxide	treatment	xeroderma_pigmentosum
5-aminoimidazole-4-carboxamide-1-beta-4-ribofuranoside	treatment	all
4-aminopyridine	treatment	overdose
20-hydroxyecdysone	treatment	vegetation_dependence
18f-fdg	treatment	adenoid_cystic_carcinoma
5-ala	treatment	lymph_node_metastasis
4-hydroxy-2-nonenal	treatment	cancer
3,4-methylenedioxymethamphetamine	treatment	cardiac_arrhythmias
1-hydroxypyrene	treatment	psoriasis
25-hydroxyvitamin_d	treatment	hypocalcemia
3,5-diiodo-l-thyronine	treatment	diabetic_nephropathy
4-aminopyridine	treatment	sci
2,3-dimercaptopropanol	treatment	poisoning
4-hydroxytamoxifen	treatment	adenocarcinomas
3-deazauridine	treatment	morris_hepatoma
2-cda	treatment	multisystem_disease
3-substituted_aryl_oxindole	treatment	tumor
25-oh-vitamin_d	treatment	tm
25-hydroxyvitamin_d	treatment	congenital_heart_diseases
4-vinyl-1-cyclohexene_diepoxide	treatment	toxicity
2ccpa	treatment	ssc
1790n	treatment	fracture
131-meta-iodo-benzylguanidine	treatment	tumours
4-epidoxorubicin	treatment	pancreatic_carcinoma
5,14-hedge	treatment	hypotension
2-aap	treatment	tumor
3,4-methylenedioxymethamphetamine	treatment	molecular_imprinted_polymer
25-hydroxyvitamin_d	treatment	clinically_isolated_syndromes
10-ethyl-10-deaza-aminopterin	treatment	squamous_cell_carcinoma
2-pmpa	treatment	stroke
3tc	treatment	leukemia
1-beta-d-arabinofuranosylcytosine	treatment	mastocytoma
2-amino-7-phosphonoheptanoic_acid	treatment	epilepsy
3bp	treatment	hcc
2-aminopurine_deoxyribose_triphosphate	treatment	epstein-barr_virus
17-aag	treatment	tumours
2,4-dinitrobenzene_sulfonic_acid	treatment	colitis
25-hydroxyvitamin_d	treatment	depressive_symptoms
1-pentanol	treatment	toxicity
16,16-dimethyl_prostaglandin_e2	treatment	deep_necrotic_lesions
2,4-decadienal	treatment	cancer
3-omg	treatment	glut1_deficiency
2-chloroethyl_ethyl_sulfide	treatment	mustard_gas
4-trifluoromethylumbelliferyl-alpha-l-iduronide	treatment	alpha-l-iduronidase_deficiency
3-mi	treatment	pneumonitis
17b-estradiol	treatment	ovarian_surface_epithelium
18f-fdg	treatment	breast_tumors
1-npz	treatment	melanoma
1-methyl-4-phenyl-1,2,3,6-tetrahydropyridine	treatment	wild-type
14c-orotic_acid	treatment	ad
5-aminolevulinic_acid	treatment	malignant_glioma
3h-thymidine	treatment	atopic_dermatitis
17b-estradiol	treatment	xerostomia
4ohcp	treatment	breast_cancer
2-dg	treatment	toxicity
3-amino-1,2,4-triazole	treatment	ms
1-aminonaphtalene	treatment	mitochondrial_dysfunction
15-methyl-pgf2_alpha_methyl_ester	treatment	complete_abortion
2-ag	treatment	crc
1,25-dihydroxyvitamin_d3	treatment	secondary_hyperparathyroidism
1,3-dp-melphalan	treatment	adult_worms
17-beta-estradiol	treatment	endometrial_adenocarcinoma
2-cda	treatment	initial_pancytopenia
3hp	treatment	ltbi
12-o-tetradecanoylphorbol-13-acetate	treatment	acute_nonlymphocytic_leukemia
2,5-dimethylphenol	treatment	cytotoxicity
111in-pentetreotide	treatment	neuroendocrine_tumors
25-hydroxyvitamin_d	treatment	chronic_liver_disease
5-aminosalicylic_acid	treatment	colorectal_cancer
3-methoxy-4-hydroxyphenylglycol	treatment	mbd
19-nor-deoxycorticosterone	treatment	low-renin_hypertension
123i-tyr3-octreotide	treatment	islet-cell_tumors
4-aminopyridine	treatment	downbeat_nystagmus
1,4-naphthoquinones	treatment	mao
18f-fdg	treatment	gastrointestinal_lesions
18f-fluoro-2-deoxyglucose	treatment	sarcoidosis
177lu-dotatate	treatment	neuroendocrine_tumor
1,2-dimethylhydrazine	treatment	npc
17beta-estradiol	treatment	metabolic_inhibition
17-ketosteroids	treatment	lung_cancer
17beta-estradiol	treatment	cervical_cancer
111in-pentetreotide	treatment	neural_crest_tumors
3beta-hydroxysteroid	treatment	bovine_ovaries_toward_dehydroepiandrosterone
25-hydroxyvitamin_d	treatment	rms
2-aminopurine	treatment	premature_mitosis
18f-fluorodeoxyglucose	treatment	gastroenteropancreatic_neuroendocrine_tumors
3-nitropropionic_acid	treatment	neurological_impairment
1-25-hydroxyvitamine_d	treatment	increases_vascular_calcification
3-aminobenzamide	treatment	edema
17-ohcs	treatment	carcinoma_of_the_breast
3,4-diaminopyridine	treatment	lems
1-methyl-4-phenyl-1,2,3,6-tetrahydropyridine	treatment	toxicity
4beta-phorbol_12-myristate	treatment	pkc
1,8-cineole	treatment	contact_toxicity
3,4-methylenedioxymethamphetamine	treatment	death
16-mercaptohexadecanoic_acid	treatment	self-assembled_monolayers
4-oh-tamoxifen	treatment	breast_carcinoma
17-aag	treatment	melanoma
1,2-dithiole-3-thione	treatment	tumour
17-allylamino-17-demethoxygeldanamycin	treatment	breast_cancer
4-thiouridine	treatment	reduction_of_oedema
2,4,6-triethylenimino-s-triazine	treatment	tumors
4-aminopyridine	treatment	eaton-lambert_syndrome
5-ala	treatment	metastasis
17beta-estradiol	treatment	cerebral_vasospasm
1-methyl-4-phenyl-1,2,3,6-tetrahydropyridine	treatment	nigrostriatal_degeneration
3h-qnb_and_3h-pirenzepine	treatment	neonatal_anoxia
5-aminolevulinic_acid	treatment	cervical_intraepithelial_neoplasia
4-ap	treatment	neuromuscular_blockade
5-aminolevulinic_acid	treatment	spinal_meningioma
18-methoxycoronaridine	treatment	obesity
22-oxacalcitriol	treatment	hypercalcemia
20-methylcholanthrene	treatment	nephrosclerosis
25-hydroxyvitamin_d	treatment	rarer_cancers
3h-glucosamine	treatment	dental_papilla
15-hydroxy-eicosatetraenoic_acid	treatment	colorectal_cancer
3-hydroxybutyrate	treatment	ketosis
2,3-dihydroxy-6-nitro-7-sulfamoyl-benzoquinoxaline-2,3-dione	treatment	seizures
3-nitropropionic_acid	treatment	hyperthermia
5-aminosalicylic_acid	treatment	colonic_inflammation
18f-fdg	treatment	trichoblastic_carcinoma
3-ap	treatment	pel
5-aminolevulinic_acid	treatment	cervical_cancer
1-alpha-hydroxy_vitamin_d3	treatment	bone_disease
5,7-dht	treatment	learning_and_memory_impairment
16,16-dimethyl_prostaglandin_e2	treatment	gastric_mucosa_damage
2,3,5-triphenyltetrazolium_chloride	treatment	ischemic_lesion
5-aminovaleric_acid	treatment	depressor
3-o-methyl-d-glucose	treatment	tumors
1-methyl-3-nitro-1-nitrosoguanidine	treatment	chromosome_aberrations
17b-hydroxysteroid	treatment	pseudohermaphroditism
18_f-fdg	treatment	non-small_cell_lung_cancer
1-beta-d-arabinofuranosylcytosine	treatment	acute_leukemias
3-deoxy-2-substituted_pentacyclic_triterpenes	treatment	metabolic_diseases
1-methyl-4-phenyl-1,2,3,6-tetrahydropyridine_hydrochloride	treatment	dyskinesia
3-o-methyl-d-glucose	treatment	infection
2-oxoacid	treatment	pdc
1,25-dihydroxyvitamin_d	treatment	hypophosphatemia
2,4,6-trinitrobenzene_sulphonic_acid	treatment	inflammatory_bowel_disease
3-hk	treatment	cardiac_lesions
17b-estradiol	treatment	oligodendrocyte_cell_death
1-dnj	treatment	hyperglycemia
2-ethoxyethanol_acetate	treatment	toxicity
14c-amino_acids	treatment	malaria
2na	treatment	bladder_carcinogens
22-oxacalcitriol	treatment	diabetes
3-alkynyl_selenophene	treatment	seizures
21-aminosteroid_u-74389g	treatment	endotoxemia
5-asa	treatment	crohn_disease
18f-fluorodeoxyglucose	treatment	arteritis
15-m-pge1	treatment	pleural_effusions
3-methylcholanthrene	treatment	lung_squamous_cell_carcinoma
5-aminolevulinic_acid	treatment	bd
3h-tyrosine	treatment	phenylketonuria
3,4-diaminopyridine	treatment	fatigue
2,4-dinitro-1-fluorobenzene	treatment	ear_swellings
3cl-tyr	treatment	copd
1,6-dnp	treatment	sarcomas
4-tert-butylphenyl_ester	treatment	platelet_aggregation
17_beta-oestradiol	treatment	rbc
1,4-dithiane	treatment	subchronic_toxicity
18f-fdg	treatment	salivary_gland_carcinomas
3_pufas	treatment	hyperplasia
2,3-dpg	treatment	hypophosphatemia
2,4-d	treatment	hepatoma
1,4,5-trialkyl-2-thioimidazole	treatment	platelet_aggregation
5,6_beta-epoxy-5_alpha-cholestan-3_beta-ol	treatment	hypercholesterolemic_plasma
3,6-dihydroxyflavone	treatment	breast_cancer
25-hydroxyvitamin_d3	treatment	hc
1,5-ag	treatment	cardiovascular_events
3h-1,2-dithiole-3-thione	treatment	detoxification_of_environmental_carcinogens
1-beta-d-arabinofuranosyl-cytosine	treatment	acute_leukemia
15d-pgj2	treatment	neurodegenerative_diseases
12-o-tetradecanoylphorbol-13-acetate	treatment	adenocarcinoma
4-hc	treatment	unit-leukemia
18f-fluoropaclitaxel	treatment	breast_cancer
4-nitroquinoline-1-oxide	treatment	squamous_cell_carcinoma
3tc	treatment	hiv-1_strains
1-beta-d-arabinosyl_cytosine	treatment	acute_myeloid_leukemia
4-chloro-2-hydroxybenzoic-acid-n-butylamide	treatment	dermatitis
1-bromopropane	treatment	disinhibition
12-o-tetradecanoylphorbol-13-acetate	treatment	promyelocytic_leukemia
2-hexyl_cyanoacrylate	treatment	cerebral_arteriovenous_malformations
13c-urea	treatment	helicobacter_pylori_infection_of_gastric_mucosa
2,3-dinorthromboxane_b2	treatment	myocardial_infarction
1-3galnac	treatment	kcs
17beta-estradiol	treatment	hypertensive
125iodine	treatment	prostatic_cancer
2,4-d	treatment	tumor
11-cis-retinal	treatment	diabetic
2pf	treatment	lung_inflammation
2-methoxyestrone	treatment	breast_cancer
18f-fluorodeoxyglucose	treatment	tumor_aggressiveness
4-vo	treatment	learning_deficits
5,8,11,14-eicosatetraenoic_acid	treatment	asd
2-chlorodeoxyadenosine	treatment	hairy_cell_leukemia
5-ala	treatment	glioma
11c-choline_positron	treatment	localized_prostate_cancer
1-bp	treatment	learning_and_memory_deficits
24-epibrassinolide	treatment	toxicity
3h-thymidine	treatment	tumour
123i-iomazenil	treatment	seizures
1,2-dimethylhydrazine_dihydrochloride	treatment	na
3-pehpc	treatment	multiple_myeloma
2cda	treatment	sm
5-aminolaevulinic_acid	treatment	non-melanoma_skin_cancers
123i-imp	treatment	malignant_lymphomas
1-beta-d-arabinofuranosylcytosine	treatment	leukemia
1_alpha_hydroxy_cholecalciferol	treatment	psoriasis
1,2-dimethylhydrazine	treatment	multiple_colorectal_adenocarcinomas
5-aminoimidazole-4-carboxamide_ribonucleoside	treatment	hemorrhagic_shock
3-0-toloxy-1,2-propanediol	treatment	hemiplegia
2d-pc-mra	treatment	claudication
1,2-diacylglycerol	treatment	hypertensive
5-ala	treatment	cancerous_oral_mucosa
2,4,6-trinitro-benzenesulfonic_acid	treatment	mucosal_injury
1,25_dihydroxyvitamin_d3	treatment	chronic_renal_failure
5-amino-4-oxopentanoic_acid	treatment	brain_tumours
1-o-tetradecanoylphorbol-13-acetate	treatment	pkc
5-ala	treatment	cancer
3-methoxy-4-hydroxyphenylglycol	treatment	manic-depressive_illness
20-methylcholanthrene	treatment	massive_coagulative_hepatic_necrosis
223racl2	treatment	metastasis
11-methyl-17-ketone	treatment	leukaemia
18f-dopa	treatment	brain_inflammation
177lu-dotatate	treatment	neuroendocrine_tumors
17aag	treatment	tumors
25-hydroxyvitamin_d	treatment	psychosis
5alpha-pregnan-3alpha-ol-20-one	treatment	lordosis
3_mu	treatment	chronic_hepatitis_delta_virus_infection
3-nitrotyrosine	treatment	hu
2-deoxy-d-glucose	treatment	tumour
3,4-diaminopyridine	treatment	myasthenia_gravis
3h_thymidine	treatment	immaturity
13-mtd	treatment	t-nhl
2-aaf	treatment	hepatoma
5-aminolevulinic_acid	treatment	hepatocellular_carcinoma
18f-fdg	treatment	melanoma
2-piminidazole	treatment	hypoxia
3-phenylpropyl_isobutyrate	treatment	toxicity
2-arylethyl_4-cyanobenzoates	treatment	type_ii_fragmentation
1,3,4-thiadiazine	treatment	pancreatitis
4-pba	treatment	bone_loss
3-deazaadenosine_a	treatment	ischaemic_brain_injury
3-angelate	treatment	pkc
12-o-tetradecanoylphorbol_13-acetate	treatment	myeloid_leukemia
4-aminosalicylic_acid	treatment	ulcerative_colitis
5-aminolevulinic_acid	treatment	neuroepithelial_tumors
25-hydroxyvitamin_d	treatment	fibromyalgia
13-cis-retinoic_acid	treatment	aml
3h_thymidine	treatment	chronic_lymphatic_leukaemia
1-methyl-1,2,3,4-tetrahydro-beta-carboline-3-carboxylic_acid	treatment	eosinophilia-myalgia_syndrome
2,4:3,5-dibenzylidene-d-xylose-diethyl_dithioacetal	treatment	diabetic
2,4-d	treatment	liver_damage
25-hydroxy_vitamin_d	treatment	t1d
1-thyroxine	treatment	hyperthyroid
2-acetylaminofluorene	treatment	liver_cysts
5,7-dihydroxytryptamine	treatment	analgesia
5-alpha_steroid	treatment	reductase_deficiency
4-methylumbelliferone	treatment	experimental_autoimmune_encephalomyelitis
3tc	treatment	hcc
4aaqb	treatment	hcc
15-methylprostaglandin_f2_alpha	treatment	uterine_rupture
1,25-dihydroxyvitamin_d	treatment	inflammatory_myofibroblastic_tumour
15nh4cl	treatment	atherosclerosis
3-oxypyridine	treatment	depression
3-epica	treatment	cancer_model_systems
3-methoxy-4-hydroxyphenylglycol	treatment	hyperactivity
4-nqo	treatment	cm
3tc	treatment	ftc
25-ohd	treatment	metabolic_bone_disease
17_beta-estradiol	treatment	cancer
14c-iodoantipyrine	treatment	cerebral_blood_flow
1-nitropyrene	treatment	toxicity
123i-mibg	treatment	myocardial_sympathetic_dysfunction
13_cis-retinoic_acid	treatment	hypercalcemia
4-hydroxy-2-nonenal	treatment	cytotoxicity
2-chloroadenosine	treatment	clonic_seizures
2-deoxyglucose	treatment	carcinogenesis
1,2-dimethyl-3-hydroxypyrid-4-one	treatment	iron_in_beta_thalassaemia
3-methylglutaconic	treatment	sensorineural_hearing_loss
3,4-methylenedioxyamphetamine	treatment	hyperpyrexia
4-aminopyridine	treatment	benign_prostatic_hyperplasia
5-aminosalicylic_acid	treatment	cancer
17-aag	treatment	nhl
2-methoxyethanol	treatment	anemia
15d-pgj	treatment	death
131i	treatment	differentiated_thyroid_cancer
12-o-tetradecanoyl-phorbol-13-acetate	treatment	chinese_hamster_ovary
1.8-cineol	treatment	asthma
2-methyl-1,4-naphthoquinone	treatment	cancer
2-chlorodeoxyadenosine	treatment	leukaemia
2-cda	treatment	aml
4-hydroxy-2-oxoglutarate	treatment	hoga1_deficiency
18f-fdg	treatment	malignancies
1,3-dic8	treatment	pkc
125iodine	treatment	colorectal_adenocarcinoma
1,3,7-tripropylxanthine	treatment	behavioral_depression
2-mca	treatment	cytotoxicity
4-hydroxybutyrate	treatment	hereditary_disorder
24,25-dioh-d3	treatment	renal_osteodystrophy
4-aminopyridine	treatment	neuronal_damage
4-shogaol	treatment	breast_cancer
20_alpha-hydroxysteroid	treatment	neoplasms
5-aminoimidazole-4-carboxamide-1-riboside	treatment	renal_hypertrophy
18f-fluorodeoxyglucose	treatment	large-vessel_vasculitis
25-hydroxyvitamin_d	treatment	cryptococcal_meningitis
13-cis-ra	treatment	peripheral_t-cell_lymphoma
4-shogaol	treatment	metastasis
1-methyl-2-mercaptoimidazole	treatment	hyperthyroidism
3-bromopyruvate_acid	treatment	neuroblastoma
4-n-hydroxy-l-2,4-diaminobutyric_acid	treatment	gs
5-aminosalicylic_acid	treatment	pancreatitis
17-ketosteroid	treatment	vasomotor_rhinitis
13-cis-retinoic_acid	treatment	prostate_cancer
1-deamino-8d-arginine_vasopressin	treatment	hyponatremia
4-demethoxydaunorubicin	treatment	advanced_breast_cancer
1-methylnicotinamide	treatment	diabetic
3-methyladenine	treatment	toxicity
2-acetylaminofluorene	treatment	metaplasia
2-methoxyindole-2-carboxylic_acid	treatment	hyperglycemia
2,4,6-triamino-pyridimyl-5-azobenzene	treatment	inoculation_of_herpes_simplex_virus_type_1_limits_the_influence_of_the_virus_infection
1-methyl-4-phenyl-1,2,3,6-tetrahydropyridine	treatment	a_parkinson-like_syndrome
18_f-fdg	treatment	tg
4-hne	treatment	psp-ns
3-nitrotyrosine	treatment	cse
2-chlorodeoxyadenosine	treatment	lymphoproliferative_disorders
2-tetradecylglycidic_acid	treatment	inhibitor_of_long-chain_acylcarnitine_transferase-i
5-aminolevulinic_acid	treatment	oral_squamous_cell_carcinoma
11-hydroxycorticosteroids	treatment	myocardial_infarct
2-hydroxyl	treatment	catalyzed_by_beta-galactosidase
3-brpa	treatment	toxicity
1-amino-3-borono-cyclopentanecarboxylic_acid	treatment	glioma
131i-metaiodobenzylguanidine	treatment	neural_crest_tumours
18f-flutemetamol	treatment	cognitive_symptoms
2-substituted_dipyridodiazepinones	treatment	reverse_transcriptase
12-0-tetradecanoyl_phorbol_13_acetate	treatment	b-cll
18f-fdg	treatment	primary_lesion
2-methylfuran	treatment	necrosis
13-cis-retinoic_acid	treatment	complete_disappearance_of_the_tumour
1,4-dioxane	treatment	rp
5-aminolevulinic_acid	treatment	cord_ependymomas
1-deamino-8-d-arginine_vasopressin	treatment	diabetes_insipidus
17b-estradiol	treatment	brain_inflammation
10b-bpa	treatment	glioblastoma
1-phenylcyclohexene	treatment	metabolic_disposition
13c-caffeine	treatment	fibrosis
5-aminolevulinic_acid	treatment	skin_melanoma
3,5-diiodo-l-thyronine	treatment	hepatoma
3-bromopyruvate	treatment	hepatocellular_carcinoma
2,3-dimercapto-1-propanesulphonic_acid	treatment	peripheral_neuropathy
4-hydroxybutyric_acid	treatment	succinic_semialdehyde_dehydrogenase_deficiency
3-nitrotyrosine	treatment	bd
17b-estradiol	treatment	vaginal_atrophy
5,6-dimethylxanthenone-4-acetic_acid	treatment	cancer
123i-metaiodobenzylguanidine	treatment	heart_failure
17-n-allylamino-17-demethoxygeldanamycin	treatment	lps
1-tetradecene	treatment	self-assembled_monolayers
2,4-dinitrochlorobenzene	treatment	atopic_dermatitis
1_alpha-hydroxycholecalciferol	treatment	decrease_in_the_number_of_swollen_and_tender_joints
2-arachidonoylglycerol	treatment	tle
17aag	treatment	breast_cancer
25-ohd	treatment	uia
3,4-dihydroxy-l-phenylalanine	treatment	cancer
4-app	treatment	enlargement_of_the_adrenal_cortex_and_its_zona_fasciculata
18f-fspg	treatment	tumor
1,25-dihydroxycholecalciferol	treatment	hypophosphataemic_osteomalacia
25ohd	treatment	diabetes_mellitus
3,4,5-tri-o-caffeoylquinic_acid	treatment	cancer
12-o-tetradecanoyl-phorbol-13_acetate	treatment	protein_kinase_c
4-mu	treatment	ovarian_cancer
17_tetrahydroisoquinoline	treatment	neuroblastoma
17b-estradiol	treatment	arthritis
1,25-dihydroxyvitamin_d3	treatment	promyelocytic_leukaemia
1,4-cyclohexanecarboxylates	treatment	asthma
17b-estradiol	treatment	ligand_binding_domain
17-beta_estradiol	treatment	ht
17-hydroxycorticosteroids	treatment	rheumatoid_arthritis
17-ohp	treatment	preterm_birth
4-oh-cb-107	treatment	mdi
17b-estradiol	treatment	hdp
5-aminolevulinic_acid	treatment	endometrial_cancer
3-n-alkyphthalide	treatment	glioblastoma_multiforme
5-asa	treatment	bd
123i-mibg	treatment	tumors
4-isopropyl-dibenzoylmethane	treatment	dermatitis
1-methylpropyl_2-imidazolyl_disulfide	treatment	aml
2,4-d	treatment	myopathy
13-cis_retinoic_acid	treatment	hormone_refractory_prostate_cancer
3,4-dehydro-dl-proline	treatment	amnesia
5-aminolevulinic_acid	treatment	basal_cell_carcinoma
2-dg	treatment	gastric_cancer
20-hete	treatment	myocardial_injury
17-b_oestradiol	treatment	pms
17-ketosteroids	treatment	leukaemia
3-methylsulfonyl-dde	treatment	cytotoxicity
25-hydroxy_vitamin_d	treatment	pcos
14c-d-xylose	treatment	bacterial_overgrowth
3-n-alkyloxyestradiol	treatment	prostate_cancer
2,3,7,8-tetrachlorodibenzo-p-dioxin	treatment	hypoxia
4-hydroxynonenal	treatment	hf
11c-choline	treatment	prostate_cancer
4nqo	treatment	hnscc
14,15-epoxyeicosatrienoic_acid	treatment	hypertensive
12-o-tetradecanoyl_phorbol-13_acetate	treatment	hcc
111in-octreotide	treatment	adenomas
4-dihydroxyl-phenyl_lactic_acid	treatment	myocardial_injury
17-ketosteroids	treatment	prostatic_hypertrophy
2-deoxy-d-glucose	treatment	lung_cancer
5-ala	treatment	intramedullary_ependymoma
18f-flortaucipir	treatment	atrophy
19-nor-contraceptives	treatment	ovarian_tumours
1-cortienic_acid	treatment	cd
1,25-d	treatment	breast_cancer
3-da	treatment	ali
3-nitrotyrosine	treatment	hd
2-bromoethylamine	treatment	papillary_necrosis
3-chloro-5-trifluoromethylpyridine-2-carboxylic_acid	treatment	growth_disorder
17_beta-estradiol	treatment	ischemia
17beta-estradiol	treatment	hypothalamus
25-hydroxyvitamin_d	treatment	allergy
13-cra	treatment	mds
3-bromo_and_3-iodo	treatment	falciparum
3-nitrotyrosine	treatment	lpk
4-methoxy-tpa	treatment	weak_tumor
3-methyl-1-butanol	treatment	infection
3-np	treatment	dystonia
5,7-dichloro-8-hydroxyquinaldine	treatment	amebiasis
3-hydroxyglutarate	treatment	ga
12,13-epoxytrichothecenes	treatment	toxicosis
18f-fdg	treatment	ovarian_malignancy
18f-fdg	treatment	atheroma
5-aiq	treatment	artery_occlusion_shock
2-hg	treatment	glioblastoma
4-methylbenzoic_acid	treatment	toxicity
3-ohba	treatment	diabetic
3-bp	treatment	tumors
1,25-dihydroxyvitamin_d	treatment	congenital_osteopetrosis
18f-fibt	treatment	neurodegenerative_diseases
2-ag	treatment	middle_cerebral_artery_occlusion
3-methylcholanthrene	treatment	skin_tumors
18f-fdg	treatment	systemic_sarcoidosis
1,6-naphthyridine-7-carboxamide	treatment	cancer
2-hydroxybenzoylglycine	treatment	uremia
2-bfi	treatment	eae
11-dehydro-cs	treatment	cs
18oxof	treatment	hyperaldosteronism
3-nitropropionic_acid	treatment	huntington_disease-like_symptoms
4-aaqb	treatment	liver_cancer
4-hydroxy-3_methoxy_mandelic_acid	treatment	ulcerative_colitis
25-hydroxyvitamin_d	treatment	adhd
5-aminosalicylic_acid	treatment	pulmonary_arterial_hypertension
18f-dvip	treatment	breast_carcinomas
17beta-estradiol	treatment	pcos
2,4-d_butylate	treatment	delirium
18-hydroxy_11-deoxycorticosterone	treatment	hypertension
12-o-tetradecanoyl-phorbol-13-acetate	treatment	pkc
1alpha-hydroxycholecalciferol	treatment	chronic_renal_failure
2,3,7,8-tetrachlorodibenzo-p-dioxin	treatment	atrophy
4-hydroxynonenal	treatment	pain
13-cis-retinoic_acid	treatment	basal_cell_carcinoma
131iodine	treatment	dtc
4-hydroxynonenal	treatment	atherosclerotic_lesions
3-hydroxy-3-methylglutaryl_coenzyme-a	treatment	type_ii_hyperlipoproteinaemia
131i-metaiodobenzylguanidine	treatment	acute_myeloid_leukemia
2-chloroadenosine	treatment	hypotension
111in-dtpa-peptide-biotin	treatment	tumor
2-cda	treatment	bone_lesions
2,3,7,8-tetrachlorodibenzo-p-dioxin	treatment	infection_of_kidney_cells
23bd	treatment	toxicity
1,25-dihydroxyvitamin_d3	treatment	increase_in_the_number_of_osteoclastlike_cells
18-oxocortisol	treatment	gsa
1-o-octadecyl-2-o-methylglycero-3-phosphocholine	treatment	tumors
4-14c-t	treatment	testicular_tumour
1-methylinosine	treatment	cancer
1,4-di-n-oxide-quinoxaline-2-ylmethylene_isonicotinic_acid_hydrazide	treatment	tuberculosis
3-dimethylaminopropylamine	treatment	occupational_allergic_contact_dermatitis
1-methiq	treatment	seizures
17beta-estradiol	treatment	breast_adenocarcinoma
1,25-hydroxyvitamin_d	treatment	colitis
1-o-pentylglycerol	treatment	tumors
17-dmag	treatment	motor_impairments
3h-thymidine	treatment	cancer
4-hpr	treatment	nb
10-ethyl-10-deazaaminopterin	treatment	advanced_cancer
125-iodine	treatment	metastatic_tumor
1-methyl-4-phenyl-1,2,3,6-tetrahydropyridine	treatment	axonal_degeneration
14c-acetate	treatment	familial_hypercholesterolaemia
10-hydroxycamptothecin	treatment	glioma
3ntyr	treatment	pneumonia
2-mercaptoethane_sulphonate	treatment	urothelial_toxicity
17-hydroxy-corticosteroid	treatment	psychiatric_illness
17-aag	treatment	mcl
3,4-methylenedioxymethamphetamine	treatment	terminal_degeneration
4-ma	treatment	toxicity
5-ala	treatment	brain_tumors
13-acetate	treatment	pkc
2-dehydro-emetine	treatment	amebiasis
18f-fdg	treatment	cardiac_angiosarcoma
1,25-dihydroxyvitamin_d3	treatment	hyporesponsiveness
1:4-saccharolactone	treatment	cancer_of_the_bladder
2me2	treatment	myeloma
4pytp	treatment	uremia
3,4-diaminopyridine	treatment	tachycardia
201tl-chloride	treatment	thymoma
21-aminosteroid_u74006f	treatment	cerebral_ischemia
3-amino-1,2,4-triazole	treatment	at
25-hydroxyvitamin_d	treatment	ischemic_stroke
18f-fdg	treatment	thyroid_incidentalomas
3-methoxy-4-hydroxymandelic_acid	treatment	neuroblastoma
4-aminopyridine	treatment	demyelinating_neuropathies
18fdg	treatment	heart_failure
2hpbcd	treatment	neurodegeneration
5-aminosalicylic_acid	treatment	inflammation
4-methylpyrazole	treatment	alcohol_dehydrogenase
25-hydroxyvitamin_d	treatment	coccidioidal_infection
3_alpha-dihydrocadambine	treatment	hypotensive
17b-estradiol	treatment	brain_after_global_cerebral_ischemia
3-hydroxymethyl-3-glutaryl-coa	treatment	on
12-o-tetradecanoylphorbol-13-acetate	treatment	epstein-barr_virus
20-hydroxyeicosatetraenoic_acid	treatment	hypertension
3-aminobenzamide	treatment	cervix_carcinoma
2,3-dimercaptosuccinic_acid	treatment	heavy_metal_poisoning
14c-acetate	treatment	ischemia
2brp	treatment	protein_palmitoylation
14,674_bisphosphonate	treatment	fractures
17b-estradiol	treatment	cf
2-deoxyglucose	treatment	catabolic_block
4-phenyl-butyric_acid	treatment	oa
131i-metaiodobenzylguanidine	treatment	phaeochromocytomas
17-allylamino-17-demethoxy-geldanamycin	treatment	cancers
4-hydroxyderricin	treatment	llc
3,4-methylenedioxymethamphetamine	treatment	mitochondrial_dysfunction
2,4,6-trinitrobenzene_sulfonic_acid	treatment	t_cell_transfer_colitis
14c-erythritol	treatment	pd
14,15-dhet	treatment	hypertensive
123i-meta-iodobenzylguanidine	treatment	dementia
3bp	treatment	death
3,4-pyruvylated_galactose	treatment	macroglobulinemia
4-hydroxyandrostenedione	treatment	advanced_breast_cancer
18f-fdg	treatment	diffuse_large_b-cell_lymphoma
4-nitroquinoline-1-oxide	treatment	oral_carcinogenesis
16alpha-bromoepiandrosterone	treatment	inflammation
4862f	treatment	hiv-1_protease
1,25-dihydroxycholecalciferol	treatment	hematologic_and_skeletal_abnormalities
18f-fdg	treatment	fatal_familial_insomnia
4-hydroxyphenylretinamide	treatment	breast_cancer
2-deoxyglucose	treatment	pdt
25-hydroxyvitamin_d	treatment	insulin_sensitivity
25-hydroxyvitamin_d	treatment	muscle_weakness
17-a-hydroxyprogesterone_caproate	treatment	preterm_birth
3hia-carnitine	treatment	marginal_biotin_deficiency
20-methylcholanthrene	treatment	skin_tumors
1,2,3,4,6-penta-o-galloyl-beta-d-glucopyranoside	treatment	hcc
18_f-fdg	treatment	bronchial_carcinoma
123i-mibg	treatment	cardiac_diseases
4-aminopyridine	treatment	depression
4-methylumbelliferyl	treatment	gm2-gangliosidosis
5-ala	treatment	gbm
17b-estradiol	treatment	endometrial_cancer
4-hydroxyandrostenedione	treatment	tumours
11c-methionine	treatment	gliomas
17dmag	treatment	cancer
3-arylindanones	treatment	colorectal_cancer
2,4-dnt	treatment	liver_carcinoma
3-nba	treatment	hepatoma
12-o-tetradecanoylphorbol-13-acetate	treatment	melanoma
18f-fluorodeoxyglucose	treatment	pulmonary_adenocarcinomas
18f-fdg	treatment	spns
2-cda	treatment	lymphoma
5-aminosalicylic_acids	treatment	uc
10-hydroxycamptothecine	treatment	ra
3-isobutyl-1-methylxanthine	treatment	aa
27-ohc	treatment	hypercholesterolemia
1,1-disubstituted_olefin	treatment	rcm
3-methylcholanthrene	treatment	tumors
51cr-edta	treatment	diarrhea
5-aminolevulinic_acid	treatment	oral_leukoplakia
17p	treatment	prom
244cmo2	treatment	carcinogenesis
2-deoxy-d-glucose	treatment	migration
4-xl-ppd	treatment	gastric_cancer
17b-estradiol	treatment	hypoxia
5-ala	treatment	metastases
1,25-d3	treatment	prostatic_cancer
4-n-butylresorcinol	treatment	melasma
3,4-methylenedioxymethamphetamine	treatment	pkc
5-aminolevulinic_acid	treatment	skin_tumors
2-hydroxyflavanone	treatment	bc
4-methylhistamine	treatment	skin_inflammation
4-methylimidazole	treatment	tumor
3-methylcholanthrene	treatment	depressed
1,4-cyclohexadiene	treatment	la
17-beta-estradiol	treatment	myocardial_dysfunction
2,5-dihydroxybenzoic_acid	treatment	fragmentation
2,3,5-triphenyltetrazolium_chloride	treatment	infarct
3h-thymidine	treatment	pha
5-ari	treatment	benign_prostatic_hyperplasia
3-methoxy-4-hydroxyphenylethylene_glycol	treatment	mhpg
2-p-hema	treatment	aneurysms
-3_fatty_acid_eicosapentaenoic_acid	treatment	pcos
1,8-cineole	treatment	toxicity
2-pyrones	treatment	ovarian_carcinoma
1-aminocyclopropane-1-carboxylic_acid	treatment	acc
15-methyl-lxa4	treatment	proteinuria
3-brpa	treatment	primary_tumor
3h-proline	treatment	cytotoxicity
111in-pentetreotide	treatment	thyroid_carcinoma
11c-ac	treatment	pulmonary_malignancy
1-beta-d-arabinofuranosylcytosine	treatment	ascites_tumor
1,2-dimethylhydrazine	treatment	cancer
3-deazaadenosine	treatment	rous_sarcoma
13-cis-retinoic_acid	treatment	squamous_cell_carcinoma_of_the_skin
3tc	treatment	crf
17beta-estradiol	treatment	kidney_disease
4-dimethylaminoazobenzene	treatment	tumor
4-nitro-n-phenylbenzamide	treatment	seizures
203hg-hydroxy-mercury-fluorescein	treatment	myocardial_infarcts
123i-mibg	treatment	familial_amyloid_polyneuropathy_type_i
2,3,7,8-tetrachlorodibenzo-p-dioxin	treatment	blood_regurgitation
2,4-dinitrophenol	treatment	radiation_injury
4-fluoro-3-nitroaniline	treatment	cd
4-aminopyridine	treatment	encephalomyelitis
2-aminochromones	treatment	platelet_aggregation
12-epoxyeicosatrienoic_acid	treatment	myocardial_ischemia
2,4-dithiobiuret	treatment	neuromuscular_weakness
4-aminopyridine	treatment	motor_abnormalities
2-pyrrolidinone	treatment	pkc
1-aminocyclopropane-1-carboxylate	treatment	acc
3,28-bis-hemiphthalate	treatment	hepatitis
12-o-tetradecanoylphorbol_13-acetate	treatment	cytotoxicity
5-ala	treatment	malignant_cerebral_glioma
1-methyl-4-phenyl-1,2,3,6-tetrahydropyridine	treatment	extrapyramidal_syndrome
51chromium	treatment	cytotoxicity
3hm-hbg	treatment	cutaneous_hsv-1_infection
2-phenylindole-3-carbaldehydes	treatment	breast_cancer
1,4,5-ip3	treatment	mh
18f-fdg	treatment	malignant_tracheal_tumor
2dg	treatment	sarcomas
3hc-glucuronide	treatment	renal_excretion
2-hydroxyglutarate	treatment	intrahepatic_cholangiocarcinoma
125iodine	treatment	prostatic_carcinoma
25-hydroxyvitamin_d	treatment	respiratory_tract_infection
2-hydroxy-sebacic_acid	treatment	neonatal_adrenoleukodystrophy
1-pp	treatment	bladder_contractions
3-o-methyldopa	treatment	omd
17-hydroxycorticosteroid	treatment	acute_necrotizing_ulcerative_gingivitis
2-amino-5-phosphonopentanoate	treatment	hyperalgesia
2,4,6-trinitrobenzene_sulfonic_acid	treatment	inflammatory_bowel_disease
18f-fluorodeoxyglucose	treatment	pulmonary_squamous_cell_carcinoma
13-cis-retinoic_acid	treatment	oral_leukoplakia
186re-sulfide	treatment	synovitis
3,11-dimec	treatment	ovarian_activity
3-ketoacyl	treatment	aging
131i	treatment	hyperthyroidism
17-ketosteroids	treatment	genital_cancer
2-chlorodeoxyadenosine	treatment	essential_mixed_cryoglobulinemia
25,26-dihydroxycholecalciferol	treatment	osteomalacia
125i-iododeoxyuridine	treatment	chromosomal_instability
17beta-estradiol	treatment	mcao
17-aag	treatment	oscc
1ctp	treatment	rfs
16a-18f-fluoroestradiol	treatment	breast_cancer
2-tetradecylglycidic_acid	treatment	carnitine_palmitoyltransferase_i
2-chlorofatty_acids	treatment	weibel-palade_body_mobilization
2ccpa	treatment	inflammation
2-chloro-5-nitro-n-phenylbenzamide	treatment	cancer
5-aminosalicylic_acid	treatment	diversion_colitis
22-oxacalcitriol	treatment	secondary_hyperparathyroidism
123i-metaiodobenzylguanidine	treatment	iddm
17b-estradiol	treatment	renal_failure
1-hydroxyethylidene-1,1-bisphosphonate	treatment	hypoplasia
25-hydroxyvitamin_d	treatment	obese
2-ethylcyclohexanone	treatment	seizures
21-ohd	treatment	congenital_adrenal_hyperplasia
1,8-cineole	treatment	skin_carcinoma
2-methoxyestradiol	treatment	neointima
3_beta-hydroxysteroid	treatment	deficient_in_fetal_zone_cultures
11-hydroxycorticoid	treatment	paralysis
17b-estradiol	treatment	bone_loss
2-ohe	treatment	estrogen_receptor-positive_breast_cancer
1-b-d-arabinofuranosyl_cytosine	treatment	leukemic
1,2-dimethylhydrazine	treatment	colon_tumors
1,3,4-thiadiazines	treatment	platelet_aggregation
3-mehis	treatment	protein-energy_malnutrition
3,4-dap	treatment	cms
1,25-dihydroxyvitamin_d3	treatment	autoimmune_thyroiditis
4-hc	treatment	malignant_gliomas
4-pyridinethiol	treatment	sers
3,4-dihydroxyphenylacetic_acid	treatment	ischemia
5-aminolaevulinic_acid	treatment	actinic_keratosis
1-propyl-1-nitrosourea	treatment	vascular_tumors
3-deoxy-7,8-dihydromorphine	treatment	catalytic_reduction
1metiq	treatment	pd
1h	treatment	ruptured_achilles_tendon
17beta-estradiol	treatment	atherosclerosis
18f-fdg	treatment	brain_lesions
111in-pentetreotide	treatment	tumor
25-hydroxyvitamin_d	treatment	diabetic_retinopathy
25-ohd	treatment	diabetes
1,2,3,4-tetrahydroisoquinoline-3-carboxylic_acid	treatment	tic
5,6-dimethylxanthenone-4-acetic_acid	treatment	haemorrhagic_necrosis
17-aag	treatment	esophageal_squamous_cell_carcinoma
4-ipp	treatment	tumor
3-hydroxy-3-methylglutaryl_coenzyme_a	treatment	dyslipidemia
1,25-dihydroxyvitamin_d	treatment	prostate_cancer
2,3,5-triphenyl-2h-tetrazolium_chloride	treatment	infarct
123i-metaiodobenzylguanidine	treatment	long_qt_syndrome
3,5-cyclic_adenosine_monophosphate	treatment	prostate_cancer
1,25-dihydroxyvitamin_d3	treatment	milk_fever
12-o-tetradecanoylphorbol_13-acetate	treatment	protein_kinase_c
2-octyl_cyanoacrylate	treatment	postoperative_pancreatic_fistula
4-aminopyridine	treatment	neurologic_disorders
2-chlorodeoxyadenosine	treatment	b-cell_chronic_lymphocytic_leukemia
4-hne	treatment	liver_injury
17alpha-ethinyl_estradiol	treatment	lipoproteinemia
18-fludeoxyglucose	treatment	inflammation
25-hydroxyvitamin_d	treatment	melanoma
11beta-hydroxysteroid	treatment	metabolic_syndrome
25-ohd	treatment	prostate_cancers
4-oht	treatment	breast_cancer
2-chlorodeoxyadenosine	treatment	lch
2-amino-5-phosphonopentanoic_acid	treatment	epsc_depression
3,5,3-triiodothyronine	treatment	pituitary_tumour
1,25-dihydroxycholecalciferol	treatment	idiopathic_hypoparathyroidism
5-ala	treatment	fgs
3h-thymidine	treatment	labeling_index
5-ala	treatment	pdd
2-aryl_propionic_acid	treatment	rheumatic_disease
5,7-dht	treatment	tachycardia
3-aminobeanzamide	treatment	burn_injury
17_beta-estradiol	treatment	pituitary_adenomas
25-hydroxycholecalciferol	treatment	renal_insufficiency
25-hydroxycholestrol	treatment	inflammation_and_viral_infections
16-oxo-cleroda-3,13-dien-15-oic_acid	treatment	cytotoxicity
5-aminosalicylic_acid	treatment	uc
18:0-oh	treatment	sls
3-np	treatment	hd
2-aminoethanesulphonic_acid	treatment	periodontal_diseases
2-dg	treatment	dyskinetic
18f-fdg	treatment	mpnsts
21-aminosteroids	treatment	hypoxia-induced_functional_failure
14-o-mem6su	treatment	pain
4-ipomeanol	treatment	death
25-hydroxy_vitamin_d3	treatment	asthmatic
1,25-dihydroxyvitamin_d3	treatment	postmenopausal_osteoporosis
4-hhe	treatment	tbe
4,5-dihydroxy-3-methyl-cyclohex-2-enone	treatment	ms
1-methyl-4-phenyl-1,2,3,6-tetrahydropyridine	treatment	snd
11,12-epoxyeicosatrienoic_acid	treatment	arrhythmias
18b-ga	treatment	cytotoxicity
11-cis-retinal	treatment	diabetic_retinas
18fdg	treatment	inverted_papilloma
3-hyp	treatment	diabetic_glomerulonephritis
25-hydroxyvitamin_d	treatment	subscleral_hygroma
3,4-dihydroxy-l-phenylalanine	treatment	parkinson
-3_pufa	treatment	liver_regeneration
4-methylpyrazole	treatment	fatty_liver
2-hydroxyglutarate	treatment	glioma
17-aag	treatment	retinopathy
17_beta-estradiol	treatment	renal_disease
4-methylcoumarin	treatment	tumor
1a-25-dihydroxyvitamin_d3	treatment	allergic_rhinitis
3dg	treatment	diabetes
3-nitropropionic_acid	treatment	toxicities
2-hydroxy-4-trifluorometylbenzoic_acid	treatment	thrombus
2-methoxyjuglone	treatment	hepatocellular_carcinoma
5-aminolevulinic_acid	treatment	colorectal_cancer
20c	treatment	neurodegenerative_diseases
4-aminoquinoline	treatment	malaria
11c-methionine	treatment	basal_ganglia_germinoma
1-methyl-4-phenyl-pyridinium	treatment	neuronal_damage
123i-imp	treatment	dementia
1-oleoyl-acetyl-sn-glycerol	treatment	pkc
4-oha	treatment	prostatic_cancer
4-hne	treatment	cardiomyocyte_anomalies
3mi	treatment	bronchiolitis
2,3-benzodiazepines	treatment	stroke
3-methoxynaltrexone	treatment	psychomotor
4-ma	treatment	baldness
17-aag	treatment	tbi
17beta-oestradiol	treatment	bleeding
13-hydroperoxyoctadecadienoic_acid	treatment	acyl-coa_hydrolase
4,5-dihydro-3-phenyl-5-isoxasole_acetic_acid	treatment	kidney_disease
170h-progesterone	treatment	congenital_adrenal_hyperplasia
17-aag	treatment	solid_tumors
17b-estradiol	treatment	cerebral_ischemia
17b-estradiol	treatment	fibrosis
3h-mp	treatment	acute_myocardial_ischemia
2e	treatment	axonal_charcot-marie-tooth
12-hydroxyeicosatetraenoic_acid	treatment	diabetes
13-cis-retinoic_acid	treatment	tumors
3-hydroxybutyrate	treatment	fcpd
4-aminopyridine	treatment	various_disease
17_beta-estradiol	treatment	weight_gain
3-omd	treatment	pd
3-hydroxy-3-methylglutaril_coenzyme_a	treatment	t2d
25-hydroxy_vitamin_d3	treatment	pain_and_sensory_deficits
18f-fluorodeoxyglucose	treatment	arterial_inflammation
25-hydroxyvitamin_d	treatment	sarcopenia
5-ala	treatment	glioblastoma
12-o-tetradecanoylphorbol13-acetate	treatment	pkc
131i-6beta-iodocholesterol	treatment	adrenal_hyperplasia
123i-iomazenil	treatment	temporal_lobe_epilepsy
25-hydroxyvitamin_d	treatment	stroke
14c-serotonin	treatment	heparin-induced_thrombocytopenia
5-aminolevulinic_acid_hexyl_ester	treatment	phototoxicity
18-fluorodeoxyglucose	treatment	lewy_body_dementia
18oxof	treatment	adrenocortical_disorders
52-amino-acid	treatment	cp
2-hydroxyethyl_methacryl_lactate	treatment	hema
3-oxoolean-12-en-27-oic_acid	treatment	cancer
2-phenylethanol	treatment	pdb
17beta-estradiol-3-benzoate	treatment	memory_deficits
3-brpa	treatment	autophagy-impaired_tumors
4-nitroquinoline-n-oxide	treatment	cancer
2-deoxy-d-glucose	treatment	cytotoxicity
2-deoxy-d-glucose	treatment	osteoblastic_osteosarcoma
17-aag	treatment	neuroblastoma
1,8-cineole	treatment	neuropathic_pain
4-oha	treatment	tumour
2,4-dinitrofluorobenzene	treatment	chs
2-cda	treatment	chronic_lymphocytic_leukemia
3-methylindole	treatment	pulmonary_injury
1,2-dimethylhydrazine	treatment	colon_adenocarcinomas
2-methoxyestradiol	treatment	tumor
2-cda	treatment	multiple_sclerosis
3-aminobenzamide	treatment	systemic_anaphylaxis
2-b4o	treatment	eae
1,2-propanediol	treatment	invasiveness_of_salmonella
17-aag	treatment	mss
12-acetoxyhawtriwaic_acid_lactone	treatment	edema
3-bromopyruvate	treatment	tumors
1,25-dihydroxyvitamin_d	treatment	chronic_kidney_disease
1,2-dimethylhydrazine	treatment	colon_cancer
4-aminoquinolines	treatment	parasites
2-cda	treatment	infection
3d-ce-pdu	treatment	prostate_cancer
2-oca	treatment	transhepatic_variceal_embolization
16a-hydroxyestrone	treatment	rheumatoid_arthritis
20-hydroxynortriptyline	treatment	chronic_renal_failure
4-app	treatment	enlargement_of_the_adrenal_medulla
20-methylcholanthrene	treatment	carcinoma
2-anthramine	treatment	skin_tumors
4-aminoquinolines	treatment	falciparum_malaria
2,3,4,7,8-pecdf	treatment	toxicity
2-acetylphenol	treatment	monoamine_oxidase
4-demethoxydaunorubicin	treatment	malignant_disease
4-hydroxy-2,2,6,6-tetramethylpiperidine-n-oxyl	treatment	zdf
2-methoxyestradiol	treatment	chondrosarcoma
3,4,5-trihydroxybenzoic_acid	treatment	cancers
25-hydroxyvitamin_d	treatment	prostate_cancer
2-hydroxybenzylamine_acetate	treatment	dose_oral_toxicity
18gly	treatment	allergic_asthma
12-oxo-phytodienoic_acid	treatment	inflammation
2-arachidonoylglycerol	treatment	sle
3,4-methylenedioxymethamphetamine	treatment	toxicity
17_beta-estradiol_3	treatment	prostatic_carcinoma
1,2,3,6-tetrahydro-n-trichloromethylthiophthalmide	treatment	carcinoma
18-f	treatment	multiple_myeloma
25-hydroxyvitamin_d	treatment	sle
3-n-butyl_phthalide	treatment	tumor
13-cis-retinoic_acid	treatment	mds
5-aminolevulinic_acid	treatment	breast_cancer
131i	treatment	ht
17-hydroxycorticosteroids	treatment	diabetic
17-allylamino_geldanamycin	treatment	lung_cancer
57co-cyanocobalamin	treatment	glycoproteins_in_chronic_myelogenous_leukaemia
5-aminolevulinic_acid	treatment	metastasis
123i-orthoiodohippurate	treatment	renal_and_urinary_disorders
3h-gaba	treatment	ischemia
123i-metaiodobenzylguanidine	treatment	idiopathic_dilated_cardiomyopathy
1,4,5,8-naphthalenetetracarboxylic_diimide	treatment	ndi
1,1-dichloroethylene	treatment	renal_damage
2-aminomethylene-17alpha-methyl-17beta-hydroxy-5alpha-androstan-3-one	treatment	anabolic_steroid
5-aminolevulinic_acid	treatment	colon_adenocarcinoma
1-deoxygalactonojirimycin	treatment	fabry_disease
17b-estradiol	treatment	thyroid_cancer
17a-hydroxyprogesterone_caproate	treatment	infection
1-chloro-2,4-dinitrobenzene	treatment	maids_infection
2-dg	treatment	virus_infection
4bhwe	treatment	oral_cancer
1-methyl-4-phenylpiridinium_iodide	treatment	neuronal_damage
3,4-diaminopyridine	treatment	cardiac_arrest
2,3-dpg	treatment	rcm
10-ethyl-10-deaza-aminopterin	treatment	head_and_neck
17beta-estradiol	treatment	diabetes
18f-fdg	treatment	paraneoplastic_limbic_encephalitis
125iodine	treatment	metastases
18b-sodium_glycyrrhetinic_acid	treatment	ar
2-methylthio-adp	treatment	pheochromocytoma
17-ketosteroids	treatment	trauma
2,3,5-triphenyltetrazolium_chloride	treatment	brain_infarction
5asa	treatment	ulcerative_colitis
3g4	treatment	breast_cancer
20-mca	treatment	tumors
18f-fdg	treatment	primary_tumor
2-ag	treatment	hypothermia
2-mercaptoethanol	treatment	hplc-icp-ms
11c-ac	treatment	malignant_tumor
17-allylamino-17-demethoxygeldanamycin	treatment	oesophageal_cancer
4-hexylresorcinol	treatment	tumor
5-amino-levulinic_acid	treatment	water_emulsion
15n	treatment	bladder_cancer
3alpha,5alpha-thp	treatment	pbc
18f-fluorodeoxyglucose	treatment	cirrhosis
188re-mag3-depreotide	treatment	nsclc
4-quinolones	treatment	haemophilus
18f-fdg	treatment	tbi
111in-pentetreotide	treatment	mtc
3-ohb	treatment	breast_cancer
28-homobrassinolide	treatment	hbl
2md	treatment	hypercalcemia
25-ohd	treatment	deficiency_and_insufficiency
10-hydroxy-2-decenoic_acid	treatment	hyperglycemia
13f-1	treatment	colonic_carcinoma
2,3,7,8-tetrachlorodibenzo-p-dioxin	treatment	pleuritis
5-amino-4-imidazolecarboxamide_riboside	treatment	acute_myeloid_leukemia
2-deoxyglucose	treatment	gastric_and_duodenal_fistulas
51cr-edta	treatment	coeliac_disease
18f-fdg	treatment	crescentic_glomerulonephritis
1-desamino-8-d-arginine-vasopressin	treatment	platelet_retention
1-o-hexadecyl-2-acetyl-sn-glycero-3-phosphocholine	treatment	hypertension
2-meoemate	treatment	breast_tumor
2-nbdg	treatment	dysplasia
3-amino-methyl-3,5,5-trimethylcyclohexylamine	treatment	allergic_contact_dermatitis
25-hydroxyvitamin_d	treatment	neurodegenerative_diseases
2-alpha-thiomethylmercuryl_9-acetamido-9-deoxy-sialoside	treatment	influenza_c_virus
123i-metaiodobenzylguanidine	treatment	brain_tumors
2,4-dinitrophenol	treatment	death
17beta-estradiol	treatment	cancer
1-aminocyclopropanecarboxylic_acid	treatment	paraplegia
137cs_burden	treatment	cardiovascular_symptoms
2-ag	treatment	neuroblastoma
2-dimensional	treatment	wall_motion_abnormalities
4-hydroxy-ifo	treatment	tumor
13c-urea	treatment	uninvestigated_dyspepsia_symptoms
1-sarcosine	treatment	cachexia
4-s-cysteaminylphenol	treatment	cytotoxicity
125iodine	treatment	localized_prostate_cancer
2-bromo-alpha-ergocryptine	treatment	galactorrhea
3-bp	treatment	colon_cancer
12-methacryloyloxydodecylpyridinium_bromide	treatment	dentinal_carious_lesions
4-phenylpyridine	treatment	pulmonary_toxicity
12-o-tetradecanoylphorbol-13-acetate	treatment	hyperplasia
3a-diol	treatment	neurotoxic_conditions
3hp-beta-lg	treatment	hsv-2_infection
3-methylcholanthrene	treatment	hepatic_cancer
18f-fdg	treatment	neuroblastoma
3-nitrotyrosine	treatment	systemic_lupus_erythematosus
5-aminolevulinic_acid	treatment	glioma
2-deoxyglucose	treatment	cancer
17-aag	treatment	sbma
2-chlorodeoxyadenosine	treatment	toxicity
2-ketoglutaric_acid	treatment	metabolic_acidosis
17alpha-hydroxyprogesterone_caproate	treatment	preterm_birth
11oha4	treatment	prostate_cancer
166ho-1,4,7,10-tetraazacyclododecane-1,4,7,10-tetramethylene-phosphonic_acid	treatment	multiple_myeloma
2-cda	treatment	lymphocytic_lymphomas
131i-iodine	treatment	thyroid_cancer
18f-fdg	treatment	papillary_thyroid_carcinoma
18f-fdg	treatment	synchronous_lung_cancers
2-chlorodeoxyadenosine	treatment	b-cell_lymphoma
2,3,7,8-tetrachlorodigenzo-p-dioxin	treatment	prostate_cancer
3-nitro-tyrosine	treatment	minimal_hepatic_encephalopathy
1-thc	treatment	hypotensive
2,4-d	treatment	h_after_treatment
16,16-dimethyl-trans-delta_2_prostaglandin_e1_methyl_ester	treatment	missed_abortion
12-0-tetradecanoyl-phorbol-13-acetate	treatment	tumor
1,2-dibromoethane	treatment	embryonic_day
14c-leucine	treatment	ird
2-ismn	treatment	platelet_aggregation
4-mercaptopyridine	treatment	sers
1-deamino-8-d-arginine_vasopressin	treatment	bleeding
17beta-estradiol	treatment	surgical_menopause
3rd_nordic_symposium	treatment	diabetes
5,5-diphenylhydantoin	treatment	neurobehavioral_toxicity
3,3,14,14-tetramethylhexadecanedioic_acid	treatment	wnv_infection
2-hydrazinopyrimidine	treatment	ms
21-aminosteroid	treatment	lung_injury
10-edam	treatment	stomatitis
2-cla	treatment	seizures
4-methylumbelliferryl-alpha-l-iduronide	treatment	alpha-l-iduronidase_deficiencies
13-cis-retinoic_acid	treatment	hypercalcemia
4-methylumbelliferone	treatment	hyaluronic_acid
17-hydroxyprogesterone	treatment	congenital_adrenal_hyperplasia
2,3,7,8-tetrachlorodibenzo-p-dioxin	treatment	cardiotoxic
5,6-epoxyeicosatrienoic_acid	treatment	osteoarthritis
17_beta-estradiol	treatment	uterine_leiomyomas
2me	treatment	melanoma
25-oh_vitamin_d	treatment	bc
5-aminolaevulinic_acid-pdt	treatment	basal_cell_carcinomas
3-amino-5-mercapto-1,2,4-triazole	treatment	asthma
17b-estradiol	treatment	neuroblastoma
1-mcp	treatment	ar
1-naphthoxyacetic_acid	treatment	tumor
4-hydroxyphenyl_retinamide	treatment	prostatic_carcinogenesis
11-oh_thc	treatment	pha
18f-fdg	treatment	atherosclerotic_plaques
3-haa	treatment	stroke
2-cda	treatment	lymphoplasmocytic_lymphoma
13c	treatment	obese
25-hydroxyvitamin_d	treatment	active_pulmonary_tuberculosis
131i-metaiodobenzylguanidine	treatment	metastases
2,5-hexanedione	treatment	hd
2-ag	treatment	allodynia
1-methyl-4-phenyl-1,2,3,6-tetrahydropyridine	treatment	neurodegeneration
5-asa	treatment	colorectal_cancer
11-dehydrocorticosterone	treatment	granuloma
1,25-dihydroxyvitamin_d3	treatment	unilateral_renal_artery_stenosis
2-4-dinitrochlorobenzene	treatment	cutaneous_hypersensitivity_reactions
1,2-dibromoethane	treatment	stomach_tumors
17beta-estradiol	treatment	pulmonary_hypertension
5-ala	treatment	pediatric_brain_tumor
18f-fluorodeoxyglucose	treatment	idc
3-npa	treatment	neuronal_apoptosis
3,4-dihydroxyphenylalanine	treatment	hypothermia
3-haa	treatment	gastrointestinal_tumors
13-cis-retinoic_acid	treatment	squamous_cell_cancer
1-abt	treatment	cytotoxicity
17-ketosteroid	treatment	liver_diseases
17_beta-oestradiol	treatment	hsd
13od	treatment	chronic_myeloid_leukemia
13n-ammonia	treatment	abs
17-ohp	treatment	cah
17a-hydroxyprogesterone_caproate	treatment	gestational_diabetes_mellitus
3-methyladenine	treatment	hope
4-mercaptobiphenyls	treatment	self-assembled_monolayers
18fdg	treatment	sarcoidosis
2-oxoglutarate	treatment	chronic_heart_failure
15-hete	treatment	chemotaxis
3,4-methylenedioxy-b-nitrostyrene	treatment	platelet_aggregation
1-cinnamoyl-3,11-dihydroxymeliacarpin	treatment	vesicular_stomatitis
2,3-dihydroxybenzoic_acid	treatment	beta-thalassemia
17-hydroxyprogesterone	treatment	ovarian_hyperandrogenism
1-d-methyltryptophan	treatment	tumour
3f-pcc	treatment	ich
24,25-dihydroxycholecalciferol	treatment	bone_disorders
1-beta-d-arabinofuranosylcytosine	treatment	leukaemia
14-amino-acid	treatment	cd
25-hcc	treatment	osteomalacia
125i-iothalamate	treatment	renal_insufficiency
13-cis-retinoic_acid	treatment	breast_cancers
25-hydroxyvitamin_d	treatment	cystic_fibrosis
12-o-tetradecanoylphorbol-3-acetate	treatment	inflammation
2-demethylcolchicine	treatment	edema
2vo	treatment	impairment_in_learning-memory
18f-fdg	treatment	dlbcl
1-methyl-1-androstenolone	treatment	blood_coagulation
5-alkyl-5-deazaaminopterin	treatment	toxicity
17beta-estradiol	treatment	dyskinesias
2,4-dinitrochlorobenzene	treatment	inflammation
4-aminosalicylic_acid	treatment	diseases_of_the_colon
1-aminocyclopropane-1-carboxylic_acid	treatment	tmv_infection
2-oxoglutarate	treatment	myocardial_damage
3-oxoolean-12-en-27-oic_acid	treatment	non-small_cell_lung_carcinoma
2-aaf	treatment	dna-damage
4-vinylcyclohexene_diepoxide	treatment	ovarian_failure
14c-urea	treatment	hp
13-cis-retinoic_acid	treatment	cancer
11-deoxycortisol	treatment	early_failure
2-methyl-5-phenylpentanol	treatment	toxicity
5-ala	treatment	mec
18f-fluorodeoxyglucose	treatment	esophageal_squamous_cell_carcinoma
4-hydroxyandrost-4-ene-3,17-dione	treatment	hypertensive
252cf	treatment	cancer_of_the_uterine_cervix
5-ala	treatment	brain_tumor
3_beta-hydroxysteroid	treatment	adrenogenital_syndrome
4-riba	treatment	essential_mixed_cryoglobulinemia
17-octadecynoic_acid	treatment	fid
2-ohe2	treatment	pgs
3-hydroxyproline	treatment	cancer
3-nitropropionic_acid	treatment	mitochondrial_dysfunction
11c-l-methionine	treatment	prolactinomas
18f-fluoride	treatment	as
3-ap_triapine	treatment	hnscc
4-nitroquinoline_1-oxide	treatment	cancer
1,2-octanediol	treatment	head_louse_infestation
2-hydroxyglutarate	treatment	brain_tumors
5-aminosalicylate	treatment	nephrotoxicity
1,2-dimethylhydrazine	treatment	colonic_cancer
25-hydroxyvitamin_d	treatment	cvd
17beta-estradiol	treatment	traumatic_brain_injury
3-aminopyridine-2-carboxaldehyde_thiosemicarbazone	treatment	cancer
3-hydroxy-bap	treatment	pkc
2dg	treatment	infarction
3h-thymidine	treatment	glioblastoma
12-s-hete	treatment	epithelial_injury
1,2,3,4,6-penta-o-galloyl-b-d-glucopyranose	treatment	brain_injury
19-nortestosterone	treatment	systemic_lupus_erythematosus
3-mercaptopropionic_acid	treatment	quantum_dots
3-n-alkyphthalide	treatment	gbm
3-deoxyglucosone	treatment	non-diabeteic_seniors
1-bromopropane	treatment	neurological_illnesses
22-ene-25-oxa-vitamin_d	treatment	colitis
2,9-dimethyl-1,10-phenanthroline	treatment	toxicity
3-n-butylphthalide	treatment	ischemic_stroke
33i	treatment	anhedonia
2-nitroimidazole-1-acetohydroxamate	treatment	hypoxic
14c-prednimustine	treatment	cancer
4-coumaric_acid	treatment	cornea
4-mu	treatment	mammary_tumors
15f-2t-isoprostane	treatment	epileptic
2-deoxyglucose	treatment	traumatic_brain_injury
2-chlorodeoxyadenosine	treatment	low-grade_lymphomas
2-ag	treatment	pain
11-keto-b-boswellic_acid	treatment	bse
3_beta-hydroxysteroid	treatment	pco
17beta-estradiol	treatment	coronary_artery_disease
17b-estradiol	treatment	ct
3dcrt	treatment	toxicity
3-hydroxy-3-methylglutaryl-coenzyme_a	treatment	melanoma
4-hne	treatment	kyphosis
5-ala	treatment	tumor
2-methylcitric_acid	treatment	cbl_deficiency
17beta-estradiol	treatment	ischemia
2-nnt	treatment	liver_and_bladder_tumours
5-amidino-2-phenylindole	treatment	hypotension
125iodine	treatment	glioblastoma
17beta-oestradiol	treatment	vaginal_atrophy
21-aminosteroid_u74006f	treatment	brain_hypoperfusion
12,13-epoxyoctadecenoic_acid	treatment	colon_tumorigenesis
4-nitroquinoline_1-oxide	treatment	escc
2-hydroxyestrone	treatment	oa
111in-pentetreotide	treatment	tumours
25-hydroxyvitamin_d	treatment	ar
5-asa	treatment	colon_carcinoma
3-methylfentanyl	treatment	poisonings
18f-fluorodeoxyglucose	treatment	primary_tumor
18-fluorodeoxyglucose	treatment	polychondritis
1h-csi	treatment	brain_tumors
186re-ethylene_dicysteine	treatment	restenosis
2-bfi	treatment	hyperactivity
3,4_metylenedioxymethamphetamine	treatment	similar_impairments
2-methoxyethanol	treatment	hyperthermia
1-methoxypropanol-2	treatment	toxicity
13l	treatment	cancer
17-ketosteroids	treatment	cirrhosis
2,3-diarylindole	treatment	a549_lung_cancer
12-o-tetradecanoylphorbol-13-acetate	treatment	ip
2,6-dichlorobenzonitrile	treatment	characterization_of_olfactory_deficits
4-np	treatment	eda
3-monochloropropane-1,2-diol	treatment	neurotoxicity
2,3-diphosphoglycerate	treatment	diabetic
2-cda	treatment	langerhans_cell_histiocytosis
2,5-hexanedione	treatment	testicular_atrophy
3h-nicotine	treatment	kd
1-bromopropane	treatment	neurotoxic
24,25-dihydroxycholecalciferol	treatment	chronic_renal_failure
5,6-benzo-alpha-pyrone	treatment	filarial_lymphoedema
2-oh-saclofen	treatment	paired_pulse_depression
3-aminobenzamide	treatment	diabetes
5-ala	treatment	idiopathic_elastosis_perforans_serpiginosa
25-hydroxycholesterol	treatment	aa
5-asa	treatment	proctitis
1-beta-d-arabinofuranosylcytosine	treatment	bladder_transitional_cell_carcinomas
2-acetylaminofluorene	treatment	chinese_hamster_ovary
3-hydroxypyridine_succinate	treatment	chronic_heart_failure
3h-lysergic_acid_diethylamide	treatment	depressed
25-ohd	treatment	sepsis
1-ethyl-3-methylimidazolium_salts	treatment	vf
18f-fdg	treatment	infection_and_inflammation
3-nitrotyrosine	treatment	bpd
18f-fdg	treatment	parsonage-turner_syndrome
18f-fdg	treatment	acute_lymphoblastic_leukemia
25-hydroxyvitamin_d	treatment	preeclampsia
3-methyl-1-phenyl-2-pyrazolin-5-one	treatment	retinal_injury
1-methyl-4-phenyl-1,2,3,6-tetrahydropyridine	treatment	parkinsonian-type_syndrome
5a-dht	treatment	benign_prostatic_hyperplasia
