preds,labels,pred_labels
[-0.07421605 -0.00359739],1,1
[-8.594498e-02 -7.034093e-05],0,1
[-0.08075143  0.00064152],1,1
[-0.07441981  0.00794349],0,1
[-0.07473667  0.0125432 ],1,1
[-0.07746381 -0.00120877],0,1
[-0.08393505  0.0036397 ],1,1
[-0.06932245  0.0056259 ],0,1
[-0.07604611  0.00060858],1,1
[-0.07983562 -0.0065313 ],0,1
[-0.07322088  0.00374211],1,1
[-0.07598613  0.0117074 ],0,1
[-0.08000483 -0.01391267],1,1
[-0.07898085 -0.00241005],0,1
[-0.07475154  0.00654883],1,1
[-0.07601762  0.00999755],0,1
[-0.07450905  0.00384638],1,1
[-0.05846599  0.00644177],0,1
[-0.07800753  0.01669566],1,1
[-0.07404763  0.00428961],0,1
[-0.07565403 -0.00325185],1,1
[-0.07175459  0.00069702],0,1
[-0.08791618 -0.0083698 ],1,1
[-0.07868297  0.00643307],0,1
[-0.06531741 -0.00375824],1,1
[-0.06090645  0.01084825],0,1
[-0.0713042  0.0089236],1,1
[-0.08496224  0.02409746],0,1
[-0.08205561 -0.0115113 ],1,1
[-0.05733991 -0.00907383],0,1
[-0.0669805   0.00343085],1,1
[-0.05829437  0.01464114],0,1
[-0.07940403 -0.01357991],1,1
[-0.06904177 -0.00291278],0,1
[-0.0732521   0.01865973],1,1
[-0.06927188  0.00909132],0,1
[-0.0702792   0.00104753],1,1
[-0.06667466  0.00611253],0,1
[-0.07543874  0.00329056],1,1
[-0.08055495  0.00782584],0,1
[-0.0751235  -0.01486916],1,1
[-0.07393081 -0.00281687],0,1
[-0.0776571   0.00268782],1,1
[-0.07107795  0.00815029],0,1
[-0.06524214  0.01314167],1,1
[-0.07231931  0.01003659],0,1
[-0.08346501  0.0042947 ],1,1
[-0.08463782  0.0007199 ],0,1
[-0.07538696 -0.00113735],1,1
[-0.08014128  0.01319933],0,1
[-0.08348182 -0.00042634],1,1
[-0.08100633 -0.00950745],0,1
[-0.07386353  0.00373402],1,1
[-0.07603307 -0.00252075],0,1
[-0.07688072  0.00690079],1,1
[-0.05706444 -0.00127133],0,1
[-0.08811158 -0.00474931],1,1
[-0.08297631 -0.00195692],0,1
[-0.09243853 -0.00414702],1,1
[-0.0841774   0.00265255],0,1
[-0.07053165 -0.00701091],1,1
[-0.06991611 -0.0057046 ],0,1
[-0.07308632 -0.00513724],1,1
[-0.07429397 -0.00742885],0,1
[-0.07799815 -0.00101358],1,1
[-0.07591154  0.01368089],0,1
[-0.07263032  0.00493672],1,1
[-0.07755445  0.0136743 ],0,1
[-0.08644165  0.0177907 ],1,1
[-0.08176684  0.00683619],0,1
[-0.06680192 -0.00786427],1,1
[-0.07642201 -0.01169014],0,1
[-0.09396903 -0.00673471],1,1
[-0.08261499 -0.00984387],0,1
[-0.0740636   0.00065158],1,1
[-0.07244518 -0.00446673],0,1
[-0.07334878  0.01262214],1,1
[-0.06921196  0.0085988 ],0,1
[-0.07966197 -0.00964897],1,1
[-0.08498128 -0.00207326],0,1
[-0.07798637 -0.00333146],1,1
[-0.07815845 -0.00417577],0,1
[-0.08123943  0.0053537 ],1,1
[-0.07937106 -0.01771221],0,1
[-0.07309569  0.00761611],1,1
[-0.07749248  0.01626393],0,1
[-0.06292862  0.00577149],1,1
[-0.05640361  0.00275106],0,1
[-0.07739522  0.00241174],1,1
[-0.07499385 -0.00586043],0,1
[-0.07600336  0.00552792],1,1
[-0.07000624  0.00375414],0,1
[-0.0824402  -0.01551461],1,1
[-0.07005005 -0.00813235],0,1
[-0.08206303  0.01456308],1,1
[-0.07430205  0.00827634],0,1
[-0.06403324  0.00609522],1,1
[-0.08625089  0.03272969],0,1
[-0.07602888  0.0084469 ],1,1
[-0.07210518  0.00238334],0,1
[-0.0662853  -0.00944711],1,1
[-0.06376734 -0.01353254],0,1
[-0.08685593  0.01416987],1,1
[-0.08376975  0.00842968],0,1
[-0.07980786 -0.00046863],1,1
[-0.07884779 -0.01654879],0,1
[-0.07650806  0.00528092],1,1
[-0.06459149  0.00056827],0,1
[-0.07875547 -0.0029403 ],1,1
[-0.07906926  0.00325665],0,1
[-0.08406179  0.01804781],1,1
[-0.08099052 -0.00140765],0,1
[-0.06086348 -0.02511707],1,1
[-0.07360461 -0.01448989],0,1
[-0.07222509  0.01524197],1,1
[-0.06940931  0.00441096],0,1
[-0.07698515 -0.00203225],1,1
[-0.08870211 -0.02951356],0,1
[-0.0777003   0.01131006],1,1
[-0.07312737  0.01950847],0,1
[-0.07385357  0.00859933],1,1
[-0.08106475  0.00772726],0,1
[-0.08381212  0.00931129],1,1
[-0.08055034 -0.0090041 ],0,1
[-0.08223118 -0.00063568],1,1
[-0.09138528  0.00754725],0,1
[-0.0943729   0.00267578],1,1
[-0.07925728 -0.00469285],0,1
[-0.07493203  0.00713164],1,1
[-0.07563125  0.00670078],0,1
[-0.0778399  -0.00963371],1,1
[-0.08006014 -0.00392471],0,1
[-0.07649669 -0.00309775],1,1
[-0.08487357  0.01536532],0,1
[-0.08303101  0.01024244],1,1
[-0.07907872  0.01363815],0,1
[-0.08058417  0.01043478],1,1
[-0.07659605 -0.00376643],0,1
[-0.08795232  0.00380782],1,1
[-0.08434524 -0.00270566],0,1
[-0.08828641 -0.0042647 ],1,1
[-0.08399028  0.00263904],0,1
[-0.08796689 -0.0041119 ],1,1
[-0.1031501   0.03653399],0,1
[-0.06498186  0.01425011],1,1
[-0.06272064  0.00450615],0,1
[-0.07022925 -0.0058696 ],1,1
[-0.07434832  0.00625972],0,1
[-0.06989045  0.01155745],1,1
[-0.06659527  0.00016506],0,1
[-0.07279322 -0.00717755],1,1
[-0.07142167  0.01001974],0,1
[-0.07196377  0.01309618],1,1
[-0.0722151  -0.00351869],0,1
[-0.07092638 -0.00243829],1,1
[-0.08639053 -0.01326557],0,1
[-0.07547897 -0.00165258],1,1
[-0.0828919  -0.00329107],0,1
[-0.07574444 -0.00625336],1,1
[-0.07766198 -0.00645683],0,1
[-0.08835597  0.0049248 ],1,1
[-0.08050422  0.00224737],0,1
[-0.08646841  0.00547318],1,1
[-0.0799334   0.00898408],0,1
[-0.08243981  0.00558221],1,1
[-0.07946119 -0.01315692],0,1
[-0.08171977  0.01142792],1,1
[-0.08413726  0.00118399],0,1
[-0.06659785  0.00177485],1,1
[-0.08106495 -0.00229433],0,1
[-0.079595   -0.00863338],1,1
[-0.08398864 -0.00329266],0,1
[-0.09375109 -0.00375154],1,1
[-0.08482181 -0.00797041],0,1
[-0.090868    0.00662779],1,1
[-8.155757e-02 -4.042685e-05],0,1
[-0.09143153 -0.01222879],1,1
[-0.08935219 -0.02027299],0,1
[-0.07346827  0.00806609],1,1
[-0.06852764  0.00545939],0,1
[-0.06387296  0.00473908],1,1
[-0.06260511  0.00326734],0,1
[-0.07436299  0.00546235],1,1
[-0.07567579  0.00678048],0,1
[-0.07221011 -0.00785708],1,1
[-0.06765049 -0.00757747],0,1
[-0.07919495 -0.0026879 ],1,1
[-0.0780838  0.0035996],0,1
[-0.08331223 -0.0054517 ],1,1
[-0.08243248 -0.00138794],0,1
[-0.07481587  0.01698689],1,1
[-0.06606954  0.00977112],0,1
[-0.08474424  0.00219954],1,1
[-0.06996857 -0.00825885],0,1
[-0.07335617  0.00416897],1,1
[-0.07592511  0.00244437],0,1
[-0.07490396 -0.01825184],1,1
[-0.07555776  0.00583178],0,1
[-0.07360014  0.00397698],1,1
[-6.289029e-02  8.725375e-05],0,1
[-0.08751802 -0.01889858],1,1
[-0.09033994 -0.00742871],0,1
[-0.07835698 -0.00309263],1,1
[-0.0830209  0.0229451],0,1
[-0.07460681 -0.00642399],1,1
[-0.06852277  0.01154444],0,1
[-0.07251483  0.00995521],1,1
[-0.08483428  0.00881205],0,1
[-0.0725615 -0.0143416],1,1
[-0.0777446   0.00375038],0,1
[-0.07868984  0.01188146],1,1
[-0.08095174  0.01249781],0,1
[-0.07579868  0.01245234],1,1
[-0.07360137  0.0096518 ],0,1
[-6.739740e-02 -8.492172e-05],1,1
[-0.06220654  0.0116253 ],0,1
[-0.07584555  0.01020987],1,1
[-0.0717314   0.01634186],0,1
[-0.07683216  0.01314981],1,1
[-0.06840256  0.01386817],0,1
[-0.09022826  0.00439508],1,1
[-0.07711611  0.00317661],0,1
[-0.06642844  0.00747349],1,1
[-0.06633414  0.01271208],0,1
[-0.07686584 -0.01030698],1,1
[-0.07085714  0.00701415],0,1
[-0.0886835  -0.00082898],1,1
[-0.07633151 -0.00609965],0,1
[-0.07164108  0.0342812 ],1,1
[-0.06765355  0.01551168],0,1
[-0.0758051   0.00422299],1,1
[-0.06576446 -0.00921911],0,1
[-0.07426328  0.00290425],1,1
[-0.07834379  0.00405083],0,1
[-0.08022787  0.01491834],1,1
[-0.08511057  0.0036607 ],0,1
[-0.08019622  0.00941476],1,1
[-0.08479045  0.01435263],0,1
[-0.067322   0.0082267],1,1
[-0.07493395  0.00520502],0,1
[-0.07754812 -0.00388253],1,1
[-0.0830356   0.00547025],0,1
[-0.07775725  0.00835439],1,1
[-0.07931066  0.00847676],0,1
[-0.07451411  0.01047327],1,1
[-0.0727794  0.0107009],0,1
[-0.07926283  0.0092624 ],1,1
[-0.08197455  0.01386336],0,1
[-0.08573053 -0.01004356],1,1
[-0.07653359 -0.00055764],0,1
[-0.08195275  0.00630896],1,1
[-0.07109095  0.01424614],0,1
[-0.07861573  0.00788339],1,1
[-0.08661318  0.00386401],0,1
[-0.07887515 -0.00224317],1,1
[-0.08599918 -0.00078278],0,1
[-0.06654377  0.00345589],1,1
[-0.06563401  0.00292256],0,1
[-0.082068   -0.00385361],1,1
[-0.08337792 -0.00958954],0,1
[-0.06073464 -0.01979982],1,1
[-0.06144904 -0.01304606],0,1
[-0.07901186  0.01498394],1,1
[-0.07051529  0.01027975],0,1
[-0.07321191 -0.00653728],1,1
[-0.07990233 -0.01168582],0,1
[-0.07712531 -0.00277773],1,1
[-0.07592706  0.00379819],0,1
[-0.07756446  0.01078869],1,1
[-0.07852797  0.01503616],0,1
[-0.06633362  0.00574178],1,1
[-0.07620682  0.00482243],0,1
[-0.0792945   0.00935002],1,1
[-0.08083574  0.01467989],0,1
[-0.07840674 -0.00214731],1,1
[-0.08741911 -0.00643285],0,1
[-0.07928516  0.01005685],1,1
[-0.08333358  0.01420444],0,1
[-0.0819665   0.01183054],1,1
[-0.08258201  0.01183399],0,1
[-0.07407722  0.0147066 ],1,1
[-0.08317306  0.01510795],0,1
[-0.06556785 -0.00617582],1,1
[-0.06672139  0.00857467],0,1
[-0.07133992 -0.00151806],1,1
[-0.07001528  0.00192115],0,1
[-0.06977916 -0.00064496],1,1
[-0.06069759  0.0065432 ],0,1
[-0.08164145  0.01748424],1,1
[-0.08561824  0.01569533],0,1
[-0.07822303 -0.00030877],1,1
[-0.07752545 -0.00245748],0,1
[-0.07893939  0.00573774],1,1
[-0.07634014 -0.00209073],0,1
[-0.08418677 -0.00476019],1,1
[-0.08306773  0.01585433],0,1
[-0.07323809  0.000251  ],1,1
[-0.06716284  0.00217433],0,1
[-0.07297638  0.00713561],1,1
[-0.06641757 -0.00192766],0,1
[-0.07847069  0.00352261],1,1
[-0.08115099  0.00748713],0,1
[-0.07126855 -0.00214336],1,1
[-0.08163188  0.00173862],0,1
[-0.08449658  0.00384519],1,1
[-0.08571254  0.00482543],0,1
[-0.08433388  0.01646232],1,1
[-0.08807242  0.0132553 ],0,1
[-0.08147876  0.01413316],1,1
[-0.07276667 -0.00173992],0,1
[-0.06189978  0.0023962 ],1,1
[-0.06848329  0.00348907],0,1
[-0.06144702 -0.00127571],1,1
[-0.06470492  0.0095472 ],0,1
[-0.07411636 -0.00355932],1,1
[-0.07097672  0.00023288],0,1
[-0.07666235  0.00971958],1,1
[-0.07717048  0.00098445],0,1
[-0.07798269 -0.00048707],1,1
[-0.07513516 -0.00497025],0,1
[-0.07348272  0.02882065],1,1
[-0.07700461  0.01085808],0,1
[-0.08463219 -0.01432978],1,1
[-0.08349809 -0.00351932],0,1
[-0.0607157   0.00853121],1,1
[-0.07260737 -0.00808622],0,1
[-0.065615    0.00452733],1,1
[-0.0695612   0.01162662],0,1
[-0.09006441  0.00767539],1,1
[-0.08131436  0.00694899],0,1
[-0.08082029  0.00076383],1,1
[-0.08298067 -0.0102493 ],0,1
[-0.07799385  0.00859435],1,1
[-0.07204117 -0.000581  ],0,1
[-0.08502895  0.00028391],1,1
[-0.07860506  0.00164325],0,1
[-0.07715222  0.00112037],1,1
[-0.07681186 -0.00238481],0,1
[-0.07137486 -0.00553082],1,1
[-0.07454138  0.01442788],0,1
[-0.07876125  0.0137212 ],1,1
[-0.08110598  0.0073514 ],0,1
[-0.06806524 -0.00856398],1,1
[-7.337654e-02 -8.858740e-05],0,1
[-0.07504071  0.00676951],1,1
[-0.0815679   0.00190432],0,1
[-0.09071631  0.00114236],1,1
[-0.08814482  0.00049842],0,1
[-0.09442178  0.00170369],1,1
[-0.08183679 -0.0121194 ],0,1
[-0.08071785  0.01250852],1,1
[-0.07244493  0.00207507],0,1
[-0.07811921  0.00706554],1,1
[-0.08780847  0.01528153],0,1
[-0.07680698 -0.01046549],1,1
[-0.08442922 -0.00459161],0,1
[-0.08354665  0.01234255],1,1
[-0.08181839  0.01397119],0,1
[-0.0697044  0.0058808],1,1
[-0.0702316  -0.00047587],0,1
[-0.08011352 -0.00638224],1,1
[-0.07035438  0.0131797 ],0,1
[-0.08440921  0.01114393],1,1
[-0.09010193  0.0218367 ],0,1
[-0.07850049  0.00334311],1,1
[-0.07208441  0.00591636],0,1
[-0.08474226  0.00244393],1,1
[-0.08592001  0.01298505],0,1
[-0.07021017  0.00359234],1,1
[-0.07984415  0.00775284],0,1
[-0.07189014 -0.01094931],1,1
[-0.06991822 -0.00863474],0,1
[-0.07600743  0.01082303],1,1
[-0.06945214  0.00979336],0,1
[-0.0775301   0.01495014],1,1
[-0.07303396  0.00438575],0,1
[-0.08120768 -0.01477765],1,1
[-0.07264456  0.0080888 ],0,1
[-0.07769108  0.00691676],1,1
[-0.07695574  0.00251402],0,1
[-0.07661232  0.0165759 ],1,1
[-0.07714456  0.01159427],0,1
[-0.06645991  0.01357652],1,1
[-0.06456585  0.00080757],0,1
[-0.07801268  0.01376217],1,1
[-0.06619646  0.02105441],0,1
[-0.08145446 -0.00081254],1,1
[-0.07473837  0.00946001],0,1
[-0.07840329  0.0064594 ],1,1
[-0.06555675 -0.00429795],0,1
[-0.07881293 -0.00505427],1,1
[-0.08476162  0.0024108 ],0,1
[-0.07074364 -0.00130732],1,1
[-0.07392831 -0.00720118],0,1
[-0.08407429 -0.00644302],1,1
[-0.06461531 -0.00733417],0,1
[-0.0752693   0.00847735],1,1
[-0.06377375  0.01741038],0,1
[-0.06868392 -0.00035791],1,1
[-0.06373116  0.00258019],0,1
[-0.07007194  0.00863183],1,1
[-0.06812138 -0.00507025],0,1
[-0.06990792  0.01219378],1,1
[-0.05970364  0.01098912],0,1
[-0.0728261  -0.00680941],1,1
[-0.07793996  0.00702882],0,1
[-0.08604927  0.00370269],1,1
[-0.08530067  0.00474094],0,1
[-0.0828674   0.01095412],1,1
[-0.08717611  0.00156292],0,1
[-0.07587841  0.00534023],1,1
[-0.07715571 -0.01468688],0,1
[-0.07882741  0.00786657],1,1
[-0.07595956  0.0147138 ],0,1
[-0.08110791 -0.00409321],1,1
[-0.06885335 -0.00459752],0,1
[-0.08084938  0.00948955],1,1
[-0.0732659  0.0119803],0,1
[-0.07659926  0.01430801],1,1
[-0.0743955   0.02090418],0,1
[-0.07164207 -0.00592455],1,1
[-0.06719244 -0.00548198],0,1
[-0.08579396  0.02271638],1,1
[-0.07872446  0.00852959],0,1
[-0.07788455  0.01085639],1,1
[-0.07866496  0.01912361],0,1
[-0.08658898  0.00376467],1,1
[-0.07335018  0.01143686],0,1
[-0.08026834  0.0058613 ],1,1
[-0.05496716  0.01977943],0,1
[-0.08572236  0.00092842],1,1
[-0.07292458  0.00670733],0,1
[-0.07448973 -0.0036367 ],1,1
[-0.07707906  0.00441959],0,1
[-0.08198024  0.00356814],1,1
[-0.08394924  0.01276025],0,1
[-0.08378193  0.01766087],1,1
[-0.06946842  0.02128846],0,1
[-0.08743247  0.00331682],1,1
[-0.08228683 -0.00162718],0,1
[-7.5555950e-02 -4.7188252e-05],1,1
[-0.0773486   0.00732675],0,1
[-0.08564891  0.01636112],1,1
[-0.07685947  0.00595921],0,1
[-0.0713309   0.00252925],1,1
[-0.07439332  0.00706635],0,1
[-0.08878383 -0.00193176],1,1
[-0.08387803  0.00894696],0,1
[-0.08408332 -0.00617668],1,1
[-0.08211344  0.01669628],0,1
[-0.07043038 -0.00103728],1,1
[-0.06902182  0.01137844],0,1
[-0.08018279  0.00852054],1,1
[-0.07831956  0.00601958],0,1
[-0.05799075  0.0074112 ],1,1
[-0.05921933  0.00773517],0,1
[-0.08059417  0.00903982],1,1
[-0.07363111  0.00962184],0,1
[-0.08763194  0.00480007],1,1
[-0.07577462  0.0046083 ],0,1
[-0.06214713  0.00307589],1,1
[-0.07257855  0.00250452],0,1
[-0.06503671 -0.00357038],1,1
[-0.06159125  0.00516614],0,1
[-0.06427062 -0.00020899],1,1
[-0.06333194  0.01173786],0,1
[-0.07801986  0.00565492],1,1
[-0.07952912  0.00102068],0,1
[-0.08002284  0.00330983],1,1
[-0.08080563 -0.00027303],0,1
[-0.08572127  0.00828911],1,1
[-0.08735798 -0.0051425 ],0,1
[-0.07188861  0.01648383],1,1
[-0.07301589  0.00621717],0,1
[-0.08855443  0.00752839],1,1
[-0.07909864  0.00451955],0,1
[-0.08136392  0.00752522],1,1
[-0.07991754  0.00346718],0,1
[-0.06244755  0.01342701],1,1
[-0.07572326  0.00246423],0,1
[-0.07219654 -0.01800216],1,1
[-0.08327681 -0.01158623],0,1
[-0.07773858  0.01043915],1,1
[-0.06935567 -0.00108132],0,1
[-0.09191865 -0.00394975],1,1
[-0.08515669  0.00625239],0,1
[-0.09704641  0.00087262],1,1
[-0.08414699  0.00168245],0,1
[-0.07589224  0.00182217],1,1
[-8.4242538e-02 -2.1137297e-05],0,1
[-0.08521895  0.01947527],1,1
[-0.07850745  0.015655  ],0,1
[-0.06389715  0.00720348],1,1
[-0.06245659  0.00115752],0,1
[-0.09613621  0.00779103],1,1
[-0.08844222  0.01316816],0,1
[-0.08390167  0.01285849],1,1
[-0.07972428 -0.00186006],0,1
[-0.07956164  0.00521091],1,1
[-0.07452936  0.01330682],0,1
[-0.07259685 -0.00316422],1,1
[-0.06603017  0.00923564],0,1
[-0.08028017 -0.00126548],1,1
[-0.07894474 -0.00198308],0,1
[-0.07614885  0.00264671],1,1
[-0.080018    0.01161874],0,1
[-0.07534911  0.0060185 ],1,1
[-0.07058795  0.0055693 ],0,1
[-0.08309716 -0.00908664],1,1
[-0.08783044 -0.00653241],0,1
[-0.06644183  0.00529714],1,1
[-0.06357701  0.00211023],0,1
[-0.09056747 -0.00677628],1,1
[-0.083671   -0.00470188],0,1
[-0.07644159 -0.01183847],1,1
[-0.07903322 -0.00873969],0,1
[-0.06314646  0.00524613],1,1
[-0.06932612  0.00365144],0,1
[-0.08036502 -0.01065189],1,1
[-0.06996353  0.01425622],0,1
[-0.08458233  0.00706287],1,1
[-0.08233988  0.01489099],0,1
[-0.07851693 -0.0024271 ],1,1
[-0.08203606 -0.00203581],0,1
[-0.08399594 -0.00050195],1,1
[-0.08246108  0.01097953],0,1
[-0.07689475  0.01787595],1,1
[-0.08420987  0.01114424],0,1
[-0.0877392   0.00127916],1,1
[-0.08670598 -0.00158142],0,1
[-0.06687178  0.00956759],1,1
[-0.07958481  0.01665685],0,1
[-0.0773674 -0.0079371],1,1
[-0.06993433 -0.00863663],0,1
[-0.06317325 -0.00083566],1,1
[-0.06627217 -0.01029318],0,1
[-7.406545e-02 -7.221103e-05],1,1
[-0.06796835 -0.00172054],0,1
[-0.07591271  0.0263756 ],1,1
[-0.08186207 -0.00185464],0,1
[-0.07996863 -0.00255723],1,1
[-0.07800935 -0.00465113],0,1
[-0.08286861 -0.0030282 ],1,1
[-0.0699458   0.01192412],0,1
[-0.06894015  0.00726242],1,1
[-0.0584542   0.00830396],0,1
[-0.06990318  0.01302105],1,1
[-0.06941007  0.01192118],0,1
[-0.07027055  0.00689305],1,1
[-0.07503073 -0.00630607],0,1
[-0.088066    0.00496982],1,1
[-0.08557677 -0.00288941],0,1
[-0.07394712  0.00334683],1,1
[-0.07305302  0.00135851],0,1
[-0.08201285 -0.00405364],1,1
[-0.07740669  0.00037794],0,1
[-0.08838099  0.00060429],1,1
[-0.07303461  0.00055472],0,1
[-0.06959499  0.01993419],1,1
[-0.08592353  0.01953685],0,1
[-0.08704166 -0.00506058],1,1
[-0.07263404  0.0082662 ],0,1
[-0.07240586  0.00957959],1,1
[-0.0629672  -0.00170825],0,1
[-0.08792223 -0.00253476],1,1
[-0.0762651   0.00770531],0,1
[-0.07949668  0.01197589],1,1
[-0.08612378  0.01250323],0,1
[-0.07384881 -0.01783863],1,1
[-0.064913   -0.01826683],0,1
[-0.07365874  0.00689075],1,1
[-0.07055685  0.00276843],0,1
[-0.08052433 -0.00869215],1,1
[-0.08107576 -0.01112659],0,1
[-0.07271974  0.00999909],1,1
[-0.07809944 -0.00349813],0,1
[-0.06639948  0.00755333],1,1
[-0.0627052   0.00548118],0,1
[-0.06958434  0.00509624],1,1
[-0.06815619  0.00780974],0,1
[-0.08663978  0.00787494],1,1
[-0.08063713  0.0026305 ],0,1
[-0.09092614 -0.01100893],1,1
[-0.09286612 -0.00625694],0,1
[-0.07694998  0.00417046],1,1
[-0.07402091 -0.01085247],0,1
[-0.07812603 -0.00420853],1,1
[-0.07798031 -0.00818031],0,1
[-0.08613472  0.0054944 ],1,1
[-0.08270881 -0.00954423],0,1
[-0.07748105 -0.00875544],1,1
[-0.07870731 -0.00048126],0,1
[-0.0673079   0.00105622],1,1
[-0.06090105  0.01641627],0,1
[-0.0817702  0.0045706],1,1
[-0.07317044 -0.00785124],0,1
[-0.0723583   0.01941614],1,1
[-0.07364696  0.01290432],0,1
[-0.06928775  0.00408164],1,1
[-0.07765964  0.00801454],0,1
[-0.06613161  0.00847454],1,1
[-0.067201    0.00438064],0,1
[-0.06325878  0.00459837],1,1
[-0.06479135  0.00327744],0,1
[-0.08589536 -0.01441215],1,1
[-0.09382993 -0.01009097],0,1
[-0.07161397  0.00278196],1,1
[-0.07870747 -0.01225076],0,1
[-0.0681032  -0.00330436],1,1
[-0.07841168 -0.01057386],0,1
[-0.07385486  0.00274348],1,1
[-0.0800429   0.00535011],0,1
[-0.07870203 -0.00273822],1,1
[-0.08056504  0.01439269],0,1
[-0.0722951   0.00619071],1,1
[-0.0771776  -0.00626837],0,1
[-0.07998803 -0.01291554],1,1
[-0.06252253 -0.0178192 ],0,1
[-0.08458813  0.00976098],1,1
[-0.08650254  0.00598794],0,1
[-0.08332684  0.01352505],1,1
[-0.07137597 -0.00137321],0,1
[-0.07990894 -0.01011754],1,1
[-0.08123487 -0.00437249],0,1
[-0.07778435  0.00840063],1,1
[-0.08670836  0.00422141],0,1
[-0.06892646  0.00462069],1,1
[-0.06726447 -0.00027756],0,1
[-0.07177697  0.01733233],1,1
[-0.08112326  0.01258489],0,1
[-0.07904993  0.01040417],1,1
[-0.08861909  0.01392763],0,1
[-0.07099237  0.00524101],1,1
[-0.06313094  0.00561336],0,1
[-0.08275709  0.00864097],1,1
[-0.07996921  0.01473586],0,1
[-0.06876317  0.01752605],1,1
[-0.0731447   0.01112853],0,1
[-0.07489303  0.01047572],1,1
[-0.08306986 -0.0086836 ],0,1
[-0.07668048  0.01242091],1,1
[-0.07106391 -0.00939573],0,1
[-0.08759631 -0.01149847],1,1
[-0.07901907 -0.00174546],0,1
[-0.10029855 -0.00714655],1,1
[-0.0976728   0.00439897],0,1
[-0.0856232   0.01761495],1,1
[-0.08035712  0.00922909],0,1
[-0.07110507  0.00487719],1,1
[-0.07430802 -0.00129557],0,1
[-0.08385053 -0.00161405],1,1
[-0.06358328 -0.00968314],0,1
[-0.06187269  0.01261947],1,1
[-0.07000923  0.01090634],0,1
[-0.0882393   0.00269485],1,1
[-0.07981312  0.00123448],0,1
[-0.07489914 -0.00020378],1,1
[-0.07389942 -0.00387484],0,1
[-0.06996764  0.01259848],1,1
[-0.07004206  0.01171528],0,1
[-0.08071274  0.01401732],1,1
[-0.09139778  0.01084599],0,1
[-0.0821806   0.00702433],1,1
[-0.07694599 -0.00044074],0,1
[-0.07662189  0.01649766],1,1
[-0.07549612  0.02542946],0,1
[-0.07268324 -0.00382699],1,1
[-0.07297315 -0.01201024],0,1
[-0.06039516  0.00383942],1,1
[-0.07902219  0.01095407],0,1
[-0.07547241 -0.00552962],1,1
[-0.07445159  0.00901536],0,1
[-0.06551057  0.01919178],1,1
[-0.06965425  0.01567961],0,1
[-0.06562273  0.00611202],1,1
[-0.06924617 -0.00396902],0,1
[-0.07393198  0.00718453],1,1
[-0.06802873  0.0008549 ],0,1
[-0.08039404  0.00118826],1,1
[-0.07574083  0.00178232],0,1
[-0.08108203 -0.00061233],1,1
[-0.07200329  0.0124976 ],0,1
[-0.07158965  0.00272687],1,1
[-0.07627335 -0.00752556],0,1
[-0.07621452 -0.00127032],1,1
[-0.07501508  0.00116377],0,1
[-0.07351276  0.01925946],1,1
[-0.08145899  0.01776517],0,1
[-0.06858376  0.00896582],1,1
[-0.06091406  0.00873201],0,1
[-0.08101502  0.00624822],1,1
[-0.07289641  0.00510222],0,1
[-0.07463288  0.00478151],1,1
[-0.09158757 -0.00062238],0,1
[-0.07239805  0.01132736],1,1
[-0.07419533  0.0027445 ],0,1
[-0.07644077 -0.00415056],1,1
[-0.07796742  0.01187234],0,1
[-0.06995061  0.00353827],1,1
[-0.07430399 -0.00204971],0,1
[-0.07887425  0.00985892],1,1
[-0.07007492 -0.01457722],0,1
[-0.081329    0.00216087],1,1
[-0.07733228 -0.0087493 ],0,1
[-0.08310525  0.00323988],1,1
[-0.0804084  -0.00265906],0,1
[-0.07383136 -0.010477  ],1,1
[-0.08158498  0.00309461],0,1
[-0.06777787  0.00315036],1,1
[-0.07096645 -0.00541274],0,1
[-0.07960662  0.0132829 ],1,1
[-0.07436305  0.00250313],0,1
[-0.08035384  0.0114523 ],1,1
[-0.06398019 -0.00563001],0,1
[-0.07387953 -0.00854837],1,1
[-0.08145037 -0.00951429],0,1
[-0.08175033  0.00849366],1,1
[-0.07771787  0.01691796],0,1
[-0.0820722  -0.00759215],1,1
[-0.07696097  0.02320236],0,1
[-0.06839156 -0.00893607],1,1
[-0.0736839   0.00221571],0,1
[-0.07633823  0.02120247],1,1
[-0.08825189 -0.00603914],0,1
[-0.07475442 -0.0041981 ],1,1
[-0.06805008  0.00707051],0,1
[-0.06004367  0.00698227],1,1
[-0.06666534  0.01506312],0,1
[-0.08123662  0.0042462 ],1,1
[-0.07655902  0.01128627],0,1
[-0.07808807  0.01190594],1,1
[-0.07032584  0.00669961],0,1
[-0.09375381  0.00737292],1,1
[-0.07541589 -0.00307815],0,1
[-0.07694639  0.00546151],1,1
[-0.06961912 -0.01504378],0,1
[-0.06508322 -0.01285141],1,1
[-0.07463345 -0.00167446],0,1
[-0.07249948  0.00213608],1,1
[-0.07794162  0.00409667],0,1
[-0.0777457   0.01043617],1,1
[-0.07273651  0.008053  ],0,1
[-0.07031085  0.00804982],1,1
[-0.07322897  0.00263368],0,1
[-0.06716813  0.00035712],1,1
[-0.06779218  0.00808377],0,1
[-0.08605133 -0.01267534],1,1
[-0.07732197 -0.01159614],0,1
[-0.09047413 -0.00439454],1,1
[-0.07545078  0.00780956],0,1
[-0.08437005 -0.00341011],1,1
[-0.07361595  0.0151018 ],0,1
[-0.06613976  0.00249103],1,1
[-0.07631856  0.01132891],0,1
[-0.06722772 -0.01345738],1,1
[-0.0668564   0.00189079],0,1
[-0.06696485  0.00607735],1,1
[-0.06492887  0.01277424],0,1
[-0.09378344 -0.00281558],1,1
[-0.0877289  -0.01039905],0,1
[-0.08042172  0.00821235],1,1
[-0.0800989   0.00628107],0,1
[-0.0866216   0.02259392],1,1
[-0.07406758  0.01028035],0,1
[-0.06639758  0.001616  ],1,1
[-0.06753673 -0.00152138],0,1
[-0.06874289 -0.00037847],1,1
[-0.07196786  0.02010594],0,1
[-0.07289249  0.01633848],1,1
[-0.06710087  0.00554755],0,1
[-0.07541255  0.00120829],1,1
[-0.07349673 -0.00712507],0,1
[-0.07410245  0.00597256],1,1
[-0.08432024  0.00961395],0,1
[-0.07015322  0.00467722],1,1
[-0.06748738  0.00092357],0,1
[-0.09358792 -0.00252755],1,1
[-0.07536376  0.00179254],0,1
[-0.06397374  0.0060138 ],1,1
[-0.06743342 -0.0050597 ],0,1
[-0.08022179 -0.00185223],1,1
[-0.07832485 -0.00952587],0,1
[-0.08346011 -0.0038066 ],1,1
[-0.06958537  0.00883939],0,1
[-0.08103159 -0.0009126 ],1,1
[-0.09065491 -0.00278067],0,1
[-0.08436136  0.00523583],1,1
[-0.07343379  0.00145879],0,1
[-0.07842636  0.01403391],1,1
[-0.08142886 -0.00318266],0,1
[-0.07465854  0.01030374],1,1
[-0.0655842   0.00697625],0,1
[-0.08545671  0.01404732],1,1
[-0.07348512  0.00478413],0,1
[-0.07249263  0.00536633],1,1
[-0.07555796  0.01952114],0,1
[-0.07124531  0.00963758],1,1
[-0.06645636  0.00723501],0,1
[-0.0768329  -0.01211669],1,1
[-0.07167478  0.004398  ],0,1
[-0.07318729  0.01344875],1,1
[-0.06632647 -0.0074444 ],0,1
[-0.05792738 -0.00527446],1,1
[-0.05465666 -0.01491772],0,1
[-0.06562128  0.00777121],1,1
[-0.06296492 -0.00140141],0,1
[-0.08132915 -0.01364956],1,1
[-0.08835499  0.00115072],0,1
[-0.07567485  0.00078752],1,1
[-0.07822661  0.01546735],0,1
[-0.08037873 -0.0112938 ],1,1
[-0.09905753  0.01375201],0,1
[-0.06403533  0.01046254],1,1
[-0.07720768  0.01451632],0,1
[-0.07814875  0.00726392],1,1
[-0.08039187 -0.00224283],0,1
[-0.08744568  0.00327524],1,1
[-0.07082845  0.01584284],0,1
[-0.07300481  0.01152491],1,1
[-0.08674763  0.01457223],0,1
[-0.07019196  0.00690283],1,1
[-0.07484515  0.01625112],0,1
[-0.07947467 -0.00433085],1,1
[-0.0793319  -0.00563658],0,1
[-0.06761762  0.00355849],1,1
[-0.08084466 -0.00172676],0,1
[-0.0860481   0.02110277],1,1
[-0.07661373  0.00444516],0,1
[-0.06925498  0.0065938 ],1,1
[-0.08306903 -0.00092387],0,1
[-0.06379445  0.01673179],1,1
[-0.08068728  0.02035686],0,1
[-0.08103805 -0.00106741],1,1
[-0.06813881 -0.00349215],0,1
[-0.05570926 -0.00510089],1,1
[-0.05365619 -0.00154358],0,1
[-0.08109938  0.01064505],1,1
[-0.06861673  0.00601345],0,1
[-8.513202e-02 -8.786470e-05],1,1
[-0.08448581  0.01247772],0,1
[-0.06535216  0.01295099],1,1
[-0.06241815  0.00095554],0,1
[-0.09236598 -0.007827  ],1,1
[-0.07874596  0.00157391],0,1
[-0.0684777   0.01287163],1,1
[-0.07301307  0.0109207 ],0,1
[-0.0587852   0.00792137],1,1
[-0.06426948  0.00839643],0,1
[-0.08022262  0.00558835],1,1
[-0.08230548 -0.00375388],0,1
[-0.07567868 -0.00245262],1,1
[-0.06446706 -0.00373555],0,1
[-0.08214106 -0.00596717],1,1
[-0.08226559  0.00206769],0,1
[-0.09206335  0.00415049],1,1
[-0.08959787  0.00541976],0,1
[-0.07605482  0.01117865],1,1
[-0.07582486  0.00053027],0,1
[-0.07352781  0.00475107],1,1
[-0.07682043  0.00296441],0,1
[-0.07659686  0.00957343],1,1
[-0.06550534 -0.0076907 ],0,1
[-0.06405963  0.00821973],1,1
[-0.06631178  0.00441465],0,1
[-0.07216804  0.00664748],1,1
[-0.07092994  0.0039469 ],0,1
[-0.07374084  0.0095775 ],1,1
[-0.07093924  0.00312018],0,1
[-0.07203114  0.00820148],1,1
[-0.06535427  0.01580623],0,1
[-0.07935245  0.00428253],1,1
[-0.06470348  0.00454597],0,1
[-0.06350262 -0.00296775],1,1
[-0.06369776 -0.00182492],0,1
[-0.08321707  0.00809345],1,1
[-0.06996886  0.01200218],0,1
[-0.07056388  0.0076434 ],1,1
[-0.06035276 -0.01035728],0,1
[-0.07857082  0.00544319],1,1
[-0.07585375 -0.01439179],0,1
[-0.08867884  0.00833315],1,1
[-0.07896371  0.0029652 ],0,1
[-0.08218592  0.00042729],1,1
[-0.07557461  0.01735444],0,1
[-0.0726207   0.01073574],1,1
[-0.07800514  0.00782784],0,1
[-0.07649432  0.00158025],1,1
[-0.08898538  0.00554159],0,1
[-0.07202122  0.0093607 ],1,1
[-0.07201492  0.00552235],0,1
[-0.07975893  0.00548434],1,1
[-0.07393314  0.01122626],0,1
[-0.08393259  0.01966929],1,1
[-0.08406501  0.00562008],0,1
[-0.07560946  0.00750695],1,1
[-0.08524742 -0.00420292],0,1
[-0.07282527  0.0063635 ],1,1
[-0.07115521  0.00305714],0,1
[-0.08125763  0.01320013],1,1
[-0.07633018  0.01102486],0,1
[-0.08352558  0.01495462],1,1
[-0.08190398  0.00752649],0,1
[-0.0725849   0.01109208],1,1
[-0.07909997  0.00327574],0,1
[-0.07985689 -0.01374624],1,1
[-0.08131115  0.00297223],0,1
[-0.08231185 -0.00270991],1,1
[-0.08043145 -0.0065845 ],0,1
[-0.06897987 -0.01085325],1,1
[-0.06795347 -0.00532158],0,1
[-0.09013924  0.01072687],1,1
[-0.08450192  0.01209786],0,1
[-0.07915199 -0.00736976],1,1
[-0.05836646  0.00186877],0,1
[-0.08243568 -0.01012891],1,1
[-0.08889602 -0.00414292],0,1
[-0.0697383   0.01246417],1,1
[-0.08465238  0.01255209],0,1
[-0.08223523 -0.00222427],1,1
[-0.06790124  0.00275837],0,1
[-0.08178784  0.00732376],1,1
[-0.05676773  0.00053649],0,1
[-0.07451668  0.01312647],1,1
[-0.07685984  0.00481709],0,1
[-0.06762712  0.00441416],1,1
[-0.06313528 -0.00063526],0,1
[-0.0758642   0.00342118],1,1
[-0.06515202 -0.0010249 ],0,1
[-0.09812693 -0.02358609],1,1
[-0.08251624 -0.01451972],0,1
[-0.06941491  0.00514159],1,1
[-0.0848406   0.00990438],0,1
[-0.07253553  0.00736923],1,1
[-0.0615464  0.0042702],0,1
[-0.0895      0.00307324],1,1
[-0.08529124  0.00381162],0,1
[-0.07913169  0.00929973],1,1
[-0.09319763  0.00367605],0,1
[-0.08310263  0.00033063],1,1
[-0.08211236  0.0028085 ],0,1
[-0.07044917  0.0107655 ],1,1
[-0.07379957  0.00014289],0,1
[-0.06729051  0.00191124],1,1
[-0.06776154 -0.00450544],0,1
[-0.09164248  0.01135137],1,1
[-0.08305795 -0.0034685 ],0,1
[-0.07939486  0.00849377],1,1
[-0.07242215 -0.00520432],0,1
[-0.07798198  0.01402013],1,1
[-0.07544175  0.00486206],0,1
[-0.0794851   0.00964016],1,1
[-0.06714596 -0.00251254],0,1
[-0.07842684  0.00055939],1,1
[-0.08044162  0.01136509],0,1
[-0.06681429  0.01324277],1,1
[-0.06336261  0.01085048],0,1
[-0.08381745  0.00061792],1,1
[-0.09259482 -0.00777841],0,1
[-0.08255559  0.00770229],1,1
[-0.091704    0.00065826],0,1
[-0.08391103  0.00577379],1,1
[-0.07759469  0.00016903],0,1
[-0.09036785 -0.01051793],1,1
[-0.07834246 -0.01345262],0,1
[-0.06963521 -0.01080244],1,1
[-0.07413721  0.02017246],0,1
[-0.08255106  0.01091507],1,1
[-0.07414617 -0.00127289],0,1
[-0.07165168  0.01002678],1,1
[-0.06137181  0.01406755],0,1
[-0.07638896  0.0150334 ],1,1
[-0.08184768  0.00634795],0,1
[-0.08461807 -0.00833957],1,1
[-0.0756878   0.00648003],0,1
[-0.06793155 -0.00658167],1,1
[-0.05848719 -0.00922898],0,1
[-0.07480404  0.01724148],1,1
[-0.06795362  0.00678372],0,1
[-0.08558714  0.01035775],1,1
[-0.07649705 -0.01934794],0,1
[-0.08647061 -0.01043288],1,1
[-0.09308144 -0.0019322 ],0,1
[-0.06964664  0.01284657],1,1
[-0.08699965  0.01917455],0,1
[-0.0636994  0.0062227],1,1
[-0.06176515  0.00698886],0,1
[-0.07410115  0.01008171],1,1
[-0.083166    0.01051815],0,1
[-0.08794732  0.0060436 ],1,1
[-0.08838399  0.00373188],0,1
[-0.07279968 -0.00707877],1,1
[-0.07563876  0.00470849],0,1
[-0.07588033  0.00262848],1,1
[-0.07523023  0.00208015],0,1
[-0.07648923  0.00526682],1,1
[-0.0742812   0.01566818],0,1
[-0.07608187  0.00174983],1,1
[-0.0790364   0.01644527],0,1
[-0.08981752 -0.00869559],1,1
[-0.08334799 -0.00667117],0,1
[-0.08139507 -0.00705578],1,1
[-0.08087933  0.00184856],0,1
[-0.07109833 -0.01466051],1,1
[-0.07719651  0.00980434],0,1
[-0.0857807  -0.00899455],1,1
[-0.08105679  0.00046511],0,1
[-0.07135548 -0.01188432],1,1
[-0.06600195 -0.02353746],0,1
[-0.07675833  0.0055943 ],1,1
[-0.07174927  0.01106234],0,1
[-0.0780488   0.00303694],1,1
[-0.08026366  0.00956871],0,1
[-0.0869398   0.00813107],1,1
[-0.08624458  0.00607323],0,1
[-0.08731124 -0.01064951],1,1
[-0.07675573 -0.00111529],0,1
[-0.07151069  0.00532966],1,1
[-0.06622948  0.0022022 ],0,1
[-0.07509214  0.00215298],1,1
[-0.06360607  0.00138205],0,1
[-0.08872591  0.01782595],1,1
[-0.07491274  0.01971478],0,1
[-0.07592773  0.0050437 ],1,1
[-0.07352278 -0.00229505],0,1
[-0.0785846   0.00133976],1,1
[-0.06173578 -0.00232721],0,1
[-0.07747661  0.01099034],1,1
[-0.0778033   0.00331085],0,1
[-0.07716641  0.00133386],1,1
[-0.08520145  0.00672743],0,1
[-0.06150225  0.0062433 ],1,1
[-0.07241102 -0.0076426 ],0,1
[-0.08681504  0.01134987],1,1
[-0.08378562  0.00107292],0,1
[-0.07774736  0.00599544],1,1
[-0.0767775   0.00366261],0,1
[-0.08984414 -0.00128771],1,1
[-0.08751664 -0.00686575],0,1
[-0.08134051  0.01119433],1,1
[-0.07935299  0.01177218],0,1
[-0.07171121  0.00084542],1,1
[-0.07319057  0.0061945 ],0,1
[-0.07195041  0.00215603],1,1
[-0.0873457  -0.00821599],0,1
[-0.08174443  0.00047846],1,1
[-0.08239569  0.00111594],0,1
[-7.6783076e-02  3.5241246e-05],1,1
[-0.095419   -0.00234112],0,1
[-0.07487062 -0.00715689],1,1
[-0.06050022 -0.00196214],0,1
[-0.06015931  0.0149559 ],1,1
[-0.07100209  0.00806555],0,1
[-0.07865664 -0.00317832],1,1
[-0.06965427  0.00127832],0,1
[-0.06940451  0.01618827],1,1
[-0.07106521  0.00830478],0,1
[-0.06696715  0.01608856],1,1
[-0.07359007  0.01653556],0,1
[-0.06355677  0.0064851 ],1,1
[-0.07150216  0.00700075],0,1
[-0.07283887 -0.00671786],1,1
[-0.07257214 -0.00148457],0,1
[-0.07320891  0.01320984],1,1
[-0.0678646  -0.00673056],0,1
[-0.08157334 -0.00382181],1,1
[-0.0811398   0.01503164],0,1
[-0.07644926  0.00698192],1,1
[-0.07916161  0.01656347],0,1
[-0.08269665 -0.00112877],1,1
[-0.06566499  0.00984521],0,1
[-0.08313824 -0.01117378],1,1
[-0.07988833 -0.01394769],0,1
[-0.07318984 -0.00757264],1,1
[-0.0803023  -0.00133637],0,1
[-0.07973361 -0.00158273],1,1
[-0.07695052  0.00602861],0,1
[-0.07340951 -0.00875027],1,1
[-0.09043215 -0.00146573],0,1
[-0.07785983  0.00110037],1,1
[-0.06942703 -0.00698576],0,1
[-0.08037744 -0.00335857],1,1
[-0.07201365 -0.00618472],0,1
[-0.08018924  0.01122089],1,1
[-0.07618861  0.01507929],0,1
[-0.05675904  0.0090691 ],1,1
[-0.07248482 -0.00132517],0,1
[-0.07043691  0.00182651],1,1
[-0.05876774 -0.00339903],0,1
[-0.08007527 -0.00289752],1,1
[-0.07484029 -0.00158683],0,1
[-0.07970285  0.00697795],1,1
[-0.07001524 -0.00457688],0,1
[-0.07135244  0.0047166 ],1,1
[-0.08528325  0.00489131],0,1
[-0.06972889  0.01064911],1,1
[-0.07501982  0.01786966],0,1
[-0.06660517  0.00113061],1,1
[-0.07563281 -0.01504335],0,1
[-0.09594859 -0.00099672],1,1
[-0.07828096  0.01885006],0,1
[-0.08915851  0.0031093 ],1,1
[-0.08680627  0.00322698],0,1
[-0.07625259 -0.00538291],1,1
[-0.0695561  -0.00512609],0,1
[-0.06373201  0.00566371],1,1
[-0.06829257  0.00010571],0,1
[-0.06843463  0.01353852],1,1
[-0.06657403 -0.00915373],0,1
[-0.06999101  0.00074724],1,1
[-0.06721888  0.00797509],0,1
[-0.07585298 -0.00466048],1,1
[-0.07237577  0.00443022],0,1
[-0.07779686  0.00232314],1,1
[-0.07434325  0.00307187],0,1
[-0.07621166  0.01949766],1,1
[-0.08221952  0.01734389],0,1
[-0.07449651 -0.00485467],1,1
[-0.06366253  0.01417988],0,1
[-0.08837757 -0.01464238],1,1
[-0.08450027  0.00510151],0,1
[-0.08069684  0.01600382],1,1
[-0.06983986  0.01327469],0,1
[-0.0706892  -0.00437111],1,1
[-0.07422326 -0.00878281],0,1
[-0.07579812 -0.0032674 ],1,1
[-0.06830303  0.00342007],0,1
[-0.08296435 -0.01729348],1,1
[-0.08911368  0.00108447],0,1
[-0.07520751 -0.0033074 ],1,1
[-0.07904622  0.00139627],0,1
[-0.08279009 -0.00877423],1,1
[-0.07132398  0.00863911],0,1
[-0.0773973  -0.02063846],1,1
[-0.06495406 -0.00411788],0,1
[-0.07367963  0.00482406],1,1
[-0.07762447  0.0030917 ],0,1
[-0.08318456  0.01209456],1,1
[-0.08578385 -0.00417626],0,1
[-0.08697981  0.00028102],1,1
[-0.07385647 -0.0123167 ],0,1
[-0.07963914  0.00884937],1,1
[-0.05732297 -0.01632381],0,1
[-0.07777156  0.01258734],1,1
[-0.0798858   0.01016978],0,1
[-0.07344862  0.01603544],1,1
[-0.06950609  0.01205629],0,1
[-0.07939887  0.01245987],1,1
[-0.08614226 -0.00600853],0,1
[-0.07753986 -0.00182691],1,1
[-0.08831207  0.00771646],0,1
[-0.06377244  0.00984199],1,1
[-0.06360488  0.00512344],0,1
[-0.09113318 -0.00878443],1,1
[-0.09285639 -0.00049974],0,1
[-0.0831448   0.01098352],1,1
[-0.07310084  0.0115765 ],0,1
[-0.07543863  0.01120449],1,1
[-0.06883684  0.01297446],0,1
[-0.07374362  0.00063315],1,1
[-0.06726947  0.02255234],0,1
[-0.07964312 -0.0014214 ],1,1
[-0.07150103  0.00577627],0,1
[-0.08665869  0.00531332],1,1
[-0.07956085  0.01265102],0,1
[-0.07172857 -0.00368406],1,1
[-0.07448812  0.00134873],0,1
[-0.07679699  0.00749898],1,1
[-0.07449792  0.00150315],0,1
[-0.08023478 -0.00201556],1,1
[-0.08821133 -0.00816303],0,1
[-0.06191041 -0.00410845],1,1
[-0.07094877 -0.00398644],0,1
[-0.08001706  0.00160365],1,1
[-0.07732943  0.00012045],0,1
[-0.0927233   0.01388983],1,1
[-0.07233825  0.00349742],0,1
[-0.07453184  0.01231243],1,1
[-0.06323227  0.01305039],0,1
[-0.07855255  0.00422928],1,1
[-0.06761052  0.01048843],0,1
[-0.07620727  0.00344075],1,1
[-0.0918276  -0.00238784],0,1
[-0.07952747  0.01085921],1,1
[-0.07881202  0.01261343],0,1
[-0.09050635 -0.00340334],1,1
[-0.09286998  0.00496668],0,1
[-0.08313769 -0.01454356],1,1
[-0.09034491 -0.00802532],0,1
[-0.08043872  0.00618052],1,1
[-0.06859612 -0.01079936],0,1
[-0.07537845  0.00317637],1,1
[-0.08519303  0.00203678],0,1
[-0.07155031 -0.01570362],1,1
[-0.0813501   0.00882843],0,1
[-0.07857099  0.01633085],1,1
[-0.0623517   0.03122979],0,1
[-0.07730187  0.00153665],1,1
[-0.07579735 -0.00978668],0,1
[-0.07837187  0.01220284],1,1
[-0.0663249  0.007659 ],0,1
[-0.07419375  0.00752912],1,1
[-0.0929071  0.017642 ],0,1
[-0.08121248 -0.00286124],1,1
[-0.08327645 -0.00119694],0,1
[-0.07104659  0.00434206],1,1
[-0.07578439 -0.00796661],0,1
[-0.07861547 -0.00418116],1,1
[-0.07056422 -0.00841708],0,1
[-0.07852964  0.01181253],1,1
[-0.06984976  0.0154058 ],0,1
[-0.07843421 -0.01795128],1,1
[-0.0820736  -0.02534692],0,1
[-0.07758006  0.0141853 ],1,1
[-0.07711689  0.00910629],0,1
[-0.07270113  0.00012143],1,1
[-0.07433632 -0.00346206],0,1
[-0.07574851 -0.00120476],1,1
[-0.08499683  0.01051949],0,1
[-0.06955367  0.01378931],1,1
[-0.0653062  0.0221867],0,1
[-0.07985126 -0.00299022],1,1
[-6.5960422e-02 -1.0639429e-05],0,1
[-0.08904561 -0.00910261],1,1
[-0.07252257 -0.00023805],0,1
[-0.07521182  0.00904908],1,1
[-0.07988788 -0.00121398],0,1
[-0.07157056  0.00850043],1,1
[-0.06575446  0.01061815],0,1
[-0.08684051  0.01159922],1,1
[-0.07616235 -0.00933423],0,1
[-0.09310639 -0.01038852],1,1
[-0.08378175 -0.01818051],0,1
[-0.08215111  0.00069266],1,1
[-0.0765084  0.0022172],0,1
[-0.07765318  0.00657286],1,1
[-0.07481557  0.00622971],0,1
[-0.08047426  0.00477234],1,1
[-0.07747464  0.00343862],0,1
[-0.07627925 -0.00156943],1,1
[-0.07625349 -0.01450398],0,1
[-0.08025777 -0.01127216],1,1
[-0.07843678 -0.00315475],0,1
[-0.07447036  0.00371985],1,1
[-0.07381289  0.00092468],0,1
[-0.08527599 -0.01485949],1,1
[-0.07713257 -0.0217145 ],0,1
[-0.08704454  0.00707781],1,1
[-0.08141755  0.00928184],0,1
[-0.07457383  0.00307736],1,1
[-0.07580864 -0.0030507 ],0,1
[-0.08878548  0.00625053],1,1
[-0.08952907  0.01055907],0,1
[-0.08285719  0.0098097 ],1,1
[-0.09274299  0.01043015],0,1
[-0.08133122  0.00266388],1,1
[-0.06389856  0.01546118],0,1
[-0.08332157  0.00779715],1,1
[-0.07531953 -0.00702024],0,1
[-0.06657287  0.00175954],1,1
[-0.06703076  0.01217477],0,1
[-0.06310038 -0.01085013],1,1
[-0.06786724 -0.00702749],0,1
[-0.07699629  0.00170767],1,1
[-0.06996456  0.00224245],0,1
[-0.06550832  0.00836095],1,1
[-0.07184931  0.0133765 ],0,1
[-6.925526e-02 -9.422749e-05],1,1
[-0.06745338 -0.0018647 ],0,1
[-0.07445715  0.00804131],1,1
[-0.08541836  0.02119714],0,1
[-0.08479221  0.00060669],1,1
[-0.08206475  0.0009883 ],0,1
[-0.07687474  0.01035016],1,1
[-0.07053223 -0.00292347],0,1
[-0.07799831  0.00362647],1,1
[-0.07710899  0.00792982],0,1
[-0.07109816  0.00651628],1,1
[-0.07182825  0.00104309],0,1
[-0.07214358  0.01582815],1,1
[-0.07467683  0.01578827],0,1
[-0.08894818  0.00603261],1,1
[-0.07934441  0.00551469],0,1
[-0.07917297  0.00628708],1,1
[-0.06831704 -0.01994048],0,1
[-0.08585562  0.00883215],1,1
[-0.08611499 -0.00298595],0,1
[-0.07696757 -0.00712103],1,1
[-0.08338591 -0.00468032],0,1
[-0.08197834  0.00971981],1,1
[-0.0738737   0.01004022],0,1
[-0.07092729  0.01140298],1,1
[-0.06850211  0.00086612],0,1
[-0.07885087 -0.00218452],1,1
[-0.06751539 -0.00185727],0,1
[-0.07801506  0.00652752],1,1
[-0.07370507  0.00231475],0,1
[-0.07239793  0.00399277],1,1
[-0.06456419  0.0076562 ],0,1
[-0.07461355  0.01081786],1,1
[-0.07591146 -0.00308107],0,1
[-0.0876573   0.01491732],1,1
[-0.07511838  0.00584476],0,1
[-0.07920539 -0.01060737],1,1
[-0.08286348 -0.01158151],0,1
[-0.07853791 -0.00610023],1,1
[-0.07907164 -0.00841749],0,1
[-0.06933628  0.00167236],1,1
[-0.06584261  0.00837877],0,1
[-0.07895249  0.00446159],1,1
[-0.08179689  0.01130434],0,1
[-0.06765432 -0.00365938],1,1
[-0.06909174  0.00678921],0,1
[-0.06804416 -0.00469936],1,1
[-0.06754899  0.00517545],0,1
[-0.08173453  0.00018326],1,1
[-0.0700665  -0.01458605],0,1
[-0.0650707  -0.02306591],1,1
[-0.06150112 -0.00257831],0,1
[-0.07130893  0.00653872],1,1
[-0.07976524 -0.0015612 ],0,1
[-0.07314953 -0.00192903],1,1
[-0.07331068 -0.00461709],0,1
[-0.06525511 -0.00259663],1,1
[-0.08016904 -0.00378747],0,1
[-0.07487968 -0.00455815],1,1
[-0.07467525 -0.00161686],0,1
[-0.07240221  0.01347129],1,1
[-0.08288075  0.01446586],0,1
[-0.08014528 -0.00313764],1,1
[-0.07910171 -0.00125558],0,1
[-0.07466699  0.00900391],1,1
[-0.07788832  0.00310963],0,1
[-0.09314965 -0.01054969],1,1
[-0.07811898 -0.0162928 ],0,1
[-0.06939369  0.00576634],1,1
[-0.07159658 -0.00238623],0,1
[-0.07723983  0.00935347],1,1
[-0.07051693 -0.00024288],0,1
[-0.07687239  0.0028655 ],1,1
[-0.07086188  0.00848998],0,1
[-0.0762037   0.00042369],1,1
[-0.0800252  -0.00701162],0,1
[-0.06928129 -0.02178477],1,1
[-0.07424001  0.01082753],0,1
[-0.07421342  0.00708564],1,1
[-0.0804265   0.01186705],0,1
[-0.07752608  0.00013026],1,1
[-0.08044782  0.01685642],0,1
[-0.08276376 -0.00453741],1,1
[-0.08576065 -0.00775313],0,1
[-0.07071967 -0.0057386 ],1,1
[-0.07378724  0.01570278],0,1
[-0.07979241  0.01479617],1,1
[-0.0755116  0.0107682],0,1
[-0.08388724  0.00203462],1,1
[-0.08211289  0.00222235],0,1
[-0.06839378  0.00398909],1,1
[-0.06573467 -0.00427736],0,1
[-0.06579964 -0.00744043],1,1
[-0.06266636 -0.00522211],0,1
[-0.07744977  0.02546055],1,1
[-0.08386602  0.00868067],0,1
[-0.06984939  0.01116721],1,1
[-0.07518876  0.0120554 ],0,1
[-0.06499728 -0.00082504],1,1
[-0.06723285 -0.01176837],0,1
[-0.07563238  0.0002877 ],1,1
[-0.07038787  0.00416946],0,1
[-0.091519   -0.00342689],1,1
[-0.07930176  0.00979668],0,1
[-0.0755645   0.00964665],1,1
[-0.06439562  0.0107158 ],0,1
[-0.07926796  0.01325486],1,1
[-0.07116292  0.00481448],0,1
[-0.08106871 -0.01228668],1,1
[-0.0818189  -0.00632067],0,1
[-0.07910296  0.01067974],1,1
[-0.08290952 -0.00973462],0,1
[-0.0905765   0.00187529],1,1
[-0.07458031 -0.00173531],0,1
[-0.07736449  0.01634321],1,1
[-0.07328771  0.01112255],0,1
[-0.08751778  0.01199908],1,1
[-0.07836577  0.00780485],0,1
[-0.08071226 -0.00265174],1,1
[-0.08344297  0.00756454],0,1
[-0.0765533   0.00178403],1,1
[-0.06273539  0.00350987],0,1
[-0.0670416   0.00147565],1,1
[-0.07475573 -0.00531442],0,1
[-0.09524029 -0.00334029],1,1
[-0.1048124  -0.00193231],0,1
[-0.07999307 -0.0043602 ],1,1
[-0.07820132  0.01124295],0,1
[-0.07883717  0.00517866],1,1
[-0.06828138  0.02075093],0,1
[-0.06610057 -0.00747785],1,1
[-0.07216047  0.00473825],0,1
[-0.08914663  0.00027425],1,1
[-0.08408256  0.01549909],0,1
[-0.08109163  0.01361647],1,1
[-0.08295985  0.00906156],0,1
[-0.07760386 -0.00364345],1,1
[-0.08411117  0.00192735],0,1
[-0.07118472  0.0048403 ],1,1
[-0.0682442   0.00624089],0,1
[-0.07645766  0.01013871],1,1
[-0.07720982  0.00869466],0,1
[-0.07203327  0.01063224],1,1
[-0.07440577  0.00548752],0,1
[-0.07731462 -0.00926914],1,1
[-0.08104512  0.00084966],0,1
[-0.07939361 -0.01067182],1,1
[-0.07998043 -0.00938798],0,1
[-0.07287779 -0.00400677],1,1
[-0.0770409   0.00022409],0,1
[-0.05844067 -0.02060839],1,1
[-0.06919637  0.00378882],0,1
[-0.07906903  0.01047926],1,1
[-0.06838116  0.00118583],0,1
[-0.07240258  0.0144965 ],1,1
[-0.07490182 -0.00644869],0,1
[-0.09182733  0.00183585],1,1
[-0.0822192   0.00058501],0,1
[-0.07853654  0.01451398],1,1
[-0.07181183  0.01753959],0,1
[-0.0807112   0.01387017],1,1
[-0.06339841  0.02432921],0,1
[-0.08206978 -0.00283378],1,1
[-0.07768267  0.00170247],0,1
[-0.07489297 -0.00922085],1,1
[-0.06830402 -0.01174705],0,1
[-0.0719398   0.00525334],1,1
[-0.07793225 -0.00960682],0,1
[-0.08838385 -0.00185878],1,1
[-0.06880692  0.00213439],0,1
[-0.06292722 -0.01389631],1,1
[-0.06483363 -0.00595703],0,1
[-0.06372936  0.00323126],1,1
[-0.05598196 -0.0077299 ],0,1
[-0.08602892  0.00195059],1,1
[-0.08652464 -0.00635479],0,1
[-0.06653126 -0.00820386],1,1
[-0.07239848 -0.00120208],0,1
[-0.08225547 -0.02442941],1,1
[-0.07759093 -0.00683516],0,1
[-0.08279    -0.00018916],1,1
[-0.06659374 -0.00523594],0,1
[-0.07158075 -0.00011864],1,1
[-0.08071369 -0.00202312],0,1
[-0.07753915  0.01017078],1,1
[-0.07209918  0.0124433 ],0,1
[-0.08817437 -0.0023116 ],1,1
[-0.08721785 -0.00838977],0,1
[-0.08104944  0.00441214],1,1
[-0.08008367 -0.01264189],0,1
[-0.07929827  0.01487616],1,1
[-0.07910567  0.01233499],0,1
[-0.07057349  0.01487257],1,1
[-0.07075897  0.01643673],0,1
[-0.05100011 -0.00664882],1,1
[-0.06192257 -0.01421475],0,1
[-0.07769091  0.01440062],1,1
[-0.07979362  0.01600942],0,1
[-0.06303243 -0.01887562],1,1
[-0.06855085 -0.00375921],0,1
[-0.07590877 -0.00018895],1,1
[-0.06923677  0.00207458],0,1
[-0.09062108  0.001768  ],1,1
[-0.09013337  0.00152738],0,1
[-0.08300741  0.01057916],1,1
[-0.08405653  0.00949794],0,1
[-0.06615262 -0.00344451],1,1
[-0.0678919   0.00156369],0,1
[-0.08607449  0.00132585],1,1
[-0.07343829 -0.00777346],0,1
[-0.08097894  0.01452396],1,1
[-0.08909513  0.01804387],0,1
[-0.07231563  0.00527346],1,1
[-0.06561998  0.00827414],0,1
[-0.0893365   0.00697669],1,1
[-0.09257615  0.00862676],0,1
[-0.07431538  0.00189485],1,1
[-0.08367817 -0.00609511],0,1
[-0.08129933 -0.00092148],1,1
[-0.0856493   0.00628667],0,1
[-0.07586899  0.01178826],1,1
[-0.07999934 -0.00346808],0,1
[-0.07374364  0.01187471],1,1
[-0.07548869 -0.00040723],0,1
[-0.07708921 -0.01503607],1,1
[-0.08239162  0.01249798],0,1
[-0.07815862  0.00882939],1,1
[-0.07965226  0.01411738],0,1
[-0.06752263  0.01603036],1,1
[-0.07112424  0.00365855],0,1
[-0.08726002  0.01412167],1,1
[-0.07775226  0.01839587],0,1
[-0.07412954  0.0152004 ],1,1
[-0.08195847 -0.00361988],0,1
[-0.08089066 -0.00235867],1,1
[-0.0730737   0.01829465],0,1
[-0.07282302 -0.00493484],1,1
[-0.06891701  0.00303975],0,1
[-0.06576473  0.00372015],1,1
[-0.07632127  0.00313044],0,1
[-0.05463829  0.00783502],1,1
[-0.06505369  0.00569862],0,1
[-0.07182157  0.00687877],1,1
[-0.07405013  0.01136029],0,1
[-0.08802529 -0.00159796],1,1
[-0.08581153  0.00623059],0,1
[-0.07074685  0.01963194],1,1
[-0.08394265  0.01413316],0,1
[-0.09605742  0.0111147 ],1,1
[-0.09003192  0.01515964],0,1
[-0.07905056  0.0081808 ],1,1
[-0.07595763  0.00367018],0,1
[-0.07921959 -0.00319171],1,1
[-0.07469591  0.00855695],0,1
[-0.08244281 -0.00467139],1,1
[-0.07680193  0.0135518 ],0,1
[-0.08082268  0.01097546],1,1
[-0.07861185  0.01001659],0,1
[-0.0788836   0.01168403],1,1
[-0.07930936  0.01345118],0,1
[-0.0727974   0.01209087],1,1
[-0.06890081  0.00722013],0,1
[-0.08408498  0.01075494],1,1
[-0.09254995  0.01288722],0,1
[-0.07778202  0.0083436 ],1,1
[-0.07712568  0.00879119],0,1
[-0.07980932  0.00104725],1,1
[-0.07505034  0.00460885],0,1
[-0.0810508  -0.01102129],1,1
[-0.0844157 -0.009054 ],0,1
[-0.07786503  0.00715631],1,1
[-0.08404748  0.00741575],0,1
[-0.07710528  0.00382249],1,1
[-0.0725112   0.00840185],0,1
[-0.0845475   0.00912972],1,1
[-0.0891407  -0.00561807],0,1
[-0.07064505  0.00898685],1,1
[-0.06656539 -0.00377989],0,1
[-0.05976127 -0.02657201],1,1
[-0.06078575 -0.00824849],0,1
[-0.07685822 -0.01021103],1,1
[-0.08716363  0.00134037],0,1
[-0.07019535  0.00607789],1,1
[-0.06157827  0.01711085],0,1
[-0.07989402 -0.00699042],1,1
[-0.09256104 -0.01195734],0,1
[-0.07064113  0.00269474],1,1
[-0.06741198  0.01131166],0,1
[-0.07935411 -0.00032747],1,1
[-0.08320101 -0.01067816],0,1
[-0.07329682  0.00610254],1,1
[-0.06663969 -0.00286774],0,1
[-0.08898036  0.01105427],1,1
[-0.08962178  0.01569761],0,1
[-0.07027835  0.01566701],1,1
[-0.07602188  0.01631022],0,1
[-0.07739955  0.0052015 ],1,1
[-0.07646105  0.00915405],0,1
[-0.0915699   0.00447597],1,1
[-0.07715927 -0.00014607],0,1
[-0.07886012  0.00730378],1,1
[-0.0919576   0.00797088],0,1
[-0.08197909  0.00489733],1,1
[-0.07628968  0.0011768 ],0,1
[-0.07680261 -0.00219797],1,1
[-0.07820921 -0.00336594],0,1
[-0.08381362  0.01052114],1,1
[-0.08248784  0.01054206],0,1
[-0.07903688 -0.00255897],1,1
[-0.08473158 -0.00411927],0,1
[-0.07354458 -0.01203096],1,1
[-0.07662511 -0.00947594],0,1
[-0.06218727  0.008867  ],1,1
[-0.07111171  0.00202282],0,1
[-0.08404805 -0.00701851],1,1
[-0.07245927  0.01123261],0,1
[-0.08030644  0.00403077],1,1
[-0.07975648  0.01347972],0,1
[-0.07209437  0.00844495],1,1
[-0.06505215  0.01084369],0,1
[-0.081733    0.01029615],1,1
[-0.08893164  0.00056542],0,1
[-8.3158426e-02 -4.6342611e-05],1,1
[-0.09163105  0.00274014],0,1
[-0.08351363 -0.00028881],1,1
[-0.07736779 -0.00308127],0,1
[-0.08420537  0.00502915],1,1
[-0.08022813  0.00220513],0,1
[-0.07643954  0.00562172],1,1
[-0.07936317  0.0067119 ],0,1
[-0.07948224  0.01406366],1,1
[-0.07678382  0.00673965],0,1
[-0.06976965  0.01126152],1,1
[-0.08282198  0.01045997],0,1
[-0.05790341  0.01059322],1,1
[-0.06329896  0.01204474],0,1
[-0.07616958 -0.00848797],1,1
[-0.07400633 -0.00142504],0,1
[-0.07173523  0.00708131],1,1
[-0.08330642  0.00494986],0,1
[-0.08137666 -0.00484736],1,1
[-0.08323182 -0.00363432],0,1
[-0.07097116  0.00359606],1,1
[-7.2759137e-02 -3.1664968e-05],0,1
[-0.05427491 -0.00380737],1,1
[-0.06470873 -0.01286532],0,1
[-0.08447303  0.01288234],1,1
[-0.07167717  0.00308098],0,1
[-0.08857794  0.01186388],1,1
[-0.07368542  0.00283887],0,1
[-0.06763133 -0.00377408],1,1
[-0.06581458  0.0048713 ],0,1
[-0.07363185  0.00231288],1,1
[-0.06966022 -0.00461183],0,1
[-0.07766874  0.0073373 ],1,1
[-0.06702515  0.00408369],0,1
[-0.08112366  0.01362602],1,1
[-0.07486701  0.00925942],0,1
[-0.07228827  0.00019459],1,1
[-0.07847833  0.01330782],0,1
[-0.07545923  0.00648935],1,1
[-0.07816893 -0.00438575],0,1
[-0.08384905 -0.0028423 ],1,1
[-0.06737862  0.00496371],0,1
[-0.08929719 -0.01092373],1,1
[-0.07359536 -0.0038524 ],0,1
[-0.06832762  0.01377192],1,1
[-0.08243552  0.01619374],0,1
[-0.07795     0.00742441],1,1
[-0.07588224  0.00140814],0,1
[-0.06995832  0.00802018],1,1
[-0.07705744 -0.00940067],0,1
[-0.06290913  0.00805202],1,1
[-0.05681241  0.00596851],0,1
[-0.06965004  0.00344025],1,1
[-0.08361822  0.01826906],0,1
[-0.07145707  0.01139811],1,1
[-0.06965584  0.00459957],0,1
[-0.08301681 -0.00473775],1,1
[-0.07957776  0.00355081],0,1
[-0.06991072 -0.00744663],1,1
[-0.0755536   0.00792046],0,1
[-0.07874671  0.00792259],1,1
[-0.09093103 -0.00573842],0,1
[-0.08000737 -0.00182253],1,1
[-0.06593892  0.01255554],0,1
[-0.077446    0.00390681],1,1
[-0.06900569 -0.00305632],0,1
[-0.08267859 -0.00271445],1,1
[-0.07398647  0.00579946],0,1
[-0.09297466 -0.00575254],1,1
[-0.07898778  0.00590887],0,1
[-0.07129602 -0.01268608],1,1
[-0.07366832  0.00694256],0,1
[-0.06885365 -0.00050358],1,1
[-0.06529613  0.00807407],0,1
[-0.06636247  0.00579825],1,1
[-0.05997483  0.01578496],0,1
[-0.08211543  0.00741654],1,1
[-0.08163303  0.00832472],0,1
[-0.08815843  0.01534184],1,1
[-0.08621544  0.00917564],0,1
[-0.0735388   0.00304975],1,1
[-0.07059558 -0.00939289],0,1
[-0.07371345  0.00740254],1,1
[-0.07746025 -0.00929022],0,1
[-0.07287086  0.00917769],1,1
[-0.06099218  0.01561847],0,1
[-0.08857057  0.00364388],1,1
[-0.08087096  0.00576857],0,1
[-0.06260377 -0.01076577],1,1
[-0.07821726 -0.00455292],0,1
[-0.08597834  0.01315133],1,1
[-0.07982474  0.01647334],0,1
[-0.079053   -0.00672773],1,1
[-0.0742258 -0.0010341],0,1
[-0.0776482   0.00468695],1,1
[-0.07836884 -0.00011265],0,1
[-0.08148725  0.00018466],1,1
[-0.0736675  -0.00022765],0,1
[-0.06887509 -0.00641538],1,1
[-0.0747294  -0.00580208],0,1
[-0.07933344  0.01356137],1,1
[-0.07408787 -0.00014311],0,1
[-0.08656195  0.00225846],1,1
[-0.08844265 -0.00278147],0,1
[-0.07617024  0.00919186],1,1
[-0.08371217  0.00479688],0,1
[-0.07623681  0.00573833],1,1
[-0.07452553 -0.00023863],0,1
[-0.07118716 -0.00585438],1,1
[-0.07280017  0.01552638],0,1
[-0.06775833  0.00958473],1,1
[-0.07330229  0.01040458],0,1
[-0.07979815  0.01660061],1,1
[-0.08459274  0.01045644],0,1
[-0.07699999  0.01092678],1,1
[-0.07014572  0.00920983],0,1
[-0.07659084  0.0044735 ],1,1
[-0.06695782  0.0019673 ],0,1
[-0.0815024   0.00792166],1,1
[-0.07536298  0.01256692],0,1
[-0.07030742  0.00374798],1,1
[-0.06734678  0.00525702],0,1
[-0.08752728 -0.00018096],1,1
[-0.08105676  0.00425132],0,1
[-0.08655658  0.01705509],1,1
[-0.08406603  0.00842678],0,1
[-0.06936817 -0.0023651 ],1,1
[-0.07238014 -0.00394388],0,1
[-0.08090157 -0.00537325],1,1
[-0.08580557 -0.00302126],0,1
[-0.0651885   0.03203801],1,1
[-0.06428129  0.01371457],0,1
[-0.09580593  0.0036616 ],1,1
[-0.08174443  0.01225971],0,1
[-0.0756354  -0.00497866],1,1
[-0.08416875  0.00511321],0,1
[-0.09345686  0.00373148],1,1
[-0.07660598 -0.00402528],0,1
[-0.07389937  0.00456639],1,1
[-0.07548189 -0.00105251],0,1
[-0.06141804 -0.0050326 ],1,1
[-0.07139905 -0.00866223],0,1
[-0.07930534  0.00331179],1,1
[-0.08103016  0.0008795 ],0,1
[-0.06805307 -0.00017112],1,1
[-0.06720707 -0.00099255],0,1
[-0.08259752 -0.00137367],1,1
[-0.0825588  0.0129756],0,1
[-0.07235293  0.00642952],1,1
[-0.07302098  0.00178898],0,1
[-0.07820707  0.00666003],1,1
[-0.07164769  0.00011324],0,1
[-0.07544278  0.00244498],1,1
[-0.08001539  0.00458102],0,1
[-0.07663158 -0.01088611],1,1
[-0.07135026  0.00095072],0,1
[-0.07879609  0.00021891],1,1
[-0.07191309  0.00621405],0,1
[-0.08353502  0.00913848],1,1
[-0.07530664  0.00278207],0,1
[-0.08959258  0.01161017],1,1
[-0.09535796  0.00310349],0,1
[-0.07545224  0.00746958],1,1
[-0.07905568  0.00970665],0,1
[-0.07572664  0.00837471],1,1
[-0.06137246  0.00723808],0,1
[-0.08335339 -0.00525309],1,1
[-0.08384734 -0.00329964],0,1
[-0.08696994  0.00149227],1,1
[-0.07516015  0.01434986],0,1
[-0.08076849 -0.00328086],1,1
[-0.07406352 -0.00349113],0,1
[-0.08563457 -0.00889445],1,1
[-0.07638121 -0.01388535],0,1
[-0.08512954 -0.00381505],1,1
[-0.07760082 -0.00086991],0,1
[-0.0609895   0.00155848],1,1
[-0.06755306 -0.00441588],0,1
[-0.07972629  0.00508796],1,1
[-0.08028428 -0.00150928],0,1
[-0.08864039 -0.00459984],1,1
[-0.08501327 -0.00762526],0,1
[-0.07640982  0.00702777],1,1
[-0.08756697  0.02286834],0,1
[-0.08352613 -0.00182853],1,1
[-0.07837944  0.01001595],0,1
[-0.09061667  0.00459724],1,1
[-0.07433434 -0.00286008],0,1
[-0.07416753  0.00390319],1,1
[-0.07603467  0.01703297],0,1
[-0.08561062  0.0023888 ],1,1
[-0.06681335  0.00519381],0,1
[-0.06744131  0.01707928],1,1
[-0.07288314  0.0103297 ],0,1
[-0.07695831 -0.00089544],1,1
[-0.07269831  0.0032332 ],0,1
[-0.07035293  0.00225207],1,1
[-0.07034434 -0.0008589 ],0,1
[-0.08227156  0.00420605],1,1
[-0.08305626 -0.01307902],0,1
[-0.06896253  0.00307217],1,1
[-0.06104161  0.0078695 ],0,1
[-0.08123363  0.00703907],1,1
[-0.0775959  0.0090125],0,1
[-0.0818506   0.01531037],1,1
[-0.0750858   0.00676677],0,1
[-0.08837295 -0.0124334 ],1,1
[-0.07427943 -0.00439458],0,1
[-0.07300993  0.00132453],1,1
[-0.06625282  0.00336747],0,1
[-0.07432559  0.00605664],1,1
[-0.06754941  0.00383881],0,1
[-0.08611356 -0.0021522 ],1,1
[-0.07640724  0.00727949],0,1
[-0.08333513  0.00274745],1,1
[-8.2781762e-02  4.4062734e-05],0,1
[-0.08076547  0.01628507],1,1
[-0.07308827  0.00288025],0,1
[-0.07612176  0.01466642],1,1
[-0.07504784  0.01509645],0,1
[-0.08629167 -0.00526205],1,1
[-0.08837727 -0.00881816],0,1
[-0.06598097 -0.01367455],1,1
[-0.05242518 -0.03732849],0,1
[-0.07861125 -0.0116023 ],1,1
[-0.06791302 -0.01179602],0,1
[-0.08728625 -0.00057   ],1,1
[-0.08295739 -0.00577508],0,1
[-0.07401536  0.01212069],1,1
[-0.07252265  0.00766806],0,1
[-0.08167052  0.00811396],1,1
[-0.06947077  0.00906402],0,1
[-0.07299229 -0.00355414],1,1
[-0.06973043 -0.00731096],0,1
[-0.07455912  0.01791642],1,1
[-0.0733854   0.01224998],0,1
[-0.07935174 -0.01314543],1,1
[-0.07790196  0.00205516],0,1
[-0.06486969 -0.00442109],1,1
[-0.06124484 -0.00396801],0,1
[-0.07079588  0.01370083],1,1
[-0.06455573  0.00614519],0,1
[-0.0675282   0.00512128],1,1
[-0.076216   -0.00991563],0,1
[-0.0757536   0.01124305],1,1
[-0.08867458  0.01988178],0,1
[-0.07425098 -0.01888121],1,1
[-0.08538913 -0.00370622],0,1
[-0.06290446  0.00324792],1,1
[-0.07184612 -0.00100089],0,1
[-0.0811629  -0.00116329],1,1
[-0.0756148   0.00161768],0,1
[-0.0740779   0.00252708],1,1
[-0.07751505 -0.00254107],0,1
[-0.07864961  0.00281484],1,1
[-0.07754774 -0.00134744],0,1
[-0.08327574 -0.01155851],1,1
[-0.08399336 -0.01103921],0,1
[-0.06192053  0.00612786],1,1
[-0.0791638 -0.0002089],0,1
[-0.0854783   0.01079151],1,1
[-0.06480475  0.01691268],0,1
[-0.06998663  0.00216531],1,1
[-0.0738532  -0.00585101],0,1
[-0.07826404  0.00521739],1,1
[-0.07071563  0.00630324],0,1
[-0.07366779 -0.01559666],1,1
[-0.08471879 -0.01933043],0,1
[-0.07789654  0.00053596],1,1
[-0.07846625  0.00490952],0,1
[-0.08250703 -0.00577363],1,1
[-0.07118498 -0.00765929],0,1
[-0.08847077  0.01216953],1,1
[-0.07434823  0.00336562],0,1
[-0.07216179  0.01973573],1,1
[-0.07310238  0.01390013],0,1
[-0.08164199  0.00524766],1,1
[-0.08903708  0.01258688],0,1
[-0.07777414 -0.00014094],1,1
[-0.06614825  0.00673784],0,1
[-0.06305843  0.00524787],1,1
[-0.06778453 -0.0004314 ],0,1
[-0.08313669  0.00136462],1,1
[-0.08248798  0.00317764],0,1
[-0.09229551 -0.00026279],1,1
[-0.07209463 -0.01382064],0,1
[-0.07636818  0.00767507],1,1
[-0.07225774  0.0031452 ],0,1
[-0.07569106  0.00938168],1,1
[-0.07175316  0.00591781],0,1
[-0.08030455 -0.0003993 ],1,1
[-0.06952144  0.00139757],0,1
[-0.06982717 -0.00480542],1,1
[-0.06572235  0.00107548],0,1
[-0.07345914  0.00358687],1,1
[-0.06184838 -0.00586144],0,1
[-0.06854509 -0.00315161],1,1
[-0.07154612  0.00938655],0,1
[-0.06960109 -0.00046865],1,1
[-0.07332942 -0.00277153],0,1
[-0.06966853 -0.01295926],1,1
[-0.07907019  0.0065437 ],0,1
[-0.08469306  0.00708644],1,1
[-0.06681553  0.01957607],0,1
[-0.06373665 -0.01003546],1,1
[-0.07027663 -0.00155184],0,1
[-0.06882917 -0.00310757],1,1
[-0.07004346 -0.00181226],0,1
[-0.07564519  0.00594727],1,1
[-0.06345998  0.00495065],0,1
[-0.06701945 -0.00613984],1,1
[-0.06682015 -0.00726826],0,1
[-0.08626948 -0.0192102 ],1,1
[-0.09435789 -0.01568095],0,1
[-0.08083928  0.00692672],1,1
[-0.0722975  -0.00114868],0,1
[-0.06940389  0.00571948],1,1
[-0.06284277  0.01968654],0,1
[-0.06997995  0.00447711],1,1
[-0.06057449 -0.00361176],0,1
[-0.07319984  0.0376038 ],1,1
[-0.06801575  0.02482195],0,1
[-0.09064634  0.01421917],1,1
[-0.08262593  0.00807518],0,1
[-0.06743573 -0.00347436],1,1
[-0.07134901 -0.00498255],0,1
[-0.0787042  -0.00857441],1,1
[-0.07063612  0.00771536],0,1
[-0.08001828 -0.0005208 ],1,1
[-0.0809613   0.01089507],0,1
[-0.08024277  0.00833092],1,1
[-0.08445728  0.01845387],0,1
[-0.0743993  -0.00514771],1,1
[-0.06390683 -0.0034449 ],0,1
[-0.07319783 -0.00338271],1,1
[-0.07015438  0.00289545],0,1
[-0.07050477 -0.00902689],1,1
[-0.0794327  -0.01130901],0,1
[-0.06549793  0.00638162],1,1
[-0.06155667  0.00253188],0,1
[-0.07961169 -0.00331552],1,1
[-0.07511713 -0.01388922],0,1
[-0.08813925  0.00483975],1,1
[-0.08207616 -0.00687645],0,1
[-0.08797698 -0.00387023],1,1
[-0.07726827 -0.00660008],0,1
[-0.08055617  0.013341  ],1,1
[-0.07805422  0.01309279],0,1
[-0.08551882  0.01026986],1,1
[-0.06853124  0.00943992],0,1
[-0.06971262  0.00476771],1,1
[-0.06673082  0.00073522],0,1
[-0.07359448  0.006644  ],1,1
[-0.07787935  0.02442144],0,1
[-0.0769286   0.00181893],1,1
[-0.07045421  0.01124369],0,1
[-0.07534975  0.02070365],1,1
[-0.07038099  0.00957729],0,1
[-0.077586    0.00595458],1,1
[-0.08262174  0.00548912],0,1
[-0.10711819  0.00412539],1,1
[-0.09929784 -0.0058237 ],0,1
[-0.0792117  0.0094668],1,1
[-0.06765586  0.009314  ],0,1
[-0.07226147 -0.00517619],1,1
[-0.07082139 -0.01174781],0,1
[-0.07846561  0.00355675],1,1
[-0.08332597  0.00024255],0,1
[-0.07370836  0.00644579],1,1
[-0.0735164  -0.00138853],0,1
[-0.08526437  0.01075302],1,1
[-0.0788386   0.00362654],0,1
[-0.08739136 -0.00948997],1,1
[-0.07430711 -0.00241248],0,1
[-0.07447928 -0.00297982],1,1
[-0.07628484  0.00915233],0,1
[-0.07473131  0.01374473],1,1
[-0.08006699  0.01335478],0,1
[-0.06176779  0.00271069],1,1
[-0.07491328  0.0046417 ],0,1
[-0.07285905 -0.00479599],1,1
[-0.06906204 -0.01162421],0,1
[-0.07695615  0.01963186],1,1
[-0.08533151  0.01108028],0,1
[-0.07710175 -0.00257222],1,1
[-0.0617487  -0.00269946],0,1
[-0.08638881 -0.00685694],1,1
[-0.07975161 -0.01407558],0,1
[-0.07692862 -0.00877007],1,1
[-0.07647906 -0.00273954],0,1
[-0.07055759  0.00570276],1,1
[-0.06699882  0.01835579],0,1
[-0.08384277  0.00160114],1,1
[-0.07572201  0.0070703 ],0,1
[-0.06975177  0.01469775],1,1
[-0.07203554  0.00930079],0,1
[-0.0888098   0.01517354],1,1
[-0.07975712 -0.00044257],0,1
[-0.07072265 -0.01409443],1,1
[-0.07489058  0.00099615],0,1
[-0.08204265  0.00150812],1,1
[-0.08173445  0.00722046],0,1
[-0.07592264  0.00376933],1,1
[-0.09410581 -0.00553243],0,1
[-0.07933046 -0.00888689],1,1
[-0.0758648  -0.00205982],0,1
[-0.08747722 -0.00238647],1,1
[-0.0767203   0.00277016],0,1
[-0.07236394  0.00406708],1,1
[-0.07552361  0.01742237],0,1
[-0.08254462 -0.00042439],1,1
[-0.07964164 -0.00263897],0,1
[-0.07776316  0.00195459],1,1
[-0.07556246  0.01709224],0,1
[-0.07681942 -0.0030864 ],1,1
[-0.07229429  0.0295124 ],0,1
[-0.0818887   0.00306126],1,1
[-0.06998529  0.00832658],0,1
[-0.07290764  0.00732715],1,1
[-0.07968631  0.00088055],0,1
[-0.0728669  -0.00675415],1,1
[-0.07227878 -0.00766746],0,1
[-0.08579154  0.01496415],1,1
[-0.07576969  0.0036336 ],0,1
[-0.0813198   0.00659367],1,1
[-0.07349084  0.00285084],0,1
[-0.08296909  0.02572741],1,1
[-0.07440515  0.01644355],0,1
[-0.06049424  0.00425783],1,1
[-0.082445   -0.00051054],0,1
[-0.07699582  0.00138701],1,1
[-0.06933711 -0.00581422],0,1
[-0.06092063  0.00202297],1,1
[-0.06434993  0.001523  ],0,1
[-0.07951382  0.010947  ],1,1
[-0.07522359  0.01511128],0,1
[-0.07824188 -0.00309258],1,1
[-0.06528337 -0.00058969],0,1
[-0.07071883 -0.01040787],1,1
[-0.07566302  0.00831591],0,1
[-0.08211342 -0.00344757],1,1
[-0.08483209  0.00418971],0,1
[-0.09816907  0.01173437],1,1
[-0.07717129  0.01136043],0,1
[-0.08115868 -0.01231023],1,1
[-0.07050316 -0.01990158],0,1
[-0.0862938   0.01441156],1,1
[-0.08064303  0.00553478],0,1
[-0.08837058 -0.01516757],1,1
[-0.07332659 -0.01545972],0,1
[-0.06764494 -0.00152447],1,1
[-0.06656657  0.00345114],0,1
[-0.0847716   0.00856577],1,1
[-0.07472929  0.00820345],0,1
[-0.07164203 -0.00162415],1,1
[-0.06902952 -0.00268253],0,1
[-0.061729    0.01103869],1,1
[-0.06353427  0.00584977],0,1
[-0.07362898  0.00513914],1,1
[-0.08760694  0.01302209],0,1
[-0.07693524 -0.00350969],1,1
[-0.0840489   0.00095217],0,1
[-0.08503747  0.0157569 ],1,1
[-0.09774411 -0.00549647],0,1
[-0.07697072 -0.00724611],1,1
[-0.07647876 -0.01705031],0,1
[-0.07702483 -0.00381821],1,1
[-0.0598438   0.00974397],0,1
[-0.08178502 -0.00504188],1,1
[-0.07131694  0.00367884],0,1
[-0.06776476  0.0061604 ],1,1
[-0.07149611  0.01133984],0,1
[-0.07936037 -0.00216847],1,1
[-0.08113956  0.00433517],0,1
[-0.06628702 -0.00233959],1,1
[-0.08077691  0.01214617],0,1
[-0.082812   0.0091593],1,1
[-0.07785241  0.00579967],0,1
[-0.0853865   0.01042658],1,1
[-0.06795956  0.0031092 ],0,1
[-0.05905372  0.01389205],1,1
[-0.07409202  0.00672098],0,1
[-0.0730236   0.01746719],1,1
[-0.07656445  0.01708106],0,1
[-0.06125483  0.006884  ],1,1
[-0.07170729  0.00031202],0,1
[-0.08789751  0.00499035],1,1
[-0.08093664  0.01564025],0,1
[-0.08204303  0.00358973],1,1
[-0.08591007  0.00110231],0,1
[-0.07282726 -0.00060083],1,1
[-0.08297855 -0.00099929],0,1
[-0.08229768  0.00759187],1,1
[-0.0795891   0.01153463],0,1
[-0.0868694  -0.00200427],1,1
[-0.07915236 -0.00646319],0,1
[-0.0774416   0.00231208],1,1
[-0.07488385  0.00320944],0,1
[-0.06288971 -0.00704631],1,1
[-0.0750722  -0.01668198],0,1
[-0.08085334 -0.00181141],1,1
[-0.08359168 -0.00130632],0,1
[-0.08714038 -0.00025589],1,1
[-0.08042051  0.00352558],0,1
[-0.07067917  0.00838643],1,1
[-0.07089946  0.00826644],0,1
[-0.0798391   0.01123253],1,1
[-0.08245748  0.01826024],0,1
[-0.08057965  0.00504617],1,1
[-0.07831687  0.00658614],0,1
[-0.06792036  0.01124141],1,1
[-0.07486921  0.00885627],0,1
[-0.07068907  0.00560804],1,1
[-0.06294887  0.01492511],0,1
[-0.07679147  0.0011091 ],1,1
[-0.09042291 -0.00581384],0,1
[-0.07367004 -0.00354152],1,1
[-0.08767949  0.00955279],0,1
[-0.08396785 -0.00119297],1,1
[-0.07281305 -0.00105295],0,1
[-0.07909441  0.00174606],1,1
[-0.09228079  0.00481649],0,1
[-0.07435706 -0.01294328],1,1
[-0.07616676 -0.00070537],0,1
[-0.07568671  0.0025977 ],1,1
[-0.08017683  0.00328683],0,1
[-0.05573297  0.00404488],1,1
[-0.06316665  0.00537018],0,1
[-0.06424108  0.01091926],1,1
[-0.06904015  0.01670621],0,1
[-0.06402604  0.00744817],1,1
[-0.06181637  0.00756242],0,1
[-0.07576722  0.01064063],1,1
[-0.06389559  0.01230641],0,1
[-0.07634071  0.00279001],1,1
[-0.07275949  0.00856483],0,1
[-0.05566715  0.00785151],1,1
[-0.06384359  0.01483411],0,1
[-0.08432837  0.00586093],1,1
[-0.08270146 -0.01391912],0,1
[-0.07388768 -0.01306686],1,1
[-0.08224574 -0.0042655 ],0,1
[-0.07665192  0.00948751],1,1
[-0.06841249  0.01819665],0,1
[-0.06695245 -0.0060733 ],1,1
[-0.05180814  0.01050186],0,1
[-0.08147374  0.00511091],1,1
[-0.06374913 -0.00147837],0,1
[-0.08060561 -0.0129948 ],1,1
[-0.07688602 -0.01134758],0,1
[-0.07327375 -0.00050201],1,1
[-0.06457183 -0.00616458],0,1
[-0.07184049  0.00077388],1,1
[-0.07630153 -0.00493789],0,1
[-0.09855008  0.01693115],1,1
[-0.09383246  0.00434259],0,1
[-0.07119173  0.00306542],1,1
[-0.0729368   0.01061165],0,1
[-0.07089262  0.00665234],1,1
[-0.08219088 -0.00092614],0,1
[-0.06809069  0.01620977],1,1
[-0.07207402  0.0079303 ],0,1
[-0.07261755  0.00731313],1,1
[-0.0804228   0.00228417],0,1
[-0.06202045  0.00179263],1,1
[-0.06751519  0.02846638],0,1
[-0.08310066  0.01309443],1,1
[-0.08469138 -0.00017113],0,1
[-0.09512773  0.00774143],1,1
[-0.0900831   0.01699173],0,1
[-0.08365685  0.0075397 ],1,1
[-0.08240826 -0.00637993],0,1
[-0.07560787 -0.0016484 ],1,1
[-0.0735663   0.00229045],0,1
[-0.05373337  0.00646969],1,1
[-0.05107652  0.00355529],0,1
[-0.08025412  0.01038327],1,1
[-0.0711571   0.00011931],0,1
[-0.07604468  0.00155419],1,1
[-0.08880167  0.00093732],0,1
[-0.08075298 -0.01184932],1,1
[-0.07492661 -0.00866219],0,1
[-0.08713001 -0.00396801],1,1
[-0.08979761  0.00185094],0,1
[-0.07269913  0.00588953],1,1
[-0.07210694 -0.01219943],0,1
[-0.08279265 -0.01040177],1,1
[-0.09028516  0.00157389],0,1
[-0.09035416  0.01595553],1,1
[-0.08465574  0.01183451],0,1
[-0.07172577  0.01957044],1,1
[-0.06546792  0.01353517],0,1
[-0.07036851  0.01540976],1,1
[-0.06448592  0.01048617],0,1
[-0.06647038  0.0181654 ],1,1
[-0.08497316  0.00405486],0,1
[-0.08320954  0.00266183],1,1
[-0.0785553  -0.00334584],0,1
[-0.07570025  0.01624434],1,1
[-0.0841801   0.00564764],0,1
[-0.08600459  0.01046762],1,1
[-0.0763207   0.00326364],0,1
[-0.06470386  0.00655795],1,1
[-0.06120506  0.00967474],0,1
[-0.06031528 -0.01044276],1,1
[-0.07567488 -0.00340278],0,1
[-0.07871084  0.00687915],1,1
[-0.07773344  0.01269666],0,1
[-0.09333467  0.00137616],1,1
[-0.09280807 -0.00048411],0,1
[-0.07833031 -0.00322384],1,1
[-0.07219138 -0.00402682],0,1
[-0.08440751 -0.00832816],1,1
[-0.07328819 -0.00040245],0,1
[-0.08290322  0.01650114],1,1
[-0.08001244  0.01206632],0,1
[-0.05907643 -0.00782859],1,1
[-0.06898921  0.00468296],0,1
[-0.0648824   0.00879229],1,1
[-0.07143291  0.00722764],0,1
[-0.06964563 -0.00118068],1,1
[-0.07666396 -0.00991423],0,1
[-0.08755861  0.00833394],1,1
[-0.07847685  0.02436593],0,1
[-0.07307507 -0.00170542],1,1
[-0.06761073 -0.01246361],0,1
[-0.07627089  0.00144567],1,1
[-0.07371667 -0.0041402 ],0,1
[-0.08349369  0.00662342],1,1
[-0.0777334  -0.00116431],0,1
[-0.07470058  0.01665743],1,1
[-0.06949143  0.01860435],0,1
[-0.07892868  0.0012183 ],1,1
[-0.0762201  -0.00261426],0,1
[-0.08647732  0.00959893],1,1
[-0.0788341   0.01230601],0,1
[-0.07281852  0.01424336],1,1
[-0.0748702  0.007698 ],0,1
[-0.07876427  0.00828258],1,1
[-0.06410238  0.01297577],0,1
[-0.07769533  0.00899538],1,1
[-0.08657751  0.01866109],0,1
[-0.08611712 -0.00973383],1,1
[-0.05469833 -0.0104458 ],0,1
[-0.08264364  0.00210536],1,1
[-0.07047901 -0.0001825 ],0,1
[-0.060253   0.0168367],1,1
[-0.07019122  0.0131304 ],0,1
[-0.07313398 -0.00082945],1,1
[-0.07941057  0.00211211],0,1
[-0.07594138  0.0109567 ],1,1
[-0.07810619  0.00108303],0,1
[-0.08280014  0.00538537],1,1
[-0.0648845   0.00862458],0,1
[-0.06891952 -0.00775226],1,1
[-0.07188746  0.00456275],0,1
[-0.07722744  0.00193013],1,1
[-0.08091663 -0.00721344],0,1
[-0.09416787 -0.00610977],1,1
[-0.08442314  0.00848806],0,1
[-0.07361992 -0.00178977],1,1
[-0.07429017 -0.00762064],0,1
[-0.0636538  -0.01540537],1,1
[-0.06654166 -0.01746669],0,1
[-0.07037909  0.00332801],1,1
[-0.07991707  0.00652786],0,1
[-0.07864796  0.00158585],1,1
[-0.08240096 -0.00423465],0,1
[-0.08227143  0.01356372],1,1
[-0.08805734  0.0098267 ],0,1
[-0.07930858  0.00017852],1,1
[-0.07800555 -0.00105547],0,1
[-0.08024579 -0.00622565],1,1
[-0.06797044  0.00756285],0,1
[-0.0607595   0.00669251],1,1
[-0.06285137  0.01306088],0,1
[-0.08358805  0.00298434],1,1
[-0.07701331 -0.00538597],0,1
[-0.07492408  0.00759309],1,1
[-0.0784649   0.00631367],0,1
[-0.08109778 -0.00319845],1,1
[-0.07634895 -0.00426006],0,1
[-0.07402544  0.00213851],1,1
[-0.06557765  0.00425163],0,1
[-0.06726152  0.01026498],1,1
[-0.06082086  0.01186926],0,1
[-0.07639347  0.02097043],1,1
[-0.07374926  0.00664514],0,1
[-0.08573199  0.00521339],1,1
[-0.07117918 -0.00401057],0,1
[-0.09030473  0.00458822],1,1
[-0.06729347 -0.00530681],0,1
[-0.07383891 -0.00924074],1,1
[-0.07158238  0.00398371],0,1
[-0.08396591 -0.01000856],1,1
[-0.06919052 -0.00795937],0,1
[-0.06733823 -0.01511836],1,1
[-0.07199334  0.00534373],0,1
[-0.08281387  0.01950666],1,1
[-0.08421785  0.00884724],0,1
[-0.08640938  0.00450978],1,1
[-0.078697    0.01719789],0,1
[-0.08551258  0.01008732],1,1
[-0.07714254  0.01191358],0,1
[-0.05493385 -0.01491248],1,1
[-0.05995819 -0.0072002 ],0,1
[-0.06959103  0.00751068],1,1
[-0.07018824  0.02214252],0,1
[-0.08112275  0.00141545],1,1
[-0.0734639  -0.01700851],0,1
[-0.07361594 -0.02509288],1,1
[-0.08463995  0.00944002],0,1
[-0.06705337  0.01291908],1,1
[-0.07139269  0.00851529],0,1
[-0.08424696 -0.01820551],1,1
[-0.08891717 -0.01043176],0,1
[-0.08438388 -0.00826481],1,1
[-0.08480205  0.01724817],0,1
[-0.08202273 -0.00938582],1,1
[-0.06471764 -0.00626254],0,1
[-0.07894263  0.01523134],1,1
[-0.0858829   0.00029246],0,1
[-0.06675693  0.00933743],1,1
[-0.06383187  0.00530257],0,1
[-0.07246901  0.00128871],1,1
[-0.06455986 -0.00019998],0,1
[-0.06931363  0.01690666],1,1
[-0.06035817  0.00430658],0,1
[-0.06343561  0.0017146 ],1,1
[-0.06114092  0.0046533 ],0,1
[-0.09053876  0.00761943],1,1
[-0.08249288  0.00567742],0,1
[-0.07831904  0.00881357],1,1
[-0.07139868 -0.00567915],0,1
[-0.07536156 -0.01101523],1,1
[-0.0959627  -0.00246544],0,1
[-0.08855337 -0.00442639],1,1
[-8.3395079e-02  6.7822635e-05],0,1
[-0.08782472 -0.00484733],1,1
[-0.05921092 -0.0104498 ],0,1
[-0.08270484  0.00777135],1,1
[-0.07926249  0.00323734],0,1
[-0.07988314  0.00068175],1,1
[-0.06835289  0.00463504],0,1
[-0.07719404 -0.0025622 ],1,1
[-0.07446453 -0.00543615],0,1
[-0.07581459  0.00045814],1,1
[-0.0684312   0.00129589],0,1
[-0.08468935 -0.00668312],1,1
[-0.08600208  0.01010313],0,1
[-0.0804651   0.00237324],1,1
[-0.07354124  0.01001882],0,1
[-0.07689001  0.00767571],1,1
[-0.07909048  0.00488674],0,1
[-0.078574    0.00848825],1,1
[-0.07902132  0.00583345],0,1
[-0.07384942 -0.00314237],1,1
[-0.06512353  0.00207766],0,1
[-0.08278029  0.00190935],1,1
[-0.08153728  0.00117715],0,1
[-0.08285832  0.00380608],1,1
[-0.08053692  0.00447148],0,1
[-0.0774539  -0.00049499],1,1
[-0.07335435  0.00166465],0,1
[-0.06506926  0.01058063],1,1
[-0.08313878  0.00031107],0,1
[-0.07165514  0.00817145],1,1
[-0.07643658 -0.00858866],0,1
[-0.07800694  0.00447541],1,1
[-0.07514112  0.01593494],0,1
[-0.08133242  0.02227025],1,1
[-0.08152404  0.01548845],0,1
[-0.07697865  0.00740844],1,1
[-0.07035597  0.00817821],0,1
[-0.06701295  0.01237741],1,1
[-0.07017826  0.01526058],0,1
[-0.07598877  0.00883117],1,1
[-0.07270695 -0.00335556],0,1
[-0.08821608 -0.0025225 ],1,1
[-0.0898328  -0.01008056],0,1
[-0.06458494  0.01226354],1,1
[-0.07269864  0.00305922],0,1
[-0.07939112  0.00018122],1,1
[-0.06466272 -0.00234832],0,1
[-0.07322775  0.00729605],1,1
[-0.07664056 -0.00864209],0,1
[-0.07501103  0.00363006],1,1
[-0.06581798 -0.00132167],0,1
[-0.08097824 -0.00886896],1,1
[-0.07532632  0.0097305 ],0,1
[-0.07843566 -0.00671964],1,1
[-0.07494561 -0.01064558],0,1
[-0.08915439  0.0028678 ],1,1
[-0.07754932 -0.00778262],0,1
[-0.06773067  0.00556991],1,1
[-0.07804292  0.01306402],0,1
[-0.07703385  0.01204622],1,1
[-0.07876178  0.01926024],0,1
[-0.08129033 -0.0140554 ],1,1
[-0.0734525   0.00041758],0,1
[-0.08484355 -0.01409449],1,1
[-0.07116696  0.00025388],0,1
[-0.07724938  0.0081494 ],1,1
[-0.06622848 -0.0066584 ],0,1
[-0.07520252  0.0020832 ],1,1
[-0.08150762  0.0039007 ],0,1
[-0.07563822  0.00751851],1,1
[-0.07260886 -0.00229363],0,1
[-0.08060804  0.00343712],1,1
[-0.06100845  0.01640675],0,1
[-0.07171144  0.00993223],1,1
[-0.06092826  0.01166509],0,1
[-0.0714312   0.00142091],1,1
[-0.071907    0.00867538],0,1
[-7.1731284e-02  5.1990151e-05],1,1
[-7.568119e-02  7.952005e-05],0,1
[-0.06691237 -0.01960398],1,1
[-0.07168584 -0.00904882],0,1
[-0.07674171  0.01256375],1,1
[-0.07147203  0.01092771],0,1
[-0.08040315  0.00275706],1,1
[-0.08696783  0.01156925],0,1
[-0.07558381 -0.00261701],1,1
[-0.08022963 -0.00608085],0,1
[-0.07998537 -0.00017177],1,1
[-0.08577412 -0.00367141],0,1
[-0.07588039  0.00209833],1,1
[-0.07153879  0.01053624],0,1
[-0.06974629  0.00619162],1,1
[-0.08100488  0.00866459],0,1
[-0.07996045  0.01728453],1,1
[-0.0836419  -0.00039632],0,1
[-0.06471325 -0.00527322],1,1
[-0.07928921 -0.01254006],0,1
[-0.05652565 -0.00640978],1,1
[-0.0736461   0.00037996],0,1
[-0.07815658  0.0095004 ],1,1
[-0.06622481  0.01193887],0,1
[-0.06584839 -0.01309226],1,1
[-0.07151201 -0.00265895],0,1
[-0.06803404  0.00101357],1,1
[-0.06075444 -0.00551425],0,1
[-0.06983407  0.0088364 ],1,1
[-0.06643838  0.01480645],0,1
[-0.07980117 -0.00360268],1,1
[-0.07528056 -0.00340193],0,1
[-0.08183396 -0.01020369],1,1
[-0.07206875 -0.01267838],0,1
[-0.08145027 -0.00981829],1,1
[-0.07927679 -0.00093003],0,1
[-0.07183248 -0.01656288],1,1
[-0.07096785  0.00409304],0,1
[-0.0907127  -0.00428285],1,1
[-0.08750698  0.00507066],0,1
[-0.07718098  0.00538306],1,1
[-0.07813343  0.0024181 ],0,1
[-0.07533427  0.00310344],1,1
[-0.0733605   0.00065327],0,1
[-0.08229205 -0.00816024],1,1
[-0.08507878 -0.00145359],0,1
[-0.09505971  0.00988165],1,1
[-0.08029166  0.01853376],0,1
[-0.08826034  0.0186295 ],1,1
[-0.07855487  0.01952705],0,1
[-0.07714131  0.00074163],1,1
[-0.08951309  0.01377544],0,1
[-0.08805153  0.00444134],1,1
[-0.08004326  0.00656505],0,1
[-0.08173467  0.0134989 ],1,1
[-0.08058426  0.00011685],0,1
[-0.06612949  0.01217252],1,1
[-0.08226432  0.00745451],0,1
[-0.08003613  0.00760935],1,1
[-0.07805663  0.01312441],0,1
[-0.08146393  0.00619604],1,1
[-0.0673527   0.00263818],0,1
[-0.06493904 -0.01206728],1,1
[-0.06269936  0.00284366],0,1
[-0.07427059 -0.00339039],1,1
[-0.07116094  0.02344188],0,1
[-0.08928398  0.00610177],1,1
[-0.07536183 -0.00637724],0,1
[-0.08161496  0.00697054],1,1
[-0.09561352  0.00572997],0,1
[-0.0794369   0.00094207],1,1
[-0.08299221 -0.00427136],0,1
[-0.07670335  0.00749574],1,1
[-0.06878518 -0.001206  ],0,1
[-0.08009222  0.00147938],1,1
[-0.06873935  0.00207661],0,1
[-0.08259995  0.01713997],1,1
[-0.06911412  0.00704418],0,1
[-0.07872933  0.00212546],1,1
[-0.06982887  0.01663522],0,1
[-0.07307424 -0.00025962],1,1
[-0.06741063  0.00714057],0,1
[-0.07826646 -0.00730649],1,1
[-0.07977939  0.00208345],0,1
[-0.08202177 -0.00990337],1,1
[-0.08356949  0.00322579],0,1
[-0.07135721  0.00545117],1,1
[-0.06810717  0.0094409 ],0,1
[-0.08794495  0.0085909 ],1,1
[-0.07505694  0.00090472],0,1
[-0.08224241  0.01168578],1,1
[-0.076882    0.00191817],0,1
[-0.07189919 -0.00308859],1,1
[-0.07177086 -0.00081485],0,1
[-0.08824472 -0.01267573],1,1
[-0.0731443  -0.00956655],0,1
[-0.07372344 -0.01080638],1,1
[-0.07773413 -0.00314327],0,1
[-0.07339917 -0.00231653],1,1
[-0.07770674 -0.00537119],0,1
[-0.06785865 -0.00019719],1,1
[-0.07640775 -0.00041581],0,1
[-0.08555821 -0.01986612],1,1
[-0.07199941 -0.00730769],0,1
[-0.07753806  0.00344442],1,1
[-0.07403964  0.00151941],0,1
[-0.07651387  0.00687122],1,1
[-0.0830442   0.01902272],0,1
[-0.0847772   0.00486101],1,1
[-0.07852434 -0.00121444],0,1
[-0.07856731  0.01686847],1,1
[-0.09662734  0.01279187],0,1
[-0.0826558  -0.00757981],1,1
[-0.07408856  0.00256024],0,1
[-0.07741705  0.01752987],1,1
[-0.08540019  0.01092629],0,1
[-0.0801284   0.00114353],1,1
[-0.08501271 -0.00721706],0,1
[-0.07017325  0.01442704],1,1
[-0.07486574  0.01196079],0,1
[-0.06174887  0.00482403],1,1
[-0.06764913 -0.01202928],0,1
[-0.07676234  0.0127581 ],1,1
[-0.07332361  0.01199133],0,1
[-0.08901227  0.01588952],1,1
[-0.08090833  0.01340135],0,1
[-0.07248368  0.0048588 ],1,1
[-0.070884    0.01113788],0,1
[-0.08635671 -0.0171116 ],1,1
[-0.05691461 -0.01796994],0,1
[-0.11148593 -0.00976674],1,1
[-0.08332665  0.00394214],0,1
[-0.07529363 -0.0098254 ],1,1
[-0.06757511 -0.00557198],0,1
[-0.08262958  0.00150046],1,1
[-0.07828267 -0.00164488],0,1
[-0.06802396 -0.00341153],1,1
[-0.07408206 -0.01055262],0,1
[-0.07358502  0.00069284],1,1
[-0.0767815  -0.00250997],0,1
[-0.07347061  0.00043141],1,1
[-0.07930367  0.01351765],0,1
[-0.06957793 -0.01625527],1,1
[-0.07875337 -0.00803332],0,1
[-0.08100885  0.00032226],1,1
[-0.06609713  0.00261934],0,1
[-0.07167365 -0.00166144],1,1
[-0.06826416  0.01820127],0,1
[-0.07476515  0.00841017],1,1
[-0.07432263  0.00881479],0,1
[-0.07322375 -0.01138679],1,1
[-7.954036e-02 -8.110702e-05],0,1
[-0.08270131  0.00574861],1,1
[-0.06349185  0.00436207],0,1
[-0.07955277 -0.00746795],1,1
[-0.08430277  0.01369672],0,1
[-0.07855627  0.00311064],1,1
[-0.07244436  0.01868013],0,1
[-0.08621176 -0.00172879],1,1
[-0.09172671 -0.02021522],0,1
[-0.07039461  0.02049144],1,1
[-0.07478943  0.01346686],0,1
[-0.08159401  0.00731466],1,1
[-0.07639426 -0.0008081 ],0,1
[-0.07273857  0.00797129],1,1
[-0.06840786  0.01498639],0,1
[-0.06966935  0.00441699],1,1
[-0.07381321  0.00321078],0,1
[-0.0836704  -0.00698768],1,1
[-0.07807006 -0.00218996],0,1
[-0.07504183  0.00509086],1,1
[-0.07792376  0.00021889],0,1
[-0.08101827  0.00455006],1,1
[-0.07855199  0.00912212],0,1
[-0.07364304 -0.00475733],1,1
[-0.06963232  0.00022259],0,1
[-0.07269862  0.00967818],1,1
[-0.06852492 -0.00482463],0,1
[-0.06572241  0.00045855],1,1
[-0.0642935   0.01546533],0,1
[-0.07196586  0.0106546 ],1,1
[-0.06610718 -0.00019819],0,1
[-0.07706915  0.00752599],1,1
[-0.05752619 -0.00424383],0,1
[-0.08960421 -0.00373616],1,1
[-0.09051093 -0.00473423],0,1
[-0.08283328  0.00288241],1,1
[-0.06640424 -0.01178452],0,1
[-0.06853977 -0.00471506],1,1
[-0.07079475  0.00743943],0,1
[-0.07013173  0.00905582],1,1
[-0.07366779  0.00371739],0,1
[-0.07900934  0.01367287],1,1
[-0.06361929  0.00785914],0,1
[-0.0802815   0.01000912],1,1
[-0.07768342 -0.0016663 ],0,1
[-0.07158546  0.00870167],1,1
[-0.08608712  0.0040954 ],0,1
[-0.08362386  0.00419193],1,1
[-0.07568683 -0.0006467 ],0,1
[-0.07931844 -0.01050442],1,1
[-0.08412881  0.00142757],0,1
[-0.07323715  0.00098168],1,1
[-0.07297754 -0.00215203],0,1
[-0.0944562   0.01998323],1,1
[-0.071886    0.01927975],0,1
[-0.08028297  0.00227605],1,1
[-0.07678299  0.01179115],0,1
[-0.07813194  0.00406804],1,1
[-0.08496138 -0.0035311 ],0,1
[-0.06523667 -0.00534276],1,1
[-0.06150018  0.00199061],0,1
[-0.08435979  0.00178524],1,1
[-0.07989457 -0.00536144],0,1
[-0.07979083 -0.00828178],1,1
[-0.07111292 -0.00257888],0,1
[-0.07809375  0.00440925],1,1
[-0.06742971  0.00136128],0,1
[-0.07966319 -0.01341474],1,1
[-0.07724574 -0.00391626],0,1
[-0.07505569 -0.01004561],1,1
[-0.06862451  0.00931825],0,1
[-8.4772691e-02 -3.1001866e-05],1,1
[-0.0894486  -0.00374921],0,1
[-0.06920826  0.00736271],1,1
[-0.0662768   0.00325586],0,1
[-0.08084257  0.00169902],1,1
[-0.08834108  0.01041661],0,1
[-0.07930568 -0.00063527],1,1
[-0.08028623  0.00575446],0,1
[-0.08711118  0.00651522],1,1
[-0.08151888  0.01997024],0,1
[-0.08190782  0.00725105],1,1
[-0.07362199  0.01538751],0,1
[-0.08463006  0.00755655],1,1
[-0.07561859  0.00182479],0,1
[-0.08155277  0.00087025],1,1
[-0.06697279 -0.00172668],0,1
[-0.07630861  0.00683869],1,1
[-0.07794687  0.00208376],0,1
[-0.07663379  0.0007083 ],1,1
[-0.07248582 -0.00504795],0,1
[-0.07763954 -0.00142995],1,1
[-0.07106118  0.00449344],0,1
[-0.07591566  0.00103006],1,1
[-0.08250143 -0.00481927],0,1
[-0.07642151  0.00965901],1,1
[-0.07154839  0.00978432],0,1
[-0.09176032  0.0094853 ],1,1
[-0.07432315  0.01533202],0,1
[-0.08338024 -0.00225456],1,1
[-0.08519685  0.00623063],0,1
[-0.07437091 -0.00239188],1,1
[-0.08196566 -0.01280826],0,1
[-0.07731286  0.00776003],1,1
[-0.07290833 -0.00894814],0,1
[-0.0735686   0.00527021],1,1
[-0.08126767  0.00226624],0,1
[-0.0750677  -0.00770237],1,1
[-0.07388295 -0.01236   ],0,1
[-0.06701948  0.00026149],1,1
[-0.0857783  -0.00587305],0,1
[-0.09444273 -0.0208434 ],1,1
[-0.08444636 -0.00956803],0,1
[-0.06415813 -0.02118305],1,1
[-0.06695655 -0.01630247],0,1
[-0.062667    0.00440249],1,1
[-0.07491946  0.01260959],0,1
[-0.07556666  0.01239572],1,1
[-0.06857428  0.00243806],0,1
[-0.06531867  0.01385894],1,1
[-0.06997599  0.01354876],0,1
[-0.07607048  0.00182455],1,1
[-0.07281074  0.00322051],0,1
[-0.07981446  0.01066574],1,1
[-0.07716157 -0.00037789],0,1
[-0.08844528  0.00243434],1,1
[-0.07982512 -0.0037111 ],0,1
[-0.07713816  0.00693512],1,1
[-0.0760233   0.00694028],0,1
[-0.0740862   0.01555208],1,1
[-0.0789206   0.02039707],0,1
[-0.07758924  0.0160325 ],1,1
[-0.08687846  0.01132031],0,1
[-0.07725997  0.00679412],1,1
[-0.08538052  0.01265932],0,1
[-0.0680189   0.00548761],1,1
[-0.06433643  0.00227671],0,1
[-0.07174641 -0.00372037],1,1
[-0.06471722  0.00668854],0,1
[-0.08092696  0.006029  ],1,1
[-0.07550627  0.00394908],0,1
[-0.0823786   0.01299897],1,1
[-0.07376195  0.01347263],0,1
[-0.08013833 -0.00301725],1,1
[-0.09018637 -0.00363036],0,1
[-0.08746611  0.00034641],1,1
[-0.07307984  0.00900324],0,1
[-0.09128533  0.00766462],1,1
[-0.08471864 -0.00949338],0,1
[-0.06342842  0.00426133],1,1
[-0.06690436 -0.00744234],0,1
[-0.07909304 -0.00812542],1,1
[-0.07680873 -0.00917258],0,1
[-0.08365393 -0.00661487],1,1
[-0.07543084  0.01204354],0,1
[-0.06820845 -0.00237693],1,1
[-0.07881287 -0.00364591],0,1
[-0.09577474 -0.01820344],1,1
[-0.08768938 -0.02503687],0,1
[-0.06227352 -0.00851971],1,1
[-0.07071534 -0.00032251],0,1
[-0.07864763 -0.00114428],1,1
[-0.0713352   0.00571233],0,1
[-0.07471375  0.00629677],1,1
[-0.08521377 -0.01483708],0,1
[-0.07293379 -0.01957436],1,1
[-0.06878144 -0.01021902],0,1
[-0.05796611  0.00508644],1,1
[-0.07029321  0.01358639],0,1
[-0.07403132  0.00652011],1,1
[-0.07965922  0.00254206],0,1
[-0.07627514  0.00312292],1,1
[-0.06753407  0.00766347],0,1
[-0.08243489  0.01160499],1,1
[-0.07638986  0.00617123],0,1
[-0.0729662  -0.01393448],1,1
[-0.08236521 -0.00195622],0,1
[-0.06844907  0.0068841 ],1,1
[-0.07547361  0.01364239],0,1
[-0.07392222  0.00282876],1,1
[-0.06782524  0.0016247 ],0,1
[-0.07959866  0.00470863],1,1
[-0.07346883  0.01700505],0,1
[-0.07805401  0.01730173],1,1
[-0.08067925  0.01094547],0,1
[-0.08656792  0.00613139],1,1
[-0.08783863 -0.00147051],0,1
[-0.07322162  0.00586722],1,1
[-0.08481089  0.01238381],0,1
[-0.07403758 -0.01361924],1,1
[-0.08057819  0.00229102],0,1
[-0.06469852 -0.0035695 ],1,1
[-0.0876929  -0.01305174],0,1
[-0.0745786   0.00678373],1,1
[-0.07804818  0.01545347],0,1
[-0.07958849 -0.0050265 ],1,1
[-0.06566195 -0.01166017],0,1
[-0.08162801  0.00413704],1,1
[-0.08608076 -0.00878293],0,1
[-0.07814704 -0.00124846],1,1
[-0.08031873 -0.0010526 ],0,1
[-0.08664814  0.01312326],1,1
[-0.08181641  0.01376988],0,1
[-0.07823886 -0.01175978],1,1
[-0.07489939 -0.00135702],0,1
[-0.07160655  0.00965887],1,1
[-0.07074189  0.00474165],0,1
[-0.07891637  0.00493898],1,1
[-0.08222194 -0.01091294],0,1
[-0.07326047  0.018064  ],1,1
[-0.07971133  0.01259175],0,1
[-0.08910084 -0.00953747],1,1
[-0.07970332 -0.00992491],0,1
[-0.07707983  0.00459691],1,1
[-0.08744426  0.00416886],0,1
[-0.07359061 -0.00861479],1,1
[-0.06924345 -0.00742387],0,1
[-0.08731143 -0.00637031],1,1
[-0.07169123  0.01074604],0,1
[-0.06075635 -0.00960806],1,1
[-0.08119155 -0.00121763],0,1
[-0.08842228  0.01062977],1,1
[-0.09143329  0.00957405],0,1
[-0.07834949 -0.00015315],1,1
[-0.07901476 -0.0004843 ],0,1
[-0.08246127 -0.00555976],1,1
[-0.077308    0.00084734],0,1
[-0.0917557   0.01760709],1,1
[-0.08603448  0.0089922 ],0,1
[-0.07132134  0.0080874 ],1,1
[-0.06059476  0.00037653],0,1
[-0.06768601 -0.00450142],1,1
[-0.05966233 -0.008859  ],0,1
[-0.0796583   0.01069301],1,1
[-0.07067164  0.00072952],0,1
[-0.08624095 -0.00604066],1,1
[-0.07510446  0.00542247],0,1
[-0.08204205 -0.0003594 ],1,1
[-0.07518491 -0.00106895],0,1
[-0.07578027 -0.00582455],1,1
[-0.07348811 -0.0019286 ],0,1
[-0.0764145   0.01188314],1,1
[-0.0756617   0.00664959],0,1
[-0.08311416  0.00663233],1,1
[-0.09306236 -0.028524  ],0,1
[-0.07331491 -0.00547158],1,1
[-0.07993852 -0.01007644],0,1
[-0.08468445  0.00214303],1,1
[-0.08333963  0.00461676],0,1
[-0.07955073 -0.00324006],1,1
[-0.07504062 -0.00711008],0,1
[-0.08224812  0.00528356],1,1
[-0.07495257  0.01179023],0,1
[-0.08351809  0.01040282],1,1
[-0.08264532  0.00604377],0,1
[-0.06977699 -0.0017435 ],1,1
[-0.07362518  0.00799398],0,1
[-0.07288781  0.00798647],1,1
[-0.07503447 -0.00584494],0,1
[-0.06856631  0.01144296],1,1
[-7.2403200e-02  1.9021332e-05],0,1
[-0.07416074  0.00382119],1,1
[-0.06972763  0.00617722],0,1
[-0.07640041  0.00208928],1,1
[-0.0785771   0.00963029],0,1
[-0.0652263  -0.01417381],1,1
[-0.05197588  0.00571559],0,1
[-0.07108894  0.00476284],1,1
[-0.06872971  0.01169424],0,1
[-0.08181778  0.00402194],1,1
[-0.07869878  0.00285113],0,1
[-0.08068578 -0.00847476],1,1
[-0.07959396 -0.01574366],0,1
[-0.07367562  0.01014961],1,1
[-0.07633911  0.0021977 ],0,1
[-0.07805723  0.00873065],1,1
[-0.08011615  0.01026151],0,1
[-0.07166408 -0.00322388],1,1
[-0.08023063 -0.00601595],0,1
[-0.0787957  -0.00030509],1,1
[-0.06423107  0.00755472],0,1
[-0.08182983  0.00193321],1,1
[-0.08479545 -0.00725398],0,1
[-0.0796956   0.00675121],1,1
[-0.07507662 -0.00388681],0,1
[-0.07747756  0.00977953],1,1
[-0.07080806  0.0021752 ],0,1
[-0.08528505  0.00711371],1,1
[-0.07587893  0.0007666 ],0,1
[-0.08455387 -0.0048304 ],1,1
[-0.06801136  0.00514579],0,1
[-0.07074407  0.00238194],1,1
[-0.07872297 -0.01214155],0,1
[-0.07884403  0.00646254],1,1
[-0.0755133   0.00785643],0,1
[-0.07180268  0.00623838],1,1
[-0.07047008  0.01386936],0,1
[-0.06395208  0.0071575 ],1,1
[-0.06969061  0.00573952],0,1
[-0.06971599  0.00163213],1,1
[-0.0786728   0.00486834],0,1
[-0.07926496  0.01589225],1,1
[-0.07419892  0.00327417],0,1
[-0.07104993  0.01258823],1,1
[-0.07057962 -0.00388632],0,1
[-0.07281914  0.01720856],1,1
[-0.07545503  0.0158878 ],0,1
[-0.07010667  0.00928382],1,1
[-0.07795951  0.00080276],0,1
[-0.07984285  0.01546804],1,1
[-0.07098503 -0.00042256],0,1
[-0.08352363  0.00171382],1,1
[-0.07918443 -0.00562556],0,1
[-0.08019941 -0.00566647],1,1
[-0.07341207 -0.00229502],0,1
[-0.07409179 -0.00639225],1,1
[-0.06427468  0.00223526],0,1
[-0.07474457 -0.00466027],1,1
[-0.06876671 -0.0181785 ],0,1
[-0.08279431  0.00684693],1,1
[-0.07383938  0.01083004],0,1
[-0.08202098 -0.01569979],1,1
[-0.07848122 -0.00915933],0,1
[-0.0584644  0.0039449],1,1
[-0.07438698  0.00241344],0,1
[-0.0928661  -0.00628885],1,1
[-0.08053481 -0.00186741],0,1
[-0.08138114  0.00277597],1,1
[-0.07535604  0.00125537],0,1
[-0.05902901  0.00380151],1,1
[-0.06639376  0.00964209],0,1
[-0.081829    0.00052141],1,1
[-0.08720487 -0.00488272],0,1
[-0.08877164  0.01078276],1,1
[-0.07088198  0.01052409],0,1
[-0.07972675  0.00105787],1,1
[-0.08217257  0.00181624],0,1
[-0.08182809  0.00469652],1,1
[-0.08978137  0.01602506],0,1
[-0.0809451   0.01695809],1,1
[-0.07403608  0.00891093],0,1
[-0.07207576  0.00293024],1,1
[-0.07900244  0.00549065],0,1
[-0.06569952  0.00476519],1,1
[-0.08542887  0.00042468],0,1
[-0.07715999  0.00517748],1,1
[-0.07273424  0.00736845],0,1
[-0.06872831 -0.00226068],1,1
[-0.0697194   0.01190215],0,1
[-0.08216785  0.0013084 ],1,1
[-0.06666942 -0.01654791],0,1
[-0.08571321  0.01029524],1,1
[-0.08700022  0.01046158],0,1
[-0.07589161  0.00642093],1,1
[-0.07639091  0.01048765],0,1
[-0.08186442  0.0066098 ],1,1
[-0.08939332 -0.00556641],0,1
[-0.08035377  0.00085396],1,1
[-0.03806904 -0.00586674],0,1
[-0.08326678  0.00331065],1,1
[-0.09254867 -0.01224918],0,1
[-0.07832333  0.01177637],1,1
[-0.07161908  0.00681189],0,1
[-0.07795407  0.00076049],1,1
[-0.07655866  0.00028465],0,1
[-0.0571594   0.01017229],1,1
[-0.08332707  0.01884087],0,1
[-0.06494041 -0.00575905],1,1
[-0.06307262  0.00990129],0,1
[-0.07682471  0.00658558],1,1
[-0.07051641 -0.00342056],0,1
[-0.07485804  0.00491599],1,1
[-0.08224577  0.01220472],0,1
[-0.0810208  0.0132309],1,1
[-0.07806812  0.01291714],0,1
[-0.08714047 -0.01356968],1,1
[-0.07998209 -0.00460588],0,1
[-0.08353195  0.00917164],1,1
[-0.07685911 -0.0006793 ],0,1
[-0.07680812  0.00528893],1,1
[-0.08016065  0.00935651],0,1
[-0.08414483  0.01090539],1,1
[-0.05948747  0.00255613],0,1
[-0.08957408 -0.00802463],1,1
[-0.07815637 -0.00984411],0,1
[-0.07862361 -0.01628004],1,1
[-0.07777651  0.00248597],0,1
[-0.08277592 -0.01004989],1,1
[-0.07987949  0.00437915],0,1
[-0.06422819 -0.00194783],1,1
[-0.08095378  0.0060299 ],0,1
[-0.07897905  0.00734281],1,1
[-0.08751908  0.01652109],0,1
[-0.08267282  0.0031696 ],1,1
[-0.08163723  0.00078741],0,1
[-0.07789138  0.00254454],1,1
[-0.07730135  0.011349  ],0,1
[-0.08005814  0.0056836 ],1,1
[-0.08214016  0.00908406],0,1
[-0.06813383 -0.00535934],1,1
[-0.07031151 -0.00729891],0,1
[-0.07924259 -0.00811004],1,1
[-0.0729032  -0.00280864],0,1
[-0.07902221  0.00773071],1,1
[-0.07783401 -0.00528126],0,1
[-0.08714665  0.01138171],1,1
[-0.0668937  -0.00432881],0,1
[-0.08076629  0.00475208],1,1
[-0.07597055 -0.00326107],0,1
[-0.08398479 -0.01312162],1,1
[-0.08009873 -0.01871582],0,1
[-0.08720128 -0.01540664],1,1
[-0.07523704 -0.0102989 ],0,1
[-0.08114243 -0.00328592],1,1
[-0.06607357  0.00117762],0,1
[-0.08021508  0.00872037],1,1
[-0.0819269 -0.0060439],0,1
[-0.08479149  0.02482517],1,1
[-0.07897504 -0.00846542],0,1
[-0.06948882  0.005655  ],1,1
[-0.06845421  0.01362672],0,1
[-0.08248121 -0.00403249],1,1
[-0.07597844 -0.00451817],0,1
[-0.09124111  0.00156888],1,1
[-0.07804612  0.00568509],0,1
[-0.06686641 -0.00328568],1,1
[-0.06335792  0.00107329],0,1
[-0.0839448  -0.00194798],1,1
[-0.08453178 -0.0001516 ],0,1
[-0.07017711 -0.00252549],1,1
[-0.07658298  0.00581171],0,1
[-0.06888785 -0.00569795],1,1
[-0.07083944 -0.000149  ],0,1
[-0.07356858 -0.00685687],1,1
[-0.08086693 -0.00599124],0,1
[-0.05820886  0.00767298],1,1
[-0.06710009  0.00342353],0,1
[-0.0708302   0.00619657],1,1
[-0.06944305  0.00417738],0,1
[-0.08340894 -0.00519177],1,1
[-0.0827339   0.00752663],0,1
[-0.07553159 -0.00092097],1,1
[-0.06445999 -0.00756058],0,1
[-0.07463936  0.01848374],1,1
[-0.07396567  0.01422705],0,1
[-0.07473084  0.01554775],1,1
[-0.07906398  0.01022074],0,1
[-0.06970848 -0.00356363],1,1
[-0.07299595 -0.00146253],0,1
[-0.07865454  0.01376735],1,1
[-0.07618377  0.00608257],0,1
[-0.08882105 -0.00836828],1,1
[-0.08126512 -0.00093826],0,1
[-0.07237818  0.01637438],1,1
[-0.07447582  0.00365686],0,1
[-0.05975878 -0.00174125],1,1
[-0.06709725  0.0088471 ],0,1
[-0.07742938  0.00176148],1,1
[-0.07661194 -0.00813389],0,1
[-0.0899495 -0.0108994],1,1
[-0.06515193 -0.00136311],0,1
[-0.06831734 -0.00204022],1,1
[-0.07314989 -0.00795525],0,1
[-0.08692867  0.00118993],1,1
[-0.0828591  -0.00765216],0,1
[-0.07083058 -0.00023669],1,1
[-0.08884707  0.01720569],0,1
[-0.0727929  -0.00072375],1,1
[-0.08535494 -0.00217196],0,1
[-0.06430861  0.00324474],1,1
[-0.06713216  0.01528209],0,1
[-0.07031134  0.00826025],1,1
[-0.0787966   0.00841593],0,1
[-0.08222064  0.00410967],1,1
[-0.06189552  0.00114655],0,1
[-0.07460664  0.01924881],1,1
[-0.07160392  0.00638036],0,1
[-0.08307613  0.00410403],1,1
[-0.08226012  0.01419655],0,1
[-0.06422061 -0.01280896],1,1
[-0.06277569 -0.00805819],0,1
[-0.07481144 -0.01177895],1,1
[-0.09101027 -0.00316933],0,1
[-0.0733851  -0.00245405],1,1
[-0.07871674  0.00446996],0,1
[-0.06335942  0.00290462],1,1
[-0.0709196 -0.0017446],0,1
[-0.08049615  0.00070947],1,1
[-0.07420973  0.00439429],0,1
[-0.06899863  0.00377093],1,1
[-0.07701807  0.00135918],0,1
[-0.07794255  0.00277538],1,1
[-0.08075563  0.00916131],0,1
[-0.06371085  0.00666655],1,1
[-0.06992565  0.010661  ],0,1
[-0.08184758  0.00546074],1,1
[-0.08774428  0.00091489],0,1
[-0.07025401  0.01386547],1,1
[-0.06653342  0.00855284],0,1
[-0.09060697 -0.00656374],1,1
[-0.07221708 -0.00073746],0,1
[-0.0888968 -0.0099674],1,1
[-0.07835604  0.00612307],0,1
[-0.08207506  0.01206045],1,1
[-0.08232263  0.00174648],0,1
[-0.07084906  0.00857044],1,1
[-0.08110324  0.00400634],0,1
[-0.05835911 -0.00726367],1,1
[-0.07176779 -0.00311737],0,1
[-0.07307638  0.01498824],1,1
[-0.07868975  0.01061886],0,1
[-0.07566255 -0.00772835],1,1
[-0.07136641 -0.00986325],0,1
[-0.08163938  0.01722661],1,1
[-0.09435511  0.02629416],0,1
[-0.07516237  0.00041137],1,1
[-0.07268278 -0.00294992],0,1
[-0.0717718   0.00181498],1,1
[-0.08075395  0.01025996],0,1
[-0.07864538  0.00753281],1,1
[-0.07352912  0.01718886],0,1
[-0.0814431  -0.00339096],1,1
[-0.08139266  0.00947575],0,1
[-0.07711376  0.01577377],1,1
[-0.08154871  0.01517376],0,1
[-0.08665925  0.01564083],1,1
[-0.09279889  0.01253409],0,1
[-0.06537142  0.00822307],1,1
[-0.06208513  0.0120593 ],0,1
[-0.08181413  0.00301769],1,1
[-0.08035776  0.00209263],0,1
[-0.0691908  -0.01230901],1,1
[-0.06446154 -0.00645732],0,1
[-0.07369458  0.0011223 ],1,1
[-0.06884477  0.01570897],0,1
[-0.07875131  0.00462335],1,1
[-0.07801956 -0.01081996],0,1
[-0.07478559  0.01247013],1,1
[-0.06746963  0.00440475],0,1
[-0.0704641   0.00899376],1,1
[-0.06428534  0.01742866],0,1
[-0.08978923  0.01068067],1,1
[-0.07507792  0.00642027],0,1
[-0.08544517 -0.00034539],1,1
[-0.07420341 -0.00115063],0,1
[-0.08743462 -0.00710803],1,1
[-0.08565295 -0.00725462],0,1
[-0.08005366 -0.00872375],1,1
[-0.0804801  -0.00842046],0,1
[-0.07993936 -0.02235214],1,1
[-0.07913335 -0.0057312 ],0,1
[-0.06736676 -0.00414202],1,1
[-0.07307088 -0.00504106],0,1
[-0.08456573  0.0008486 ],1,1
[-0.07262883 -0.00243093],0,1
[-0.05899138  0.01028368],1,1
[-0.05937847  0.00345863],0,1
[-0.09079352 -0.00224965],1,1
[-0.09280206  0.0071724 ],0,1
[-0.0916107  -0.00066909],1,1
[-0.08657791 -0.00924204],0,1
[-0.06840324 -0.01100887],1,1
[-0.08202569 -0.00861249],0,1
[-0.07996248  0.00485992],1,1
[-0.07940796 -0.00650623],0,1
[-0.08215408  0.00696397],1,1
[-0.08015752  0.0017661 ],0,1
[-0.09286964  0.00063843],1,1
[-8.263996e-02  7.139146e-05],0,1
[-0.06795162  0.00424092],1,1
[-0.07332857  0.00937735],0,1
[-0.07295607  0.00544966],1,1
[-0.07789165  0.00771669],0,1
[-0.07465259 -0.01756787],1,1
[-0.0796659  -0.02015278],0,1
[-0.08580163  0.00394383],1,1
[-0.08846141 -0.00112779],0,1
[-0.06913798  0.00248446],1,1
[-0.07693711 -0.00112664],0,1
[-7.354736e-02  8.855760e-05],1,1
[-0.07162102 -0.0052936 ],0,1
[-0.07249862 -0.01257208],1,1
[-0.0694688  -0.00378656],0,1
[-0.07773761  0.02557575],1,1
[-0.08522895  0.01464689],0,1
[-0.07252613  0.00357833],1,1
[-0.08158934 -0.00160426],0,1
[-0.08659291 -0.00718235],1,1
[-0.06954929 -0.00497025],0,1
[-0.06604123  0.00446479],1,1
[-0.07574029  0.00793475],0,1
[-0.08103727 -0.00488428],1,1
[-0.07702427 -0.00135364],0,1
[-0.07655257 -0.00467416],1,1
[-0.06699697 -0.0066328 ],0,1
[-0.08941938 -0.00335353],1,1
[-0.08327554 -0.00193396],0,1
[-0.06203103  0.00774261],1,1
[-0.07827649 -0.00986328],0,1
[-0.08879088  0.01414805],1,1
[-0.06472935 -0.01540902],0,1
[-0.08159932 -0.00478357],1,1
[-0.08070154 -0.01416475],0,1
[-0.07330527 -0.00505013],1,1
[-0.07283406  0.00385092],0,1
[-0.08867683 -0.00533796],1,1
[-0.07361744 -0.00251669],0,1
[-0.07227731  0.02119276],1,1
[-0.08286867  0.01784807],0,1
[-0.08041106 -0.00119601],1,1
[-0.07315508  0.00495466],0,1
[-0.07529813 -0.0039834 ],1,1
[-0.07704283 -0.01109783],0,1
[-0.06971218  0.01653436],1,1
[-0.07358814  0.00945814],0,1
[-0.05223562  0.01556172],1,1
[-0.06724184  0.00791362],0,1
[-0.07782266  0.00711736],1,1
[-0.06963983  0.00080254],0,1
[-0.08022395 -0.00772669],1,1
[-0.07683693 -0.00456606],0,1
[-0.06532028  0.01669949],1,1
[-0.07205833  0.02802827],0,1
[-0.07794703 -0.00033903],1,1
[-0.07956637  0.00425094],0,1
[-0.06040797 -0.00386281],1,1
[-0.07083765 -0.0083824 ],0,1
[-0.07960735 -0.00843398],1,1
[-0.06309479 -0.00324805],0,1
[-0.07158142 -0.00467807],1,1
[-0.07051457 -0.00451977],0,1
[-0.08908509  0.00365224],1,1
[-0.08347978 -0.01293692],0,1
[-0.08638616 -0.00407463],1,1
[-0.09042925  0.01285961],0,1
[-0.08258581  0.00889724],1,1
[-0.08178517  0.01514615],0,1
[-0.08135542  0.0127914 ],1,1
[-0.0842173   0.01217104],0,1
[-0.08864893  0.02168728],1,1
[-0.07447544  0.01197289],0,1
[-0.07517971  0.00166972],1,1
[-0.06966703 -0.00072753],0,1
[-0.08739462  0.00150933],1,1
[-0.08835533 -0.00811237],0,1
[-0.08098429  0.00687096],1,1
[-0.07802568  0.0105452 ],0,1
[-0.08083091  0.00422799],1,1
[-0.07578826  0.00216491],0,1
[-0.0930685   0.00233958],1,1
[-0.07618096 -0.00581825],0,1
[-0.0893646  -0.00643163],1,1
[-0.07646209 -0.00442482],0,1
[-0.08010893 -0.00710293],1,1
[-7.9891741e-02  7.1935356e-05],0,1
[-0.07420772 -0.00413185],1,1
[-0.07352567  0.00569294],0,1
[-0.06613166  0.00686307],1,1
[-0.07850562  0.00138099],0,1
[-0.08175752  0.00687886],1,1
[-0.07429093  0.00137258],0,1
[-0.08067547  0.00744894],1,1
[-0.08460824  0.00268219],0,1
[-0.07598686  0.00687763],1,1
[-0.07978512  0.01572194],0,1
[-0.06918192  0.01265335],1,1
[-0.0853238  -0.00774399],0,1
[-0.07130016  0.0093694 ],1,1
[-0.07962064 -0.00252675],0,1
[-0.07855193 -0.0006949 ],1,1
[-0.06671077  0.02131775],0,1
[-0.08152445 -0.00762925],1,1
[-0.06528479 -0.00302341],0,1
[-0.07807018  0.00651206],1,1
[-0.06978761  0.00371971],0,1
[-0.07124247  0.01326318],1,1
[-0.07216421  0.00850961],0,1
[-0.08241581  0.00619565],1,1
[-0.06366348 -0.0051402 ],0,1
[-0.08263324 -0.00078367],1,1
[-0.05570148 -0.0033806 ],0,1
[-0.08374698 -0.01398485],1,1
[-0.09211974 -0.02088625],0,1
[-0.05662514  0.00559469],1,1
[-0.06458274  0.00098314],0,1
[-0.08273707  0.00778623],1,1
[-0.07201679  0.00470236],0,1
[-0.07970707  0.00413266],1,1
[-0.07912602  0.01288801],0,1
[-0.07048035  0.01472188],1,1
[-0.06673937  0.00044797],0,1
[-0.07734708  0.00603465],1,1
[-0.07640791 -0.00452061],0,1
[-0.07300185  0.00204075],1,1
[-0.07478817 -0.00444649],0,1
[-0.07140471  0.00287341],1,1
[-0.08822533 -0.00176261],0,1
[-0.07116376  0.01303381],1,1
[-0.07412583  0.00928955],0,1
[-0.08253197 -0.00976755],1,1
[-0.07435859  0.00233453],0,1
[-0.08058782 -0.0048119 ],1,1
[-0.07966167 -0.00281152],0,1
[-0.06458868  0.00502546],1,1
[-0.07894625 -0.00110415],0,1
[-0.08125612 -0.00893237],1,1
[-0.06988908  0.00914557],0,1
[-0.07968584  0.00853734],1,1
[-0.0820339   0.01078684],0,1
[-0.07185955  0.00338163],1,1
[-0.08556705 -0.00224956],0,1
[-0.07411432  0.00701727],1,1
[-0.07186273  0.00512584],0,1
[-0.06878819  0.00150518],1,1
[-0.08528195  0.00780483],0,1
[-0.07704575 -0.0012021 ],1,1
[-0.07396391  0.00758683],0,1
[-0.05513105  0.00407406],1,1
[-0.05594506 -0.00191327],0,1
[-0.0642297  -0.01068246],1,1
[-0.07267168 -0.00081587],0,1
[-0.07620232  0.00117268],1,1
[-0.07384529  0.00589341],0,1
[-0.06483831  0.00762029],1,1
[-0.06895941  0.00474319],0,1
[-0.08314246  0.00902428],1,1
[-0.0769859   0.00399514],0,1
[-0.08697633 -0.00014637],1,1
[-0.07841627  0.01172963],0,1
[-0.07429281  0.00154188],1,1
[-0.06873995 -0.00127041],0,1
[-0.07960567 -0.00271802],1,1
[-0.07698151 -0.00497124],0,1
[-0.07580619  0.00074602],1,1
[-0.07829881  0.00591755],0,1
[-0.08253747 -0.00096411],1,1
[-0.07361265 -0.00204845],0,1
[-0.08277421 -0.00202586],1,1
[-0.07349636  0.0011015 ],0,1
[-0.06522118  0.00132658],1,1
[-0.08114615 -0.00126367],0,1
[-0.07178371  0.00037958],1,1
[-0.07959329  0.00183559],0,1
[-0.07121963  0.00702422],1,1
[-0.07638191  0.00052087],0,1
[-0.07850121  0.00494671],1,1
[-0.07184545  0.01135536],0,1
[-0.0746278   0.00454259],1,1
[-0.06783311  0.00254437],0,1
[-0.07368162  0.00722817],1,1
[-0.08494289  0.01297914],0,1
[-0.07616254 -0.00166789],1,1
[-0.07193641 -0.00082803],0,1
[-0.07020055  0.01100173],1,1
[-0.06780434  0.01067259],0,1
[-0.08123004 -0.00982846],1,1
[-0.08263722 -0.0130759 ],0,1
[-0.07975012  0.02192138],1,1
[-0.08115214  0.00571769],0,1
[-0.06555938  0.00457425],1,1
[-0.07128581  0.01299147],0,1
[-0.08551614  0.01226985],1,1
[-0.07518376  0.01100159],0,1
[-0.09408362 -0.00538543],1,1
[-0.09387723 -0.00517492],0,1
[-0.08381705 -0.00868921],1,1
[-0.06765522  0.00265175],0,1
[-0.08141334 -0.01047649],1,1
[-0.06295052  0.00049337],0,1
[-0.07696103  0.00503697],1,1
[-0.0740079  -0.00290418],0,1
[-0.07362184 -0.00881498],1,1
[-0.08045276 -0.00306462],0,1
[-0.07224767  0.02055939],1,1
[-0.07051641 -0.00724613],0,1
[-0.06844601  0.03239518],1,1
[-0.07678369  0.03527061],0,1
[-0.08560076 -0.00564301],1,1
[-0.07518553 -0.00982576],0,1
[-0.08465573 -0.00369272],1,1
[-0.09835006 -0.00029305],0,1
[-0.08028585 -0.00537326],1,1
[-0.06627065  0.00673891],0,1
[-0.07509747 -0.02194522],1,1
[-0.07971248 -0.01341841],0,1
[-0.06656855 -0.01048438],1,1
[-0.06783453  0.00995501],0,1
[-0.06584041 -0.00219347],1,1
[-6.8050787e-02 -2.1368265e-05],0,1
[-0.0818698  -0.01592292],1,1
[-0.08562326 -0.01607808],0,1
[-0.0869834  -0.00497758],1,1
[-0.08478387 -0.00396334],0,1
[-0.07455073  0.01917185],1,1
[-0.08454041  0.02396091],0,1
[-0.08330344  0.00964521],1,1
[-0.07936521  0.02114533],0,1
[-0.08050605  0.00399004],1,1
[-0.07593669  0.01179994],0,1
[-0.06501716 -0.00959072],1,1
[-0.06985104  0.00122232],0,1
[-0.08040901  0.00453366],1,1
[-0.06962126 -0.02485362],0,1
[-0.07885383  0.00569986],1,1
[-0.08953709  0.00704598],0,1
[-0.07010698 -0.00591923],1,1
[-0.0705453  -0.00197589],0,1
[-0.07133058 -0.00749408],1,1
[-0.0804379   0.00232777],0,1
[-0.09215584  0.01236156],1,1
[-0.07950133 -0.00482179],0,1
[-0.06899777 -0.01834421],1,1
[-0.07512352 -0.01516685],0,1
[-0.07901125  0.00513961],1,1
[-0.07712229  0.01357803],0,1
[-0.0917512  -0.00687087],1,1
[-0.09561466 -0.00703774],0,1
[-0.07990104 -0.00433119],1,1
[-0.08309238  0.00707839],0,1
[-0.06123012  0.00338178],1,1
[-0.06691148  0.00411519],0,1
[-0.06653687 -0.01651996],1,1
[-0.07343794  0.00110779],0,1
[-0.07475585 -0.00721709],1,1
[-0.07204886 -0.0109207 ],0,1
[-0.08109598  0.00412321],1,1
[-0.07889149  0.00085682],0,1
[-0.0792857  -0.00626203],1,1
[-0.09569848  0.0040018 ],0,1
[-0.07835124  0.01989474],1,1
[-0.0794756  -0.00339841],0,1
[-0.07255238  0.01447387],1,1
[-0.08585081  0.01891268],0,1
[-0.07892787 -0.0011152 ],1,1
[-0.06655063  0.00306114],0,1
[-0.06524895 -0.00958873],1,1
[-0.05986114  0.00256176],0,1
[-0.0925978   0.00339113],1,1
[-0.09063797  0.00069207],0,1
[-0.06907839  0.00879411],1,1
[-0.06905787  0.00855719],0,1
[-0.06429058  0.00324567],1,1
[-0.06223265  0.01008513],0,1
[-0.07919434  0.00780503],1,1
[-0.07301025  0.00858845],0,1
[-0.08323693  0.00275448],1,1
[-0.07933982  0.01383267],0,1
[-0.08011211  0.015569  ],1,1
[-0.06848791 -0.00021103],0,1
[-0.07992332  0.00197117],1,1
[-0.09250486  0.00938306],0,1
[-0.0749612   0.00851681],1,1
[-0.09203842  0.01806734],0,1
[-0.07117793  0.01063839],1,1
[-0.08846518  0.00666213],0,1
[-0.08553107 -0.01430261],1,1
[-0.08118437 -0.02576472],0,1
[-0.09587114 -0.00433946],1,1
[-0.07663842 -0.01444235],0,1
[-0.07932217 -0.01382608],1,1
[-0.08040572 -0.01337983],0,1
[-0.08392999 -0.00368992],1,1
[-0.07608151  0.00391363],0,1
[-0.08582636  0.00914274],1,1
[-0.07050224 -0.00155993],0,1
[-0.07067131  0.0005644 ],1,1
[-0.07781435 -0.00097728],0,1
[-0.08730713  0.00948658],1,1
[-0.08641334  0.00938036],0,1
[-0.07736908  0.00732601],1,1
[-0.0671618   0.01075021],0,1
[-0.06521603 -0.01646821],1,1
[-0.07419373  0.01604075],0,1
[-0.08847468 -0.00288565],1,1
[-0.07660499  0.01069421],0,1
[-0.08172783  0.00907918],1,1
[-0.07460837 -0.00175902],0,1
[-0.06625903  0.00495614],1,1
[-0.05422324  0.01198941],0,1
[-0.07935216  0.01645347],1,1
[-0.05440739  0.00549489],0,1
[-0.09139732  0.00743265],1,1
[-0.07963546  0.01452629],0,1
[-0.07875612  0.00416443],1,1
[-0.06784505 -0.00201106],0,1
[-0.07265437 -0.00550411],1,1
[-0.06763787 -0.01049299],0,1
[-0.08750736  0.00888954],1,1
[-0.07599154  0.00163844],0,1
[-0.07309838 -0.00517037],1,1
[-0.06988184  0.00375324],0,1
[-0.07313304  0.01379736],1,1
[-0.07802232  0.01379442],0,1
[-0.09346297 -0.01099973],1,1
[-0.09138851  0.01081587],0,1
[-0.06874952  0.01893979],1,1
[-0.06225842  0.00186654],0,1
[-0.08479959  0.00738002],1,1
[-0.08128948  0.00428507],0,1
[-0.0791159  -0.00052129],1,1
[-0.07842384  0.01057538],0,1
[-0.07168648  0.00341221],1,1
[-0.05225646 -0.00698321],0,1
[-0.0655062   0.01433176],1,1
[-0.06070195  0.01173548],0,1
[-0.07376172  0.00704268],1,1
[-0.05949857  0.00883445],0,1
[-0.07653044  0.00027565],1,1
[-0.06973244  0.00832958],0,1
[-0.0715176   0.00494558],1,1
[-0.08622243  0.00362013],0,1
[-0.07922281  0.00839208],1,1
[-7.7584699e-02 -5.6147575e-05],0,1
[-0.06497137  0.01645302],1,1
[-0.06629923  0.01035914],0,1
[-0.06489028 -0.00029743],1,1
[-0.07503717  0.01144629],0,1
[-0.07761134 -0.00352877],1,1
[-0.09171532  0.00488877],0,1
[-0.07067888 -0.00247573],1,1
[-0.053712   -0.00652577],0,1
[-0.07720928  0.00494805],1,1
[-0.07701088 -0.00030831],0,1
[-0.08003865 -0.0068986 ],1,1
[-8.1085704e-02 -6.7032874e-05],0,1
[-0.07561139 -0.00057639],1,1
[-0.07864162 -0.00307257],0,1
[-0.08085393 -0.00147218],1,1
[-0.07656965  0.00140271],0,1
[-0.07392242 -0.00295892],1,1
[-0.0770666   0.00155875],0,1
[-0.07811399  0.01219588],1,1
[-0.06595337 -0.00393649],0,1
[-0.06671879  0.00761636],1,1
[-0.06386925  0.00906806],0,1
[-0.06619905  0.00227876],1,1
[-0.06903526 -0.00981436],0,1
[-0.08449425 -0.00944375],1,1
[-0.06960371 -0.01001912],0,1
[-0.08524548  0.00933877],1,1
[-0.08112545  0.01369738],0,1
[-0.07831325  0.01288868],1,1
[-0.07967952  0.01320212],0,1
[-0.08258183  0.00615405],1,1
[-0.07858458 -0.0024371 ],0,1
[-0.07691402 -0.00742298],1,1
[-0.07398851  0.00171588],0,1
[-0.06609812 -0.00629359],1,1
[-0.06702422 -0.00352053],0,1
[-0.06499806  0.00212222],1,1
[-0.07232769  0.00208138],0,1
[-0.08331123  0.00508761],1,1
[-0.08401662  0.00659862],0,1
[-0.08141491 -0.00812028],1,1
[-0.08154868  0.01628859],0,1
[-0.07344234  0.01546073],1,1
[-0.06674671 -0.00735854],0,1
[-0.06267783  0.00469987],1,1
[-0.06646518 -0.00244363],0,1
[-0.08659333 -0.01254516],1,1
[-0.08178851 -0.00437025],0,1
[-0.06783002  0.00715031],1,1
[-0.0662048   0.02048589],0,1
[-0.09013708  0.00579904],1,1
[-0.08495504 -0.01295836],0,1
[-0.06057609  0.0006566 ],1,1
[-0.0598911  -0.00469197],0,1
[-0.07325135  0.0089315 ],1,1
[-0.07165976  0.01373501],0,1
[-0.07814208  0.00389073],1,1
[-0.07429814 -0.00260657],0,1
[-0.07037978 -0.00592116],1,1
[-0.0578405 -0.0058091],0,1
[-0.07292581  0.00430014],1,1
[-0.0844719   0.00526135],0,1
[-0.08649027  0.01454534],1,1
[-0.07839754  0.01299071],0,1
[-0.07586093  0.01511202],1,1
[-0.07499504  0.00761874],0,1
[-0.07587883 -0.00122301],1,1
[-0.08527204 -0.00464952],0,1
[-0.08345981  0.00251737],1,1
[-0.0753971  -0.00234038],0,1
[-0.07224888 -0.00188524],1,1
[-0.06833166  0.00778706],0,1
[-0.08628984 -0.00133892],1,1
[-0.07005289 -0.00393799],0,1
[-0.08124377  0.00591075],1,1
[-0.07233681  0.00140514],0,1
[-0.09259889  0.00264192],1,1
[-0.08428432 -0.00025827],0,1
[-0.07454058 -0.00503297],1,1
[-0.07009031 -0.00892403],0,1
[-0.08848141 -0.01647792],1,1
[-0.08325246 -0.00358226],0,1
[-7.2702795e-02 -8.0756843e-05],1,1
[-0.07187933 -0.00490059],0,1
[-0.08387554 -0.00145356],1,1
[-0.09701778  0.0147586 ],0,1
[-0.07364567 -0.00027306],1,1
[-0.07344669  0.0026068 ],0,1
[-0.08904885 -0.00382532],1,1
[-0.07804988 -0.0063665 ],0,1
[-0.08148032  0.00164114],1,1
[-0.07657823  0.01744299],0,1
[-0.0804404 -0.0066787],1,1
[-0.0710811   0.00314271],0,1
[-0.08054402  0.00509719],1,1
[-0.06963542  0.01098859],0,1
[-0.07953855  0.01990094],1,1
[-0.07495826 -0.00720372],0,1
[-0.06488036 -0.01137227],1,1
[-7.093021e-02  2.758205e-05],0,1
[-0.07608223 -0.00389385],1,1
[-0.08563064 -0.00546578],0,1
[-0.0918356  0.0003107],1,1
[-0.08616897  0.01180652],0,1
[-0.08194287 -0.00643072],1,1
[-0.08429617  0.00736804],0,1
[-0.08173805  0.00550753],1,1
[-0.08983091  0.00994173],0,1
[-0.07771771 -0.00139308],1,1
[-0.06984416 -0.00062608],0,1
[-0.08162036  0.01735386],1,1
[-0.07430919  0.00602736],0,1
[-0.08394888  0.00893404],1,1
[-0.0762091   0.00623117],0,1
[-0.07274811 -0.00380851],1,1
[-0.06609465 -0.00175928],0,1
[-0.07839376 -0.00903774],1,1
[-0.07539414  0.0047384 ],0,1
[-0.0823068   0.00550658],1,1
[-0.07037066 -0.00078496],0,1
[-0.08587982 -0.01160535],1,1
[-0.08431332  0.00808219],0,1
[-0.0706501   0.00262327],1,1
[-0.0734839   0.00670458],0,1
[-0.08090049  0.01710645],1,1
[-0.0777379   0.01190973],0,1
[-0.0713725   0.00566204],1,1
[-0.06176974  0.009635  ],0,1
[-0.06962293 -0.01479109],1,1
[-0.06949119 -0.00166699],0,1
[-0.07276216  0.00732277],1,1
[-7.0311069e-02 -4.4599175e-05],0,1
[-0.07582998  0.00345739],1,1
[-0.09094787  0.00709452],0,1
[-0.07259409  0.00042126],1,1
[-0.06833118  0.00082679],0,1
[-0.07269812 -0.00855099],1,1
[-0.07594046 -0.00287413],0,1
[-0.08153278 -0.01996661],1,1
[-0.06786205 -0.00375571],0,1
[-0.07687651  0.00040473],1,1
[-0.08523481  0.00172655],0,1
[-0.08391804 -0.00631277],1,1
[-0.06521214  0.01959373],0,1
[-0.07664408  0.00773317],1,1
[-0.06101348 -0.01187088],0,1
[-0.06647776  0.0057965 ],1,1
[-0.0772469   0.00419327],0,1
[-0.0688149   0.01275026],1,1
[-0.07301494  0.01299554],0,1
[-0.08742753  0.00127921],1,1
[-0.08205234 -0.0018964 ],0,1
[-0.07501945  0.0052365 ],1,1
[-0.07641686 -0.00153165],0,1
[-0.06290825 -0.00782045],1,1
[-0.06953923 -0.00772361],0,1
[-0.08282454  0.00283862],1,1
[-0.06899882  0.01322179],0,1
[-0.06589389 -0.00332691],1,1
[-0.06889364 -0.00955109],0,1
[-0.07629696  0.01160841],1,1
[-0.07433015  0.01382524],0,1
[-0.07817332 -0.00375615],1,1
[-0.09830254 -0.01348113],0,1
[-0.07558808  0.00508124],1,1
[-0.06117725  0.00146691],0,1
[-0.07607859  0.00909328],1,1
[-0.07780939 -0.00085862],0,1
[-0.08432279 -0.00843063],1,1
[-0.08912331 -0.02080442],0,1
[-0.09313132 -0.0006042 ],1,1
[-0.08594145 -0.01013481],0,1
[-0.06485562  0.00655633],1,1
[-0.05632595  0.01471887],0,1
[-0.07301549  0.00535499],1,1
[-0.06695312 -0.0037606 ],0,1
[-0.08096533  0.01061532],1,1
[-0.07251202 -0.0023481 ],0,1
[-0.07777098  0.00334049],1,1
[-0.0752029   0.00707877],0,1
[-0.083893    0.01344928],1,1
[-0.07669142  0.00636351],0,1
[-0.07915942  0.00473693],1,1
[-0.06773664  0.01275456],0,1
[-0.07973564  0.0010616 ],1,1
[-7.491279e-02  5.144626e-05],0,1
[-0.0705761   0.00202563],1,1
[-0.06920435  0.01220286],0,1
[-0.08350804 -0.00168771],1,1
[-0.09243217 -0.01442848],0,1
[-0.07772718  0.00507782],1,1
[-0.07943365  0.00874101],0,1
[-0.06364457  0.00369573],1,1
[-0.06472285  0.01492358],0,1
[-0.07331847 -0.00609767],1,1
[-0.07602131 -0.00320441],0,1
[-0.07490656 -0.00105515],1,1
[-0.06262226 -0.00055984],0,1
[-0.08470736 -0.01563315],1,1
[-0.07533817  0.00849757],0,1
[-0.07362907  0.00150401],1,1
[-0.07268527  0.00558586],0,1
[-0.09066559 -0.02224166],1,1
[-0.05969326 -0.0068589 ],0,1
[-0.08750147 -0.00030264],1,1
[-0.08103368  0.00298448],0,1
[-0.07607399 -0.00615164],1,1
[-0.07713048 -0.00699051],0,1
[-0.07303427  0.01490039],1,1
[-0.07348769  0.00709333],0,1
[-0.07544012 -0.00373412],1,1
[-0.05286348  0.00230476],0,1
[-0.07757756  0.00922963],1,1
[-0.07391042  0.00495881],0,1
[-0.07757911  0.00371165],1,1
[-0.06964196  0.00124873],0,1
[-0.05912237  0.00848189],1,1
[-0.06468941 -0.00424895],0,1
[-0.07976566  0.00758702],1,1
[-0.06328197  0.01463244],0,1
[-0.08038783  0.01539976],1,1
[-0.08048794  0.01156937],0,1
[-0.07514669  0.00525764],1,1
[-0.07377389  0.01057731],0,1
[-0.06777546  0.01189229],1,1
[-0.06687297  0.00688772],0,1
[-0.07476897 -0.00725088],1,1
[-0.07224324  0.00294693],0,1
[-0.0827629   0.00375823],1,1
[-0.0791782  -0.00476809],0,1
[-0.08154845 -0.00900157],1,1
[-0.07612117  0.01259196],0,1
[-0.08297187  0.00890258],1,1
[-0.06761319 -0.01004615],0,1
[-0.0800975   0.00354549],1,1
[-0.0694574  -0.00083523],0,1
[-0.10499021 -0.00851177],1,1
[-0.08886352 -0.00752013],0,1
[-0.06364404  0.00906242],1,1
[-0.08126628  0.00779697],0,1
[-0.08368734  0.01977055],1,1
[-0.08205643  0.01011039],0,1
[-0.08018705  0.01654145],1,1
[-0.06746337  0.01546389],0,1
[-0.07910779 -0.0106451 ],1,1
[-0.07501777 -0.00936938],0,1
[-0.08054963  0.01319978],1,1
[-0.06841346  0.00386038],0,1
[-0.0648223   0.00578561],1,1
[-0.07403857  0.00598736],0,1
[-0.08375126  0.01173716],1,1
[-0.08018461 -0.00446165],0,1
[-0.07131517  0.00874658],1,1
[-0.07313772  0.00627165],0,1
[-0.07934833 -0.00082825],1,1
[-7.109387e-02 -7.031113e-05],0,1
[-0.08874971  0.00234733],1,1
[-0.06156663  0.0025584 ],0,1
[-0.07428202 -0.01014826],1,1
[-0.06566765 -0.01782424],0,1
[-0.07591617  0.01424367],1,1
[-0.08014429  0.0033445 ],0,1
[-0.08068597  0.00891032],1,1
[-0.0753774   0.01566847],0,1
[-0.08415826  0.01297712],1,1
[-0.0832231   0.01015075],0,1
[-0.08173206  0.00154374],1,1
[-0.07476729  0.00433497],0,1
[-0.07911658  0.0082187 ],1,1
[-0.07374406 -0.0008848 ],0,1
[-0.08212616 -0.01272734],1,1
[-0.07091638 -0.00378624],0,1
[-0.07019107  0.00535683],1,1
[-0.066773    0.00299665],0,1
[-0.07162081  0.03184504],1,1
[-0.07157221 -0.01117691],0,1
[-0.08049458  0.01227489],1,1
[-0.08449693  0.00316888],0,1
[-0.07317273 -0.00997777],1,1
[-0.07190917 -0.00209713],0,1
[-0.08394618  0.00303324],1,1
[-0.07918487 -0.00896621],0,1
[-0.07451805 -0.0040872 ],1,1
[-0.08194266  0.00921093],0,1
[-0.0798804  -0.01075789],1,1
[-0.0758459  -0.00682174],0,1
[-0.06296043 -0.01247589],1,1
[-0.07463388  0.00773367],0,1
[-0.08521708  0.01399574],1,1
[-0.06688778  0.01498792],0,1
[-0.07907578  0.00408769],1,1
[-0.0769207   0.01022328],0,1
[-0.06892963 -0.01181215],1,1
[-0.077384    0.00636366],0,1
[-0.08361705  0.01094623],1,1
[-0.08506963  0.01129556],0,1
[-0.079966    0.00052817],1,1
[-0.07071654 -0.00739735],0,1
[-0.07648145 -0.00362122],1,1
[-0.06553075 -0.01246368],0,1
[-0.06509234 -0.01278774],1,1
[-0.07073402  0.00315836],0,1
[-0.07670535  0.00054477],1,1
[-0.08316233 -0.00425172],0,1
[-0.06449108 -0.00325054],1,1
[-0.06382435  0.00151009],0,1
[-0.0802603  -0.00462813],1,1
[-0.06507592  0.00836565],0,1
[-0.08108327  0.00236115],1,1
[-0.07263765  0.00121534],0,1
[-0.06071541  0.01865827],1,1
[-0.06668535  0.00118881],0,1
[-0.08470255  0.01029694],1,1
[-0.08212684  0.02091894],0,1
[-0.08508357 -0.00796369],1,1
[-0.07425398  0.0070839 ],0,1
[-0.09542808  0.00628679],1,1
[-0.09211226  0.01311404],0,1
[-0.06370872  0.00947519],1,1
[-0.0670404   0.01076017],0,1
[-0.07818556  0.00175609],1,1
[-0.06151749  0.00172449],0,1
[-0.08075166 -0.00057676],1,1
[-0.07576422 -0.00105302],0,1
[-0.06146825  0.00351581],1,1
[-0.07064039  0.00620043],0,1
[-0.06279962 -0.00588138],1,1
[-0.06408177  0.00219482],0,1
[-0.07632771  0.01576036],1,1
[-0.06867914  0.00204099],0,1
[-0.07577029 -0.00539704],1,1
[-0.07037519 -0.00807534],0,1
[-0.07916635  0.01037724],1,1
[-0.07207056  0.00543778],0,1
[-0.06102603  0.00898635],1,1
[-0.06539844 -0.00208567],0,1
[-0.07392992 -0.00600402],1,1
[-0.07135127 -0.00050384],0,1
[-0.07234709  0.00074406],1,1
[-0.07515359  0.00098215],0,1
[-0.0779106  -0.02091747],1,1
[-0.08567455 -0.00293427],0,1
[-0.07512406  0.01392654],1,1
[-0.08404477  0.01136756],0,1
[-0.05429323  0.01551089],1,1
[-0.07761217 -0.00430431],0,1
[-0.07896447  0.00216418],1,1
[-0.07985088  0.01869647],0,1
[-0.07724134  0.01375978],1,1
[-0.07704874  0.01345681],0,1
[-0.07187617  0.00454363],1,1
[-0.07013911  0.01469371],0,1
[-0.06258868  0.00821547],1,1
[-0.0687002   0.00434426],0,1
[-0.08805032  0.00940933],1,1
[-0.08930634 -0.01056503],0,1
[-0.08301102  0.00435639],1,1
[-0.08082448 -0.00220206],0,1
[-0.10101251 -0.01151849],1,1
[-0.08361831 -0.00236411],0,1
[-0.08127342  0.00088383],1,1
[-0.07338275 -0.01108821],0,1
[-0.08542357  0.00479874],1,1
[-0.08131944  0.01414831],0,1
[-0.07467824  0.018613  ],1,1
[-0.07065756  0.00027592],0,1
[-0.07433993  0.0108064 ],1,1
[-0.08188702  0.02001859],0,1
[-0.08107154  0.00595755],1,1
[-0.0720813  -0.00020494],0,1
[-0.07308429  0.01377758],1,1
[-0.06880289  0.00514638],0,1
[-0.08522501  0.00982412],1,1
[-0.079221    0.00262301],0,1
[-0.07749347  0.00595235],1,1
[-0.09155285  0.00917309],0,1
[-0.08095089  0.00794794],1,1
[-0.07554337  0.00595096],0,1
[-0.07787056  0.01231707],1,1
[-0.07342036  0.01448554],0,1
[-0.07520524  0.01369208],1,1
[-0.07071191  0.0017455 ],0,1
[-0.0897841  -0.00162928],1,1
[-0.0772963  0.0147142],0,1
[-0.07468079 -0.00250292],1,1
[-0.0644237  -0.01374414],0,1
[-0.09615549 -0.00143874],1,1
[-0.09734133  0.00574813],0,1
[-0.08337538  0.01063588],1,1
[-0.07707269 -0.00295135],0,1
[-0.08051677  0.00612208],1,1
[-0.07965014  0.02218688],0,1
[-0.07838619  0.01320367],1,1
[-0.0791702   0.00835457],0,1
[-0.07768998  0.00604853],1,1
[-0.07574616  0.00380226],0,1
[-0.07491127  0.007176  ],1,1
[-0.07646823 -0.00025308],0,1
[-0.08042441  0.00247266],1,1
[-0.08778136 -0.00049341],0,1
[-0.08395731  0.00627026],1,1
[-0.0685205   0.01243152],0,1
[-0.07566874  0.01121651],1,1
[-0.07565635  0.01104631],0,1
[-0.08285105 -0.00052971],1,1
[-0.07241966 -0.01334292],0,1
[-0.08048862 -0.00056267],1,1
[-0.07647637  0.00140123],0,1
[-0.07255025 -0.00428152],1,1
[-0.06747916  0.01175682],0,1
[-0.06771     0.00635565],1,1
[-0.06581031  0.0144169 ],0,1
[-0.07572167 -0.00382417],1,1
[-0.07212436 -0.00132759],0,1
[-0.0676242  0.0025734],1,1
[-0.06540094 -0.00393432],0,1
[-0.06744809 -0.00042255],1,1
[-0.05361606 -0.01049455],0,1
[-0.08264065  0.00546847],1,1
[-7.1905136e-02 -5.8367848e-05],0,1
[-0.06719331  0.00041524],1,1
[-0.0716918  0.008536 ],0,1
[-0.07887278 -0.00058872],1,1
[-0.07659411  0.00307974],0,1
[-0.06758682 -0.00747852],1,1
[-0.07377575 -0.00191188],0,1
[-0.06862887  0.00082054],1,1
[-0.07394886 -0.00124956],0,1
[-0.06994016 -0.01497677],1,1
[-0.06475695 -0.00934   ],0,1
[-0.07772227 -0.00038452],1,1
[-0.08552153  0.00745393],0,1
[-0.08786066 -0.0076022 ],1,1
[-0.08502666 -0.00516276],0,1
[-0.08187558  0.01562212],1,1
[-0.07532958  0.00392363],0,1
[-0.07557522  0.00433698],1,1
[-0.07651111 -0.00107506],0,1
[-0.07409184  0.00909122],1,1
[-0.07459688  0.01639609],0,1
[-0.05950624 -0.00375491],1,1
[-0.06354448  0.01328751],0,1
[-0.0514522  -0.00051598],1,1
[-0.05227409 -0.0016238 ],0,1
[-0.08368658  0.01362102],1,1
[-0.08548622  0.00953768],0,1
[-0.07864742 -0.00078801],1,1
[-0.07050139  0.00357527],0,1
[-0.07068802 -0.0048572 ],1,1
[-0.07088365  0.00990533],0,1
[-0.07957025  0.00748669],1,1
[-0.07210945 -0.01109998],0,1
[-0.0812476  -0.00142714],1,1
[-0.07291178 -0.00814481],0,1
[-0.0769013   0.00418526],1,1
[-0.0799429   0.01221318],0,1
[-0.07496098  0.01277554],1,1
[-0.0761077   0.00903399],0,1
[-0.07921547 -0.00220715],1,1
[-0.07346646  0.01483973],0,1
[-0.06749651  0.00631215],1,1
[-0.07482152  0.00379658],0,1
[-0.07492018  0.00344539],1,1
[-0.07241979  0.00610149],0,1
[-0.08756414 -0.00470442],1,1
[-0.08621442  0.00452047],0,1
[-0.07795201  0.00465267],1,1
[-0.07445227  0.00971961],0,1
[-0.06719968  0.0018644 ],1,1
[-0.07333073  0.00231811],0,1
[-0.08777472  0.01718346],1,1
[-0.08409889  0.0059122 ],0,1
[-0.08913079  0.00690216],1,1
[-0.08346838 -0.00425038],0,1
[-0.08502337  0.00288931],1,1
[-0.08040827  0.00094175],0,1
[-0.0632638  -0.00169919],1,1
[-0.06770453  0.01560759],0,1
[-7.926774e-02  9.127706e-05],1,1
[-0.07766862 -0.01409473],0,1
[-0.07033382  0.00072095],1,1
[-0.07869418 -0.00034787],0,1
[-0.07633707 -0.00178992],1,1
[-0.07523694 -0.00282334],0,1
[-0.07830714 -0.00770655],1,1
[-0.07391574  0.00266542],0,1
[-0.07379022  0.00879064],1,1
[-0.08512932  0.01640098],0,1
[-0.08186494  0.00540984],1,1
[-0.06598369 -0.00890755],0,1
[-0.06983903  0.00604323],1,1
[-0.0690365   0.00379965],0,1
[-0.08027589  0.01090175],1,1
[-0.07256024  0.01519692],0,1
[-0.08438385  0.018141  ],1,1
[-0.07387916 -0.00026622],0,1
[-0.07722139 -0.0081536 ],1,1
[-0.08190145 -0.00421584],0,1
[-0.08989918  0.01665292],1,1
[-0.08546692  0.01008958],0,1
[-0.06710491  0.01356973],1,1
[-0.07139488  0.00253829],0,1
[-0.07788277  0.00019368],1,1
[-0.0896345   0.00411256],0,1
[-0.06735013  0.01139674],1,1
[-0.07590337  0.00691517],0,1
[-0.07122087  0.00493548],1,1
[-0.07590809  0.0117698 ],0,1
[-0.07601114  0.01157361],1,1
[-0.08644254  0.00630242],0,1
[-0.06876764  0.00987519],1,1
[-0.06678277  0.0061845 ],0,1
[-0.08617372  0.00576976],1,1
[-0.087685    0.01841125],0,1
[-0.08717173  0.01070925],1,1
[-0.07784985  0.00249376],0,1
[-0.08426432 -0.006568  ],1,1
[-0.08376497  0.00100198],0,1
[-0.08895215 -0.00760294],1,1
[-0.08797792 -0.00839371],0,1
[-0.07607552 -0.01195313],1,1
[-0.0705386  -0.00727735],0,1
[-0.06372686  0.00394348],1,1
[-0.07311778  0.01315223],0,1
[-0.06289257  0.01569301],1,1
[-0.07309756  0.00948423],0,1
[-0.07649773 -0.00250797],1,1
[-0.07770988 -0.00771831],0,1
[-0.07088214  0.01827352],1,1
[-0.07495143  0.01877367],0,1
[-0.07317533 -0.00535978],1,1
[-0.07817982 -0.00607397],0,1
[-0.08463161  0.01127719],1,1
[-0.06968394  0.00921293],0,1
[-0.08554941  0.02352117],1,1
[-0.09303559  0.01621297],0,1
[-0.06701714  0.00855212],1,1
[-0.07795408 -0.0058912 ],0,1
[-0.08550917 -0.01020251],1,1
[-0.08801189 -0.00971855],0,1
[-0.06883082  0.0124914 ],1,1
[-0.06282708 -0.00694527],0,1
[-0.06737951  0.00954729],1,1
[-0.06630778  0.0093831 ],0,1
[-0.08127072  0.00293674],1,1
[-0.07364832  0.00408982],0,1
[-0.08647993  0.00325122],1,1
[-0.09199283 -0.00824469],0,1
[-0.09208584  0.00521873],1,1
[-0.08546482  0.00039608],0,1
[-0.08395544  0.01472269],1,1
[-0.07523647  0.01068344],0,1
[-0.07867231  0.00084267],1,1
[-0.07717948  0.00084195],0,1
[-0.09125641  0.01292969],1,1
[-0.08093907  0.00856735],0,1
[-0.097317    0.00920845],1,1
[-0.09142832  0.0035454 ],0,1
[-0.08204778  0.00875177],1,1
[-8.131954e-02 -2.156943e-05],0,1
[-0.10136705 -0.00175598],1,1
[-0.09794542 -0.00580287],0,1
[-0.07116337  0.00381903],1,1
[-0.0673781   0.00457884],0,1
[-0.07358381  0.00816987],1,1
[-0.06886215  0.00527403],0,1
[-0.08222027  0.00372244],1,1
[-0.08751519  0.0006636 ],0,1
[-0.06425941  0.01349398],1,1
[-0.06421579  0.00251295],0,1
[-0.08043189 -0.01411657],1,1
[-0.06746031 -0.00018539],0,1
[-0.06880923  0.00599429],1,1
[-0.07337713  0.00216581],0,1
[-0.07862848  0.01133389],1,1
[-0.07353142  0.00606567],0,1
[-0.08828805 -0.00245453],1,1
[-0.08635821  0.00177079],0,1
[-0.07054169 -0.01455887],1,1
[-0.07786787 -0.00238395],0,1
[-0.07769041  0.00311499],1,1
[-0.07876969  0.0001464 ],0,1
[-0.07454889 -0.00955255],1,1
[-0.0651494   0.00361478],0,1
[-0.07183653 -0.00953706],1,1
[-0.08888066  0.01672937],0,1
[-0.07503579  0.00200317],1,1
[-0.07951027 -0.0209462 ],0,1
[-0.07743371  0.01848289],1,1
[-0.07836586  0.00853517],0,1
[-0.08044051  0.01230875],1,1
[-0.07688027  0.00608671],0,1
[-0.07556307 -0.01612492],1,1
[-0.0791294   0.00048854],0,1
[-0.08546397  0.00672734],1,1
[-0.08289294  0.01160531],0,1
[-0.07804404 -0.00099666],1,1
[-0.06858348 -0.00084291],0,1
[-0.07811475  0.00277638],1,1
[-0.08240476  0.00104345],0,1
[-0.07789518  0.01023804],1,1
[-0.06990246  0.00363392],0,1
[-0.07319508 -0.00280847],1,1
[-0.05858575 -0.01649838],0,1
[-0.07245909  0.00331625],1,1
[-0.07622195 -0.01100843],0,1
[-0.07626373 -0.00245576],1,1
[-0.08034159  0.02297436],0,1
[-0.08630227  0.00035062],1,1
[-0.0817485 -0.0018343],0,1
[-0.0892669   0.01700903],1,1
[-0.09075905  0.01121152],0,1
[-0.07945585 -0.00807967],1,1
[-0.07579415  0.00367544],0,1
[-0.07178934  0.0014631 ],1,1
[-0.06364164  0.0058497 ],0,1
[-0.08485101  0.01024233],1,1
[-0.07845384  0.00139243],0,1
[-0.07191392 -0.00041545],1,1
[-0.07484375 -0.00534423],0,1
[-0.07327673 -0.00271765],1,1
[-0.07402998 -0.0039396 ],0,1
[-0.07828818 -0.00496838],1,1
[-7.3579684e-02  2.1368265e-05],0,1
[-0.07914768 -0.00128987],1,1
[-0.07304357  0.00497802],0,1
[-0.07291687  0.00540057],1,1
[-0.0744658  -0.00548474],0,1
[-0.07244295  0.00825607],1,1
[-0.08012488  0.00934478],0,1
[-0.06225378 -0.0001655 ],1,1
[-0.06817384  0.00480866],0,1
[-0.06359714 -0.01059996],1,1
[-0.05694565  0.00027451],0,1
[-0.09141627  0.00033571],1,1
[-0.0816654  0.0091195],0,1
[-0.08815006  0.00478274],1,1
[-0.08456583  0.00456546],0,1
[-0.07794203  0.00607474],1,1
[-0.0765177   0.00569688],0,1
[-0.0806749   0.00169685],1,1
[-0.06629857  0.0178303 ],0,1
[-0.07801311  0.00810374],1,1
[-0.07263586  0.00253952],0,1
[-0.08032703 -0.00963329],1,1
[-0.09241743 -0.00660966],0,1
[-0.06834829  0.00406007],1,1
[-0.08378505  0.00245819],0,1
[-0.06944372  0.01568941],1,1
[-0.08647512  0.02481247],0,1
[-0.09892237 -0.00913648],1,1
[-0.06855364 -0.0042242 ],0,1
[-0.08428054  0.01578801],1,1
[-0.08101927  0.00539795],0,1
[-0.07989177  0.00509269],1,1
[-0.08521259  0.01120015],0,1
[-0.07416098 -0.00403414],1,1
[-0.07615604  0.00163557],0,1
[-0.08568187 -0.00325279],1,1
[-0.07946044  0.01136169],0,1
[-0.072892    0.00452779],1,1
[-0.08994124  0.00851597],0,1
[-0.08077756 -0.0004914 ],1,1
[-0.07580038  0.00168658],0,1
[-0.09450062 -0.00632074],1,1
[-0.09322901 -0.01099712],0,1
[-0.08716805 -0.00200438],1,1
[-0.07705764  0.00656962],0,1
[-0.0576075   0.00386319],1,1
[-0.06738861  0.01520084],0,1
[-0.07783173 -0.00628498],1,1
[-0.0865996   0.00384161],0,1
[-0.08274873  0.00127677],1,1
[-0.07055514 -0.00340809],0,1
[-0.08045748  0.01337909],1,1
[-0.06628323  0.00979918],0,1
[-0.07222164 -0.00078399],1,1
[-0.07486226  0.00157414],0,1
[-0.06933601  0.00825316],1,1
[-0.07827254  0.00715791],0,1
[-0.067781    0.00456568],1,1
[-0.07165474 -0.0067747 ],0,1
[-0.08197278  0.01780917],1,1
[-0.08048368  0.01423185],0,1
[-0.06524231  0.0009884 ],1,1
[-0.05443749  0.00255801],0,1
[-0.07603951  0.00956793],1,1
[-0.07308425  0.02496804],0,1
[-0.07587838 -0.00133482],1,1
[-0.0762421   0.00583465],0,1
[-0.07882963 -0.0018111 ],1,1
[-0.06490653 -0.00430382],0,1
[-0.08047583  0.00916595],1,1
[-0.06713286  0.00999892],0,1
[-0.08596171 -0.0080988 ],1,1
[-0.07446732 -0.0077861 ],0,1
[-0.0747972   0.01060555],1,1
[-0.06210771  0.00339211],0,1
[-0.08613314  0.00536473],1,1
[-0.08690204  0.00505367],0,1
[-0.08442618  0.01039157],1,1
[-0.06951061  0.00465399],0,1
[-0.07857677  0.00285846],1,1
[-0.08265996  0.00092849],0,1
[-0.07968439  0.02232575],1,1
[-0.08583158  0.0174352 ],0,1
[-0.08704534  0.00711976],1,1
[-0.09803808  0.00166907],0,1
[-0.07712033 -0.00160684],1,1
[-0.07012908  0.00453731],0,1
[-0.07852774  0.00734261],1,1
[-7.3299497e-02 -6.7118555e-05],0,1
[-0.0766843  -0.00406011],1,1
[-0.06682085  0.00375833],0,1
[-0.08341528 -0.00620627],1,1
[-0.07003321 -0.01048408],0,1
[-0.07894018  0.00085535],1,1
[-0.09518218 -0.00777538],0,1
[-0.0795027   0.01257988],1,1
[-0.06488766 -0.00113521],0,1
[-0.09221712  0.00776954],1,1
[-0.08034182  0.00486058],0,1
[-0.07263441 -0.0005895 ],1,1
[-0.06866151  0.01511762],0,1
[-0.0796352   0.01162097],1,1
[-0.06422375  0.00894252],0,1
[-0.07767469  0.01314121],1,1
[-0.07475623  0.00012546],0,1
[-0.0901085  -0.00307867],1,1
[-0.08708893  0.01582193],0,1
[-0.06673174 -0.00594547],1,1
[-0.08179026  0.00886474],0,1
[-0.07209627  0.01381485],1,1
[-0.07765952  0.01482911],0,1
[-0.08760573 -0.00426687],1,1
[-0.08578831 -0.01166928],0,1
[-0.08665334  0.01459448],1,1
[-0.0879732   0.01458078],0,1
[-0.04347086 -0.02462915],1,1
[-0.07623899  0.01902898],0,1
[-0.08080907  0.01758901],1,1
[-0.07526663  0.01380398],0,1
[-0.06699435  0.00276639],1,1
[-0.07170689  0.01526281],0,1
[-0.08215387 -0.01022483],1,1
[-0.07642618 -0.00135441],0,1
[-0.08373345  0.01461773],1,1
[-0.08936669 -0.00417751],0,1
[-0.07571524  0.00042317],1,1
[-0.08031875  0.00510503],0,1
[-0.06451452 -0.00687458],1,1
[-0.06946234  0.0030074 ],0,1
[-0.08750516 -0.00881507],1,1
[-0.08421676 -0.00629576],0,1
[-0.06214381  0.00383557],1,1
[-0.06853521  0.01078343],0,1
[-0.08396693 -0.00325537],1,1
[-0.08643748 -0.00205012],0,1
[-0.07245575  0.00759376],1,1
[-0.08112508  0.01487897],0,1
[-0.08070907 -0.00018892],1,1
[-0.07117386  0.00927945],0,1
[-0.06862238  0.02137119],1,1
[-0.07581691  0.01703884],0,1
[-0.09041761 -0.01582678],1,1
[-0.08579549 -0.00651434],0,1
[-0.0817266  -0.00423415],1,1
[-0.08147456 -0.00058579],0,1
[-0.06577591  0.00984684],1,1
[-0.07493517  0.01505794],0,1
[-0.08307884  0.0157401 ],1,1
[-0.0748502  0.0122151],0,1
[-0.07611628  0.01906182],1,1
[-0.06502585 -0.00446401],0,1
[-0.07914814 -0.00300583],1,1
[-0.06617261 -0.00933255],0,1
[-0.08489974 -0.00573536],1,1
[-0.0732557   0.00991149],0,1
[-0.07822441  0.01612964],1,1
[-0.07599667  0.00616798],0,1
[-0.08629111 -0.01037195],1,1
[-0.05960329  0.00632456],0,1
[-0.06488593  0.00209638],1,1
[-0.06862254 -0.00576817],0,1
[-0.08707024  0.0127951 ],1,1
[-0.07694934 -0.00021727],0,1
[-0.08520044 -0.00200253],1,1
[-0.08353928  0.01031981],0,1
[-0.08036338  0.00958191],1,1
[-0.07086775  0.0104919 ],0,1
[-0.06832744 -0.00461598],1,1
[-0.08302574  0.00213666],0,1
[-0.08509687 -0.01653301],1,1
[-0.08157622  0.01119038],0,1
[-0.07548216  0.00880058],1,1
[-0.06776883  0.00743134],0,1
[-0.06298804  0.00107198],1,1
[-0.07384503 -0.00370689],0,1
[-0.07534108 -0.00600933],1,1
[-0.08003248  0.00761054],0,1
[-0.08136394 -0.00287597],1,1
[-0.07398127 -0.00477943],0,1
[-0.08115233  0.00707768],1,1
[-0.07720015  0.01240737],0,1
[-0.07281153  0.00339035],1,1
[-0.08565675 -0.0002862 ],0,1
[-0.07392699 -0.0050336 ],1,1
[-0.07807957 -0.00187953],0,1
[-0.07586601  0.00625128],1,1
[-0.07562046  0.00492617],0,1
[-0.06942781  0.01733963],1,1
[-0.08122933  0.00956802],0,1
[-0.08655798  0.00192663],1,1
[-0.08377166  0.02060643],0,1
[-0.07525541  0.00365548],1,1
[-0.08004174  0.0113025 ],0,1
[-0.07311177  0.01259588],1,1
[-0.06336945  0.01315507],0,1
[-0.07677403 -0.0105493 ],1,1
[-0.08495383 -0.00634807],0,1
[-0.08119473  0.00845356],1,1
[-0.08054566  0.00107989],0,1
[-0.06763428  0.01254782],1,1
[-0.08038458  0.00612025],0,1
[-0.08723027  0.01331722],1,1
[-0.07230601  0.00476108],0,1
[-0.07457916  0.00665214],1,1
[-0.08130284  0.00223728],0,1
[-7.195829e-02  2.399087e-05],1,1
[-0.07634097 -0.0114226 ],0,1
[-0.07851413  0.01897719],1,1
[-0.07352018  0.00438289],0,1
[-0.07420225  0.00736447],1,1
[-0.07066732  0.0046069 ],0,1
[-0.08221895  0.00481179],1,1
[-0.0863547  0.0132862],0,1
[-0.08444197  0.00838354],1,1
[-0.07833518 -0.00129922],0,1
[-0.08360723 -0.0055483 ],1,1
[-0.07298422  0.00172541],0,1
[-0.06254546 -0.01429406],1,1
[-0.06152182  0.00201728],0,1
[-0.07567048  0.00532088],1,1
[-0.07605568  0.00515884],0,1
[-0.07920313  0.00721925],1,1
[-0.06881169  0.00712804],0,1
[-0.08107634 -0.00395456],1,1
[-0.0757644   0.00331952],0,1
[-0.06375179 -0.00565808],1,1
[-0.06840892 -0.00424089],0,1
[-0.07672533 -0.00259273],1,1
[-0.07453278  0.00082452],0,1
[-0.06080312  0.00947439],1,1
[-0.06182807  0.01383223],0,1
[-0.0922922   0.00115498],1,1
[-0.08052659 -0.00923684],0,1
[-0.07761043 -0.0130557 ],1,1
[-0.08433932 -0.01231189],0,1
[-0.07720259  0.00852356],1,1
[-0.06696434 -0.00109186],0,1
[-0.0843868  -0.01027071],1,1
[-0.08178155 -0.01162763],0,1
[-0.08234988  0.00844839],1,1
[-0.08075324  0.0142047 ],0,1
[-0.08133528 -0.00073136],1,1
[-0.07929854  0.01596225],0,1
[-0.08158933 -0.00301974],1,1
[-0.07874121 -0.00222535],0,1
[-0.07980478 -0.01590385],1,1
[-0.08105731 -0.01128665],0,1
[-0.07601276 -0.00730958],1,1
[-0.0675215   0.00528287],0,1
[-0.09197761 -0.00383744],1,1
[-0.07571186  0.00594369],0,1
[-0.07114404  0.00052714],1,1
[-0.07804854 -0.00185775],0,1
[-0.08676338 -0.02112518],1,1
[-0.07348315 -0.00894294],0,1
[-0.07988057  0.0148032 ],1,1
[-0.07192078  0.00098036],0,1
[-0.08635492 -0.00135716],1,1
[-0.08372439 -0.01860804],0,1
[-0.09334193  0.01076194],1,1
[-0.08322836  0.0181589 ],0,1
[-0.06937145  0.00325952],1,1
[-0.06737323  0.00191142],0,1
[-0.08723332  0.00940696],1,1
[-0.08047387  0.01632901],0,1
[-0.07174875  0.00454285],1,1
[-0.06884563  0.00179176],0,1
[-0.08102013 -0.00381283],1,1
[-0.08455577  0.00997719],0,1
[-0.07187361 -0.00680465],1,1
[-0.07489693  0.00859257],0,1
[-0.08465791 -0.01135063],1,1
[-0.07571186 -0.01375213],0,1
[-0.07081288  0.00815941],1,1
[-0.06703404  0.00648077],0,1
[-0.07753707  0.00047606],1,1
[-0.07546082 -0.00169664],0,1
[-0.08576509 -0.00108187],1,1
[-0.07985888  0.0091019 ],0,1
