preds,labels,pred_labels
[-1.3222533  1.3870339],1,1
[-1.3398316  1.3962932],0,1
[-1.5488249  1.6465045],1,1
[ 4.716673  -5.0563836],0,0
[-1.505828   1.5724218],1,1
[-1.2769762  1.3493445],0,1
[-1.4853611  1.5769503],1,1
[ 2.3372288 -2.35468  ],0,0
[-1.436698   1.4994688],1,1
[-1.5194309  1.5807182],0,1
[-1.4533914  1.5426602],1,1
[ 3.8017201 -4.2187214],0,0
[-1.4667444  1.5291331],1,1
[ 4.731743 -5.105749],0,0
[-1.583775  1.673209],1,1
[ 4.4413137 -4.722299 ],0,0
[-1.5139706  1.6268632],1,1
[ 4.9756036 -5.275466 ],0,0
[-1.5264653  1.6171527],1,1
[ 3.7298493 -3.8946962],0,0
[-1.5461392  1.6060467],1,1
[ 2.4461567 -2.6500928],0,0
[-1.5201653  1.5995898],1,1
[ 4.825001 -5.101184],0,0
[-1.4528875  1.5450479],1,1
[ 4.588314  -4.8922644],0,0
[-1.6237833  1.7097611],1,1
[ 4.0622354 -4.174774 ],0,0
[-1.3924308  1.4377036],1,1
[ 4.6658483 -4.9767084],0,0
[-1.1628002  1.2453697],1,1
[ 4.252344 -4.400303],0,0
[-1.4821317  1.5710089],1,1
[ 4.5329742 -4.9139924],0,0
[-1.5878873  1.6985174],1,1
[ 2.83084   -3.0878267],0,0
[-1.4623599  1.5439587],1,1
[ 3.7563605 -3.8340616],0,0
[-1.4884434  1.5688357],1,1
[ 1.4315742 -1.5509961],0,0
[-1.4832767  1.5572866],1,1
[ 4.9054227 -5.3144493],0,0
[-1.6386907  1.6970296],1,1
[ 3.9954169 -4.4142156],0,0
[-1.5971446  1.71083  ],1,1
[ 4.810758  -5.1589146],0,0
[-1.4376422  1.4731793],1,1
[ 4.855406  -5.0808287],0,0
[-1.5604912  1.6522245],1,1
[ 4.7723513 -4.940013 ],0,0
[ 0.2874775  -0.26955554],1,0
[ 4.7926884 -4.9499464],0,0
[-1.5587915  1.6282885],1,1
[-1.5141885  1.5842547],0,1
[-1.604831   1.6784222],1,1
[ 4.630071 -4.902999],0,0
[-1.4912714  1.5450035],1,1
[ 4.5768433 -4.7882566],0,0
[-0.70525134  0.76255715],1,1
[ 4.6538973 -4.9051285],0,0
[-1.3577304  1.3989811],1,1
[ 4.505374  -4.9388266],0,0
[-1.5702039  1.6562235],1,1
[ 4.4810214 -4.715625 ],0,0
[-1.4793637  1.5212066],1,1
[ 4.709312 -4.901962],0,0
[-1.6124871  1.7061732],1,1
[ 4.176865  -4.4166203],0,0
[-1.4552995  1.5070868],1,1
[ 2.0623019 -2.1949954],0,0
[-1.4494939  1.5260798],1,1
[ 4.545339 -4.886196],0,0
[-1.4730806  1.5359457],1,1
[ 4.760028 -5.120556],0,0
[-1.4273198  1.5056986],1,1
[ 4.820628  -5.1182394],0,0
[-1.58869    1.6975139],1,1
[ 4.570238  -4.7460823],0,0
[-1.6377048  1.713004 ],1,1
[ 4.7373333 -5.0436172],0,0
[-0.8042203   0.88804996],1,1
[ 1.4274745 -1.5192583],0,0
[-1.4566519  1.5278299],1,1
[ 4.631257 -4.887443],0,0
[-1.5811108  1.6576238],1,1
[ 1.7641343 -1.8451742],0,0
[-1.5654298  1.6427617],1,1
[ 4.818802 -4.936636],0,0
[-1.5841181  1.6620681],1,1
[ 3.97284 -4.30133],0,0
[-1.5848262  1.6524175],1,1
[ 0.11606759 -0.05767762],0,0
[-1.325341   1.3807098],1,1
[ 4.4980307 -4.7656136],0,0
[-1.4398375  1.5068676],1,1
[-1.3303258  1.4228776],0,1
[-1.897198   1.9646096],1,1
[ 4.369833 -4.784293],0,0
[-1.5769479  1.6781627],1,1
[-0.0210833   0.03106666],0,1
[-1.6031163  1.6799948],1,1
[ 2.0312202 -2.1431103],0,0
[-1.6352642  1.731724 ],1,1
[ 3.1448727 -3.3039875],0,0
[-1.4814332  1.5693283],1,1
[-1.3894396  1.4435438],0,1
[-1.4621859  1.5222708],1,1
[ 4.791095  -5.0630565],0,0
[-1.4115729  1.5018015],1,1
[ 4.1770906 -4.327434 ],0,0
[-1.5185018  1.5980256],1,1
[ 3.7387228 -3.9591503],0,0
[-1.3722095  1.449382 ],1,1
[ 4.871582 -5.150705],0,0
[-1.5802325  1.6927371],1,1
[-1.6410894  1.7206362],0,1
[-1.6243199  1.7231104],1,1
[-0.38544294  0.3577016 ],0,1
[-1.3777881  1.4274092],1,1
[ 2.9623578 -2.9984293],0,0
[-1.501325   1.5532401],1,1
[ 0.89661217 -1.0030553 ],0,0
[-1.7765962  1.8625623],1,1
[ 3.6692047 -4.133738 ],0,0
[-1.5845008  1.6716585],1,1
[ 2.429931  -2.5815015],0,0
[-1.5843717  1.637634 ],1,1
[-1.7146643  1.775024 ],0,1
[-1.6021154  1.6704059],1,1
[ 4.8143406 -4.939268 ],0,0
[-1.4629594  1.5212052],1,1
[ 4.696316 -5.043969],0,0
[-1.5294483  1.6175191],1,1
[ 4.524308 -4.691395],0,0
[ 2.3487875 -2.394848 ],1,0
[ 4.4918776 -4.7322145],0,0
[-1.6152611  1.6990705],1,1
[ 4.432885 -4.731477],0,0
[-1.4363997  1.5228984],1,1
[ 4.7743664 -5.163188 ],0,0
[-1.5734184  1.6190166],1,1
[ 4.415053  -4.8268747],0,0
[-1.5481626  1.6205666],1,1
[ 4.451597  -4.9322724],0,0
[-1.5838343  1.7121537],1,1
[ 4.7417154 -4.9240565],0,0
[-1.4691339  1.5245528],1,1
[ 4.653841 -4.854582],0,0
[ 0.86715853 -0.84608495],1,0
[ 4.700337  -5.0339565],0,0
[-1.6329738  1.7318856],1,1
[ 3.9617538 -4.4049444],0,0
[-1.9264716  2.0448742],1,1
[-0.00688929  0.00467029],0,1
[-1.6018326  1.6832845],1,1
[ 0.50687927 -0.4915958 ],0,0
[-1.6806648  1.7620689],1,1
[ 4.948585  -5.1751347],0,0
[-1.6151142  1.7016468],1,1
[ 4.827009 -5.142441],0,0
[-1.6369116  1.7357459],1,1
[-1.5013052  1.5786047],0,1
[-1.534832   1.6140809],1,1
[ 4.4139385 -4.776839 ],0,0
[-1.4839263  1.5845448],1,1
[-0.14096917  0.13644268],0,1
[-1.6124699  1.7250183],1,1
[ 4.656696 -5.000422],0,0
[-1.5841985  1.6723304],1,1
[ 4.777191  -5.1895146],0,0
[-1.6077296  1.6628323],1,1
[-1.5177885  1.5554376],0,1
[-1.4391565  1.492688 ],1,1
[-1.4072874  1.4693525],0,1
[-1.5250285  1.5853887],1,1
[ 3.1151114 -3.4663796],0,0
[-1.5223687  1.5920141],1,1
[-1.1817198  1.2158947],0,1
[-1.6002266  1.6830778],1,1
[ 4.7994785 -5.1870646],0,0
[-1.5051955  1.5903234],1,1
[ 4.3232255 -4.6056685],0,0
[-1.1344749  1.1595782],1,1
[ 2.994531  -3.0858386],0,0
[-1.5268391  1.6007985],1,1
[ 4.6390343 -4.9722033],0,0
[-1.6141984  1.6874024],1,1
[ 3.8710022 -4.0351977],0,0
[-1.1523454  1.1952848],1,1
[ 4.243702 -4.494868],0,0
[-1.460496   1.5558821],1,1
[ 4.3539066 -4.7902956],0,0
[ 0.32920074 -0.39301777],1,0
[ 4.2572556 -4.5752425],0,0
[-1.4716578  1.5691718],1,1
[ 4.783104  -4.9512043],0,0
[-1.4344299  1.4992251],1,1
[ 4.9104652 -5.2412233],0,0
[-1.3401542  1.3881863],1,1
[ 0.224188   -0.22710946],0,0
[-1.135503   1.1680572],1,1
[ 1.6112251 -1.6572123],0,0
[-1.4697454  1.5301219],1,1
[ 2.8827493 -3.013675 ],0,0
[-1.4899459  1.5722053],1,1
[ 4.7402573 -4.931964 ],0,0
[-1.5359995  1.640278 ],1,1
[ 4.7570105 -5.1290855],0,0
[-1.5901458  1.6683563],1,1
[ 4.3414125 -4.663226 ],0,0
[-1.4634464  1.5251586],1,1
[ 4.6997957 -5.090304 ],0,0
[-1.6293771  1.7362568],1,1
[ 1.9015702 -1.9867219],0,0
[-1.734976   1.8362675],1,1
[ 4.691374 -4.838727],0,0
[-1.5670339  1.6555948],1,1
[-0.31721455  0.38850024],0,1
[-1.5441691  1.6247385],1,1
[ 4.6647167 -5.015502 ],0,0
[-1.5567067  1.6148212],1,1
[ 1.8906825 -2.1712048],0,0
[-1.5149925  1.5867376],1,1
[ 4.0883055 -4.211543 ],0,0
[-1.3999928  1.4934897],1,1
[ 4.831889 -5.255334],0,0
[-2.0172317  2.1602268],1,1
[ 0.45379138 -0.55138576],0,0
[-1.5790553  1.6648904],1,1
[ 4.7339916 -5.0444546],0,0
[ 0.25632948 -0.26746878],1,0
[-1.6442988  1.7071702],0,1
[-1.18598    1.2657213],1,1
[ 4.7817545 -5.1233673],0,0
[-1.618711   1.6922855],1,1
[ 3.9687502 -4.178854 ],0,0
[-1.6156293  1.705919 ],1,1
[ 4.2166615 -4.4799795],0,0
[-1.5993191  1.680289 ],1,1
[ 4.874201 -5.152857],0,0
[-1.5012841  1.5836083],1,1
[ 4.8007336 -5.0779457],0,0
[-1.4614697  1.5522776],1,1
[ 4.419672 -4.848127],0,0
[-1.5470798  1.5985384],1,1
[ 3.6046672 -3.7701426],0,0
[-1.585102   1.6566037],1,1
[ 4.162289  -4.3127604],0,0
[-1.5100353  1.5696652],1,1
[ 0.49065185 -0.58614343],0,0
[-1.6062884  1.6718026],1,1
[ 4.687401 -4.976317],0,0
[-1.4052684  1.4718806],1,1
[ 3.662863  -3.8288062],0,0
[-1.5717604  1.634711 ],1,1
[ 1.7120752 -1.7922363],0,0
[-1.4845853  1.5719107],1,1
[ 4.63592  -4.982551],0,0
[-1.7007525  1.7613337],1,1
[ 4.678625  -4.9941506],0,0
[-0.49564835  0.5216065 ],1,1
[ 3.1787174 -3.3532312],0,0
[-1.4290457  1.515035 ],1,1
[ 2.1892967 -2.3314142],0,0
[-1.440395   1.5301456],1,1
[ 4.72699   -4.9401755],0,0
[-0.65942985  0.69661665],1,1
[ 0.01188465 -0.00565842],0,0
[ 0.17407271 -0.12062213],1,0
[ 4.347276 -4.658475],0,0
[-1.6227393  1.7243084],1,1
[-1.1968751  1.2818791],0,1
[-1.5225346  1.6292552],1,1
[ 4.8410234 -5.2209806],0,0
[-1.8815644  2.0214229],1,1
[ 4.740915 -5.088748],0,0
[-1.5140111  1.6044112],1,1
[ 4.8244047 -5.226199 ],0,0
[-1.5626667  1.6456625],1,1
[ 4.1728134 -4.373874 ],0,0
[-0.32426342  0.34569454],1,1
[ 3.9665813 -4.069606 ],0,0
[-1.6951844  1.7828431],1,1
[ 4.71313  -5.053794],0,0
[-1.537384  1.596437],1,1
[ 4.760795 -5.102275],0,0
[-1.477684   1.5497487],1,1
[ 4.772846  -5.0302615],0,0
[-1.2124188  1.2918111],1,1
[ 4.8637896 -5.17877  ],0,0
[-1.331106   1.3724498],1,1
[ 1.5673947 -1.6285913],0,0
[-1.53946    1.6331096],1,1
[ 4.7912636 -5.160945 ],0,0
[-1.6629769  1.7549536],1,1
[ 4.730609  -5.0157547],0,0
[-1.3966672  1.4544805],1,1
[ 4.840148 -5.051713],0,0
[-1.5572116  1.6686223],1,1
[ 2.6127508 -2.7124894],0,0
[-1.4462509  1.5281792],1,1
[ 4.9382725 -5.2913084],0,0
[-1.572306   1.6614057],1,1
[ 4.2323008 -4.5234585],0,0
[-1.519336   1.5799854],1,1
[ 4.583084  -4.8157005],0,0
[-1.6294637  1.7312864],1,1
[ 4.42457   -4.6409826],0,0
[-1.564905   1.6656595],1,1
[ 4.338892  -4.6548963],0,0
[-1.529558  1.581095],1,1
[ 3.946272 -4.348002],0,0
[-1.6104829  1.7103741],1,1
[ 4.824459 -5.119602],0,0
[-1.5913101  1.6740547],1,1
[ 4.690778  -5.1089377],0,0
[-1.4705577  1.5400133],1,1
[ 4.8339033 -5.181008 ],0,0
[-1.5934584  1.6531739],1,1
[ 3.3128803 -3.539638 ],0,0
[-1.5386773  1.6539654],1,1
[ 4.6238723 -5.042714 ],0,0
[-1.3298107  1.4163477],1,1
[-1.486616   1.5743606],0,1
[-1.5792937  1.6787717],1,1
[ 1.8537627 -2.1221068],0,0
[-1.4969065  1.5679746],1,1
[ 1.2212191 -1.3133148],0,0
[-1.4148172  1.4665555],1,1
[ 4.361965  -4.6924176],0,0
[-1.5960505  1.7021891],1,1
[ 4.8385305 -5.1741757],0,0
[-1.5411367  1.5880517],1,1
[ 4.7481318 -4.9761553],0,0
[-1.5789857  1.6731068],1,1
[ 4.199481 -4.378712],0,0
[-1.5518782  1.6347728],1,1
[ 4.7058372 -5.089392 ],0,0
[-0.46849394  0.5006084 ],1,1
[ 4.7099485 -5.0071297],0,0
[-1.5127707  1.6074526],1,1
[ 4.101115  -4.4890747],0,0
[-1.6543559  1.7139847],1,1
[-1.414708   1.5412052],0,1
[-1.5938206  1.6595616],1,1
[-0.29057303  0.32420006],0,1
[-1.5706786  1.6669827],1,1
[ 4.3744226 -4.7516894],0,0
[-1.3953415  1.4534585],1,1
[ 2.3163052 -2.4445949],0,0
[-1.3913965  1.4654768],1,1
[ 4.6998615 -5.107354 ],0,0
[-1.6714069  1.770329 ],1,1
[ 2.2469306 -2.2974772],0,0
[-1.5173835  1.5903881],1,1
[ 1.107172  -1.1765842],0,0
[-1.6116667  1.6868112],1,1
[ 4.293748  -4.6656117],0,0
[ 1.9794576 -2.0455186],1,0
[ 4.518333 -4.808475],0,0
[-1.5630672  1.6777239],1,1
[-1.6281716  1.6984475],0,1
[-1.6645118  1.7445965],1,1
[ 4.183962 -4.41738 ],0,0
[-1.5826306  1.6678711],1,1
[ 2.100175  -2.1440701],0,0
[-1.539052   1.6614184],1,1
[ 3.994014 -4.231346],0,0
[-1.439428   1.5047263],1,1
[ 4.3444705 -4.705206 ],0,0
[-1.2141523  1.2722446],1,1
[ 4.7801523 -5.0403886],0,0
[-1.5104164  1.5713253],1,1
[ 2.6644664 -2.7637887],0,0
[-1.5826     1.6836367],1,1
[ 2.7339206 -2.900095 ],0,0
[ 0.02319986 -0.07320049],1,0
[ 3.1976464 -3.4269395],0,0
[-1.515803   1.6194965],1,1
[ 1.0938944 -1.1612628],0,0
[-1.5599284  1.6633979],1,1
[ 1.8895311 -2.0343666],0,0
[-1.568135   1.6674691],1,1
[ 4.7602587 -4.900097 ],0,0
[-1.4456701  1.5371432],1,1
[ 4.729382  -4.9961486],0,0
[-0.79585314  0.88685685],1,1
[ 4.1067886 -4.2213936],0,0
[-1.4435059  1.5349469],1,1
[ 4.8396482 -5.156396 ],0,0
[-1.5299981  1.6185744],1,1
[-1.5156025  1.570642 ],0,1
[-1.5657934  1.6543057],1,1
[-1.5847907  1.6538589],0,1
[-0.40012103  0.44353598],1,1
[ 4.345045  -4.4949226],0,0
[-1.6137037  1.7118828],1,1
[ 4.6372914 -4.7990465],0,0
[-1.5018669  1.5834291],1,1
[ 4.0654144 -4.195524 ],0,0
[-1.5153146  1.5590887],1,1
[ 4.6961865 -5.0361557],0,0
[-1.3662708  1.5437417],1,1
[ 3.2112465 -3.4391294],0,0
[-1.0053443  1.0486858],1,1
[ 0.11944529 -0.15960917],0,0
[-1.4772618  1.56003  ],1,1
[ 2.2653892 -2.3903644],0,0
[-1.5024107  1.5890731],1,1
[ 4.917264 -5.089081],0,0
[-1.2065322  1.2546098],1,1
[-1.1090168  1.1546698],0,1
[-1.618777   1.7328374],1,1
[ 4.3636365 -4.625677 ],0,0
[-1.4999995  1.5767894],1,1
[ 4.2118397 -4.596514 ],0,0
[-1.6586037  1.7167368],1,1
[ 3.61014  -3.703504],0,0
[-1.1398131  1.2493634],1,1
[ 3.1190982 -3.2617483],0,0
[-1.5004084  1.5732853],1,1
[ 4.927786  -5.1493444],0,0
[-1.4510409  1.5255601],1,1
[ 4.6430235 -4.9381595],0,0
[-1.5699832  1.6602237],1,1
[ 4.710844 -5.019939],0,0
[ 0.09602312 -0.08453687],1,0
[ 4.891752  -5.2612095],0,0
[-1.6070641  1.6547564],1,1
[ 4.651657  -4.8516097],0,0
[-1.6535689  1.7411523],1,1
[ 4.7487173 -5.177156 ],0,0
[-1.6970465  1.790956 ],1,1
[ 4.7846065 -4.9613485],0,0
[-1.5439562  1.6184552],1,1
[ 3.9174156 -4.1325693],0,0
[-1.5431442  1.6319798],1,1
[ 4.456998  -4.7515388],0,0
[-1.4115176  1.4803729],1,1
[ 4.7299767 -5.049297 ],0,0
[-1.4717492  1.5612389],1,1
[ 4.815563  -5.1626835],0,0
[-1.4546053  1.5334382],1,1
[-0.70141506  0.7350087 ],0,1
[-1.8707657  2.0057983],1,1
[ 4.533102  -4.9203434],0,0
[-1.402787   1.4427662],1,1
[ 4.806916  -5.0812087],0,0
[-1.5283691  1.6012833],1,1
[ 4.982955  -5.2677984],0,0
[-1.3839087  1.4782367],1,1
[ 4.6680536 -4.96138  ],0,0
[-1.5219941  1.5943489],1,1
[ 4.509048 -4.675818],0,0
[-1.6050514  1.7149557],1,1
[ 4.8942294 -5.2074623],0,0
[-1.7010794  1.793463 ],1,1
[ 4.901683  -5.1923523],0,0
[-1.6240866  1.6910558],1,1
[ 4.782854  -5.1106153],0,0
[-1.6254811  1.7193546],1,1
[ 4.8743715 -5.2517624],0,0
[-1.6116517  1.6798476],1,1
[ 4.6476197 -4.8108716],0,0
[-1.5516359  1.6468073],1,1
[ 4.5893207 -4.9622912],0,0
[-1.4815569  1.4992304],1,1
[ 2.1213956 -2.174847 ],0,0
[-1.5680954  1.6488225],1,1
[ 4.6441317 -5.038971 ],0,0
[-1.6319147  1.7283499],1,1
[-1.4079591  1.4964937],0,1
[-0.9986383  1.0678711],1,1
[ 4.7449293 -5.0939546],0,0
[-1.4968774  1.5733042],1,1
[ 2.7871232 -3.0998435],0,0
[-1.4667597  1.5316304],1,1
[ 4.633506  -4.9562063],0,0
[-1.5533202  1.6490134],1,1
[-0.83645463  0.84594214],0,1
[ 0.62804484 -0.6209923 ],1,0
[ 4.315166  -4.4322877],0,0
[-0.5597336  0.6707747],1,1
[ 4.3780127 -4.6461496],0,0
[-0.33626336  0.3653322 ],1,1
[-0.22750732  0.2614412 ],0,1
[-1.4244871  1.5179493],1,1
[ 2.783701 -3.06383 ],0,0
[-1.4937587  1.5935214],1,1
[ 4.53765   -4.8102293],0,0
[-1.5881827  1.6849499],1,1
[ 4.563914  -4.8180413],0,0
[-1.5552227  1.6474566],1,1
[-1.4993125  1.5759797],0,1
[-1.4915574  1.5577543],1,1
[ 4.7431993 -5.2010527],0,0
[ 1.9719907 -2.127272 ],1,0
[ 4.4260798 -4.654573 ],0,0
[-1.6854815  1.7646778],1,1
[ 2.4736557 -2.708855 ],0,0
[-1.537116   1.6381855],1,1
[ 1.2020093 -1.3119622],0,0
[-1.4099377  1.4663765],1,1
[ 4.5308642 -4.799201 ],0,0
[-1.4270332  1.5054702],1,1
[ 4.139609  -4.2699537],0,0
[-1.5120363  1.5947256],1,1
[ 2.7309115 -2.8755038],0,0
[-1.4333004  1.4898915],1,1
[ 0.25188875 -0.30959064],0,0
[-1.6589932  1.7512214],1,1
[ 0.40197268 -0.45878744],0,0
[-0.84879434  0.84796387],1,1
[ 4.5653324 -4.9980545],0,0
[ 0.45882922 -0.4776442 ],1,0
[ 2.3722148 -2.4431858],0,0
[-1.5704437  1.6395221],1,1
[ 4.71394   -4.8929877],0,0
[-1.5443201  1.634206 ],1,1
[ 3.980915  -4.1880064],0,0
[-1.5746723  1.6722766],1,1
[ 4.658957 -4.974266],0,0
[-1.4418759  1.5218264],1,1
[-1.5369751  1.6195351],0,1
[-1.4609551  1.5389743],1,1
[ 3.559048  -3.7998095],0,0
[-1.6659598  1.7800887],1,1
[ 4.3269987 -4.549612 ],0,0
[-1.5593753  1.6298183],1,1
[ 4.6909184 -4.899858 ],0,0
[-1.5279669  1.6016285],1,1
[ 4.6048627 -5.0033207],0,0
[-1.4411275  1.5010866],1,1
[ 3.887055  -4.0619044],0,0
[-1.3147451  1.4008002],1,1
[ 4.2756233 -4.628832 ],0,0
[-1.963501   2.0730648],1,1
[ 4.903121  -5.1155977],0,0
[-1.32802    1.4087107],1,1
[ 1.5561397 -1.5907065],0,0
[-1.2999955  1.3474476],1,1
[ 2.5524292 -2.7373605],0,0
[-1.3644092  1.4375464],1,1
[ 4.762051 -5.111058],0,0
[-1.4890964  1.5805472],1,1
[ 4.7001586 -4.951951 ],0,0
[-0.6901889  0.7774213],1,1
[ 4.8416843 -5.049751 ],0,0
[-1.4897089  1.6058221],1,1
[-1.5552945  1.6588342],0,1
[-1.6574728  1.7598381],1,1
[ 0.30417097 -0.3328755 ],0,0
[-1.4328487  1.5499815],1,1
[-1.5239353  1.5926447],0,1
[-1.449491   1.5283258],1,1
[ 4.5914903 -4.8289366],0,0
[-1.6160254  1.6976687],1,1
[ 3.9036474 -4.349237 ],0,0
[-1.5512447  1.6472211],1,1
[ 4.563096 -4.871197],0,0
[-1.6266041  1.6841598],1,1
[ 4.836543 -5.180358],0,0
[-1.5347295  1.6076163],1,1
[ 4.123705 -4.27312 ],0,0
[-1.4687018  1.5316126],1,1
[ 4.7901554 -5.005562 ],0,0
[-1.6151028  1.7080315],1,1
[ 1.6770824 -1.7289414],0,0
[-1.4344628  1.5003725],1,1
[ 4.8777266 -5.1221905],0,0
[-1.5778266  1.6722064],1,1
[-0.4856702   0.53129345],0,1
[-1.6110985  1.6933943],1,1
[-1.0696286  1.137685 ],0,1
[-1.5748162  1.6386464],1,1
[-0.7846763   0.79537284],0,1
[-1.3792689  1.4848758],1,1
[ 4.1822643 -4.48031  ],0,0
[-1.8119559  1.9099798],1,1
[ 4.7610655 -5.0339293],0,0
[-1.4551096  1.5430771],1,1
[ 4.8685074 -5.087511 ],0,0
[-1.4446805  1.4995487],1,1
[ 4.650299 -4.996502],0,0
[-1.5454421  1.626972 ],1,1
[ 3.6959705 -3.9840913],0,0
[-1.5627136  1.6570861],1,1
[ 4.828488  -5.0012493],0,0
[-1.5231397  1.6062881],1,1
[ 4.324384  -4.4690313],0,0
[-1.4508431  1.5064538],1,1
[ 3.1406388 -3.2310271],0,0
[-1.4051728  1.4936037],1,1
[ 4.029108  -4.1504064],0,0
[-1.6565268  1.7378694],1,1
[-1.1684989  1.2453141],0,1
[-1.429256   1.5449998],1,1
[-1.6665897  1.7611581],0,1
[-1.4411256  1.5511062],1,1
[ 4.7724075 -5.1494164],0,0
[-1.5678785  1.6882646],1,1
[ 1.7133104 -1.7965176],0,0
[-1.582572   1.6769544],1,1
[ 4.5277553 -4.737231 ],0,0
[-1.1945574  1.2455503],1,1
[ 2.7915869 -2.9803274],0,0
[-1.6172905  1.682018 ],1,1
[-1.3876286  1.4382687],0,1
[-1.5565915  1.6454177],1,1
[-1.2965254  1.3618441],0,1
[-1.5827503  1.6715558],1,1
[ 3.913092  -4.3765497],0,0
[-1.5164528  1.6171043],1,1
[ 4.1603394 -4.438444 ],0,0
[-1.523164   1.5848308],1,1
[-0.86911    0.8905746],0,1
[-1.5010004  1.5580186],1,1
[-0.39532235  0.42179358],0,1
[-1.4566989  1.5372708],1,1
[ 0.32158992 -0.44757187],0,0
[-1.5988612  1.6603074],1,1
[ 4.6519146 -4.8951745],0,0
[-1.4335967  1.5160778],1,1
[ 4.235632 -4.612294],0,0
[-1.611105   1.6900961],1,1
[ 3.9226232 -4.0475645],0,0
[-1.5916983  1.6778805],1,1
[ 4.6503706 -4.975569 ],0,0
[-1.4665372  1.5486422],1,1
[ 4.836177  -5.1761465],0,0
[-1.5858505  1.6652105],1,1
[ 4.573534 -4.984571],0,0
[-1.4966156  1.5803244],1,1
[-1.3566322  1.4527671],0,1
[-1.4868314  1.5325006],1,1
[-1.4430525  1.4975252],0,1
[-1.6518952  1.7552309],1,1
[ 4.8237286 -5.117486 ],0,0
[-1.5284398  1.6113935],1,1
[ 4.193218  -4.4330654],0,0
[-1.6096997  1.7208743],1,1
[ 4.704996  -5.0977306],0,0
[-1.5526524  1.6344085],1,1
[ 4.7160873 -5.1299176],0,0
[-1.3511498  1.4593759],1,1
[ 4.247772 -4.611272],0,0
[-1.3601708  1.4395592],1,1
[ 4.8255754 -5.1298885],0,0
[-1.2467219  1.3090079],1,1
[ 0.26835918 -0.30901974],0,0
[-1.2742177  1.3687983],1,1
[ 0.10835689 -0.07200862],0,0
[-1.6191161  1.7144628],1,1
[ 4.304962  -4.4200177],0,0
[-1.537338   1.5964394],1,1
[ 2.946784  -3.1302361],0,0
[-1.526973   1.6119738],1,1
[ 4.3199415 -4.699723 ],0,0
[-1.5530412  1.640568 ],1,1
[-1.5872431  1.6874864],0,1
[-1.6088217  1.6987237],1,1
[ 4.5546675 -4.8979836],0,0
[-1.5401213  1.6350971],1,1
[ 2.983479  -3.1020088],0,0
[-1.6522474  1.7467681],1,1
[ 4.592019 -4.94799 ],0,0
[-1.2546184  1.3473747],1,1
[ 0.15898776 -0.14521992],0,0
[-1.6039698  1.6842331],1,1
[ 4.5009403 -4.798104 ],0,0
[-1.5735773  1.6532726],1,1
[ 4.6105375 -5.041533 ],0,0
[-1.1754589  1.2564805],1,1
[ 4.7550635 -5.1064906],0,0
[-1.5290827  1.6348087],1,1
[-1.4033846  1.5078545],0,1
[-0.5595484   0.56365764],1,1
[ 1.4619937 -1.4865482],0,0
[-1.4969358  1.5609059],1,1
[ 4.570179  -4.6537924],0,0
[-1.628134   1.6923362],1,1
[ 3.6169064 -3.743597 ],0,0
[-1.4786792  1.5700179],1,1
[ 4.8062253 -5.1387568],0,0
[-1.6420298  1.7146659],1,1
[ 0.24269089 -0.29845613],0,0
[ 0.90501153 -0.9154823 ],1,0
[ 4.82591 -5.17327],0,0
[-1.6117438  1.6705458],1,1
[ 4.575609  -4.7950535],0,0
[-1.6107469  1.7091382],1,1
[ 4.9458065 -5.276721 ],0,0
[-1.5863068  1.6525226],1,1
[-1.359349   1.4150153],0,1
[-0.85343456  0.9350606 ],1,1
[ 3.4294555 -3.6048565],0,0
[-1.2537645  1.3056381],1,1
[ 1.655318  -1.7179096],0,0
[-1.5748504  1.6611545],1,1
[ 4.7829504 -5.022587 ],0,0
[-1.597965   1.6786196],1,1
[ 1.7925453 -1.9168007],0,0
[-1.4561135  1.5581983],1,1
[-1.1336577  1.2044218],0,1
[-1.4068444  1.4503312],1,1
[ 4.9337797 -5.173543 ],0,0
[-1.2939348  1.4101429],1,1
[ 4.7807684 -4.9888473],0,0
[-1.5526998  1.64661  ],1,1
[-0.5743927  0.5761151],0,1
[-1.6773719  1.7799475],1,1
[ 4.875786  -5.2070293],0,0
[-1.485246   1.5956181],1,1
[ 4.8822017 -5.0979724],0,0
[-1.5845269  1.6755501],1,1
[ 3.8543587 -4.1682377],0,0
[-1.7181652  1.8058138],1,1
[-1.5872176  1.6657379],0,1
[-1.6742042  1.7930152],1,1
[ 4.4727893 -4.8050904],0,0
[-1.5817286  1.6524618],1,1
[-0.31577304  0.38304007],0,1
[-1.7453856  1.8211911],1,1
[ 0.9545431  -0.96297276],0,0
[-1.630941   1.7195349],1,1
[ 4.316091 -4.508276],0,0
[-1.5239755  1.6215216],1,1
[-1.5363734  1.6283729],0,1
[-1.6674559  1.6977229],1,1
[-1.6684619  1.7536949],0,1
[-1.639476   1.7140989],1,1
[ 4.476391  -4.7940307],0,0
[-1.5475307  1.6159836],1,1
[ 4.579323  -4.9210644],0,0
[-1.5515779  1.6387727],1,1
[ 3.7525854 -4.0356784],0,0
[-1.1948308  1.2211962],1,1
[ 4.848298  -5.1913185],0,0
[-1.564924   1.6589923],1,1
[ 4.871271  -5.1983128],0,0
[-1.4545984  1.5281818],1,1
[ 3.9042354 -4.1458144],0,0
[ 2.5945754 -2.7268333],1,0
[ 4.8537474 -4.989706 ],0,0
[-1.0413756  1.1183697],1,1
[ 4.1868544 -4.3113613],0,0
[-1.4155118  1.4621489],1,1
[ 4.469582 -4.817292],0,0
[-1.2997307  1.329134 ],1,1
[ 4.451402  -4.6508017],0,0
[-1.630307   1.7069955],1,1
[-1.6245337  1.7075982],0,1
[-1.5904087  1.6686724],1,1
[ 4.799828  -4.9798865],0,0
[-1.4262955  1.5109444],1,1
[ 4.745834  -5.1276155],0,0
[ 0.9112319 -0.8957438],1,0
[ 4.849789  -5.1804237],0,0
[-1.5090086  1.5883517],1,1
[ 2.4696984 -2.6557722],0,0
[-1.4609845  1.550695 ],1,1
[ 4.305154 -4.646071],0,0
[-1.6161795  1.7001123],1,1
[ 3.361621  -3.7519565],0,0
[-1.6432726  1.7348887],1,1
[ 4.8015413 -5.101822 ],0,0
[-1.6029882  1.677578 ],1,1
[ 2.2622945 -2.3654952],0,0
[-1.545579   1.6225932],1,1
[ 4.624486  -5.0074525],0,0
[-1.5566657  1.6407292],1,1
[ 3.9636276 -4.096204 ],0,0
[-1.5571983  1.6504912],1,1
[ 4.8139114 -5.2018156],0,0
[-1.6094288  1.6839291],1,1
[ 1.4785506 -1.6640345],0,0
[-0.554572   0.5902075],1,1
[ 4.9171767 -5.257777 ],0,0
[-1.6120533  1.7098476],1,1
[ 4.588723 -4.975282],0,0
[-1.6107984  1.6839092],1,1
[ 3.1262894 -3.2624197],0,0
[-1.6202406  1.7050979],1,1
[ 3.950529 -4.097558],0,0
[-1.4209069  1.4937036],1,1
[ 4.3868637 -4.7674556],0,0
[-1.599827   1.6914246],1,1
[ 4.1796875 -4.671855 ],0,0
[-1.6096005  1.6924338],1,1
[-0.1144529   0.09689285],0,1
[-1.3963151  1.4452674],1,1
[ 4.3002796 -4.654544 ],0,0
[-1.497916   1.5840855],1,1
[ 4.8100805 -5.1603184],0,0
[-1.6223211  1.7112432],1,1
[ 3.1284604 -3.2718475],0,0
[ 1.964949 -2.056429],1,0
[-1.5140195  1.6131229],0,1
[-1.4857372  1.5676289],1,1
[ 4.816313 -5.164669],0,0
[ 0.4203086  -0.42475867],1,0
[ 2.154519 -2.263276],0,0
[-1.372278  1.44264 ],1,1
[ 0.41768965 -0.43029058],0,0
[-1.6581869  1.7563956],1,1
[ 4.702156  -4.8696976],0,0
[-1.3490312  1.4092844],1,1
[ 4.396655  -4.8037844],0,0
[-1.4582559  1.5414557],1,1
[ 2.5969367 -2.868586 ],0,0
[-1.2731956  1.3377635],1,1
[ 2.5427146 -2.6316452],0,0
[-1.5686213  1.6663139],1,1
[ 4.0575686 -4.2138543],0,0
[-1.580507   1.6797845],1,1
[ 4.8079033 -5.188827 ],0,0
[-1.6377254  1.7080419],1,1
[ 3.4852598 -3.6142855],0,0
[-1.4019461  1.5078404],1,1
[ 4.802355  -5.1451306],0,0
[ 1.2732056 -1.3647051],1,0
[ 4.763754  -5.1549172],0,0
[-1.5804418  1.6605356],1,1
[ 3.5198536 -3.6944833],0,0
[-1.5986998  1.6763556],1,1
[ 2.21705   -2.3286874],0,0
[-1.551085   1.6199462],1,1
[ 1.917692 -2.003807],0,0
[-1.7113512  1.7892953],1,1
[ 4.381193  -4.7943397],0,0
[-1.6749803  1.7876815],1,1
[ 4.7517433 -5.0994983],0,0
[-1.5014486  1.5519376],1,1
[ 4.7297506 -5.055467 ],0,0
[-1.6490493  1.7368894],1,1
[ 4.477581 -4.768836],0,0
[-1.6403408  1.7393672],1,1
[ 4.7787004 -5.0468225],0,0
[-1.6250153  1.7204324],1,1
[ 4.68123  -5.018903],0,0
[-1.5196729  1.5904543],1,1
[ 0.7953601 -0.8007699],0,0
[-1.1940345  1.2393148],1,1
[ 4.410042 -4.813577],0,0
[-1.6735314  1.7740898],1,1
[ 4.617344 -4.964124],0,0
[-1.5417423  1.6647886],1,1
[ 4.8485365 -5.018649 ],0,0
[-1.615685   1.6955285],1,1
[ 4.775997  -5.0950727],0,0
[-1.4270234  1.5143223],1,1
[ 4.8918643 -5.1123543],0,0
[-1.2981049  1.337239 ],1,1
[-1.5063276  1.5763899],0,1
[-1.1950866  1.2456461],1,1
[ 4.7182007 -5.1061597],0,0
[-1.0910904  1.159784 ],1,1
[ 4.80239  -4.972388],0,0
[-1.4556257  1.531203 ],1,1
[ 4.6037536 -4.9873605],0,0
[-1.6531817  1.7227284],1,1
[ 4.07596  -4.325676],0,0
[ 0.70799065 -0.64798355],1,0
[ 2.6904967 -2.8189425],0,0
[-1.5752752  1.6740475],1,1
[ 4.7841854 -5.2022753],0,0
[-0.6900116  0.7270917],1,1
[ 4.7895465 -5.1256056],0,0
[-0.71301687  0.72373646],1,1
[ 4.063182  -4.4243336],0,0
[-1.6419697  1.7134787],1,1
[-1.5147142  1.6451669],0,1
[-1.4233154  1.5058012],1,1
[ 3.719872  -3.8797228],0,0
[-1.5599449  1.6514554],1,1
[ 4.7830315 -5.10984  ],0,0
[-1.5331031  1.6372553],1,1
[-0.9951092  1.0810198],0,1
[-1.4528344  1.512588 ],1,1
[ 4.573595 -4.874558],0,0
[-1.4735062  1.5780768],1,1
[ 4.273265 -4.561238],0,0
[-1.5835582  1.647955 ],1,1
[ 4.3364186 -4.517702 ],0,0
[-1.3954053  1.4562252],1,1
[ 3.8910933 -4.1368747],0,0
[-1.5595682  1.660722 ],1,1
[ 4.717255  -5.1001425],0,0
[-1.606981   1.7102952],1,1
[ 4.791501  -4.9821014],0,0
[-1.5368932  1.6455775],1,1
[ 4.7835197 -5.1782665],0,0
[-1.5817925  1.6905584],1,1
[ 2.4883673 -2.5822036],0,0
[-1.1398659  1.1862129],1,1
[ 0.20082772 -0.20595385],0,0
[-1.6525835  1.7021399],1,1
[ 4.845708 -5.187793],0,0
[-1.4211476  1.4894497],1,1
[ 4.8634725 -5.1620183],0,0
[-1.2906255  1.39549  ],1,1
[ 4.5361366 -4.8665876],0,0
[-1.6904855  1.850494 ],1,1
[ 4.4374104 -4.7885957],0,0
[-1.6895907  1.822993 ],1,1
[ 4.318721 -4.414198],0,0
[-1.5019237  1.5963762],1,1
[-0.6697929   0.67733777],0,1
[-1.453922   1.5498147],1,1
[ 4.3894987 -4.5443754],0,0
[-1.722661   1.8020245],1,1
[ 4.6606116 -5.051429 ],0,0
[-1.5284442  1.6164224],1,1
[ 4.8665943 -5.1249747],0,0
[-1.5989462  1.6789025],1,1
[-0.679219  0.686936],0,1
[-1.6433828  1.7514639],1,1
[ 4.6702604 -5.061082 ],0,0
[-1.6936514  1.7923734],1,1
[ 4.206641 -4.499092],0,0
[-1.5849018  1.6663239],1,1
[ 4.7677484 -4.9429827],0,0
[-1.5364401  1.6267565],1,1
[ 4.1056156 -4.202307 ],0,0
[-1.6179128  1.7099454],1,1
[ 2.1999657 -2.2811918],0,0
[-1.528822   1.6076108],1,1
[ 4.955878  -5.2689767],0,0
[-0.70414823  0.7150173 ],1,1
[ 4.0418277 -4.256155 ],0,0
[-1.4047762  1.4856225],1,1
[ 1.4563788 -1.639245 ],0,0
[-1.683253   1.7635512],1,1
[ 0.65273535 -0.7085123 ],0,0
[-1.5472115  1.5959654],1,1
[ 4.4930534 -4.684991 ],0,0
[-1.5294933  1.6050532],1,1
[ 4.5472193 -4.933319 ],0,0
[-1.453062   1.5396655],1,1
[-1.4399698  1.5123713],0,1
[-1.4072526  1.4627749],1,1
[-1.6161836  1.7023346],0,1
[-1.6329845  1.689789 ],1,1
[ 0.6731148 -0.6738608],0,0
[-1.2065556  1.2337795],1,1
[ 4.7173977 -5.122204 ],0,0
[-1.479874   1.5712652],1,1
[-0.18589804  0.1890836 ],0,1
[ 0.26572037 -0.28822508],1,0
[ 4.4571047 -4.756687 ],0,0
[-1.5037277  1.5755861],1,1
[ 4.5514584 -4.8002543],0,0
[-1.6002636  1.654528 ],1,1
[ 4.8903623 -5.1693163],0,0
[-1.515763   1.5996346],1,1
[ 3.805932  -3.9598727],0,0
[-1.7578312  1.8499306],1,1
[-0.0101018  -0.02043592],0,0
[-1.3663177  1.4488268],1,1
[ 3.4947405 -3.8142965],0,0
[-1.4467434  1.5179117],1,1
[-1.4587046  1.5428929],0,1
[-1.4125006  1.4815668],1,1
[ 4.041799 -4.402889],0,0
[-1.3676573  1.4278696],1,1
[ 4.38124  -4.717371],0,0
[-0.30227944  0.3078827 ],1,1
[ 4.800125  -5.1492968],0,0
[-1.6449835  1.7233698],1,1
[ 4.9916186 -5.3028154],0,0
[-1.5502169  1.6243426],1,1
[ 4.5901947 -4.999834 ],0,0
[-1.4911499  1.592784 ],1,1
[ 4.3130226 -4.7267046],0,0
[-1.5374374  1.6203837],1,1
[ 4.935816 -5.157914],0,0
[-1.5093696  1.5811292],1,1
[ 4.4732924 -4.865799 ],0,0
[-1.5812067  1.6953996],1,1
[-1.0274255  1.0723699],0,1
[-1.4396868  1.4989557],1,1
[ 4.7526135 -5.1063433],0,0
[-1.524895   1.6375744],1,1
[ 0.3138118 -0.291166 ],0,0
[-1.4799685  1.5752195],1,1
[ 4.0711184 -4.504464 ],0,0
[-1.4553769  1.5383408],1,1
[ 4.608476 -5.035041],0,0
[-1.6468407  1.7362479],1,1
[ 4.1248856 -4.588508 ],0,0
[-1.3185222  1.3877106],1,1
[ 4.357583  -4.6138854],0,0
[-1.5335615  1.6074641],1,1
[-0.66644156  0.71265423],0,1
[-1.4948783  1.5399767],1,1
[ 4.79116  -5.092314],0,0
[-1.5441972  1.5893445],1,1
[ 4.8476787 -5.1782074],0,0
[-1.4861714  1.5726084],1,1
[-1.3670423  1.4338331],0,1
[-1.3332311  1.3934952],1,1
[ 4.87732  -5.251979],0,0
[-1.4051738  1.5105128],1,1
[ 4.462202 -4.822666],0,0
[-0.08122746  0.0988788 ],1,1
[ 3.7220054 -4.0077653],0,0
[-1.5590094  1.6336589],1,1
[ 4.765759  -5.1206107],0,0
[-1.757724  1.833178],1,1
[ 4.3732114 -4.6059237],0,0
[-1.4172721  1.4883935],1,1
[ 4.5591187 -4.7420278],0,0
[ 1.2729586 -1.3745284],1,0
[-1.5938001  1.6627171],0,1
[-1.2322788  1.2792242],1,1
[ 4.3482676 -4.5001373],0,0
[-1.5571523  1.6468462],1,1
[ 1.9167888 -1.9715492],0,0
[-1.5492426  1.619027 ],1,1
[ 4.7773314 -5.068549 ],0,0
[-1.5585239  1.6252165],1,1
[ 4.819523 -5.207478],0,0
[-1.5368457  1.6122751],1,1
[ 4.786747 -5.140788],0,0
[-1.5445306  1.610095 ],1,1
[ 4.355694  -4.7909117],0,0
[-1.5986303  1.6693784],1,1
[ 4.658485 -5.003914],0,0
[-1.4661365  1.5139539],1,1
[ 4.0577083 -4.357275 ],0,0
[-1.5800998  1.6872494],1,1
[ 4.3444963 -4.6943083],0,0
[-1.61571    1.7002175],1,1
[ 4.8102446 -5.1021767],0,0
[-1.5790212  1.6635282],1,1
[ 4.3336945 -4.533058 ],0,0
[-1.4636872  1.5384252],1,1
[ 4.7453704 -5.1634064],0,0
[-1.5284057  1.6309087],1,1
[ 0.29957533 -0.31141376],0,0
[-1.5410527  1.6195982],1,1
[ 4.898239 -5.269079],0,0
[-1.4433874  1.5227132],1,1
[ 4.788143  -5.2340307],0,0
[-1.4479184  1.5196124],1,1
[-1.4977268  1.564078 ],0,1
[-1.5164493  1.5964057],1,1
[ 2.1947205 -2.273663 ],0,0
[-1.4411007  1.5163004],1,1
[ 0.7627977  -0.73635054],0,0
[-1.557081   1.6754335],1,1
[-0.13728774  0.18930298],0,1
[-1.447236   1.5433751],1,1
[ 4.460086 -4.863811],0,0
[-1.6609917  1.7747481],1,1
[ 4.863763  -5.2519073],0,0
[-1.5941904  1.7048907],1,1
[ 3.6487856 -3.7612073],0,0
[-1.5645463  1.6449934],1,1
[ 4.1975484 -4.724803 ],0,0
[-1.486361   1.5754473],1,1
[ 4.421217  -4.5921655],0,0
[-1.3494109  1.4361204],1,1
[ 4.521441 -4.738057],0,0
[-1.4651003  1.5515528],1,1
[ 0.8230436 -0.7749387],0,0
[-1.0462306  1.0748603],1,1
[ 4.824833  -5.2752295],0,0
[-1.6776834  1.7686251],1,1
[ 3.1786904 -3.2819283],0,0
[-1.4177624  1.4923848],1,1
[-1.3553295  1.4190168],0,1
[-1.5644782  1.636704 ],1,1
[ 4.7893457 -5.147538 ],0,0
[-1.3788025  1.4344449],1,1
[ 0.7241883 -0.7499225],0,0
[-0.8648964   0.92031157],1,1
[ 4.8910847 -5.210511 ],0,0
[-1.5408174  1.6225646],1,1
[ 4.260236  -4.6232734],0,0
[-1.335606   1.3778296],1,1
[ 1.0277612 -1.0818806],0,0
[-1.6232998  1.7060101],1,1
[ 4.356658 -4.7606  ],0,0
[-1.5644531  1.6680517],1,1
[ 4.8275156 -5.1556726],0,0
[-1.3611696  1.4417892],1,1
[ 4.1004605 -4.27696  ],0,0
[-1.6184974  1.6823478],1,1
[ 4.449661  -4.6896977],0,0
[-1.4884946  1.5699834],1,1
[ 3.8651423 -4.1686745],0,0
[-1.3998843  1.4620667],1,1
[ 3.565287 -3.752367],0,0
[-0.7738862  0.8576398],1,1
[ 3.3411543 -3.5226011],0,0
[-1.5777484  1.6797208],1,1
[ 4.815466 -5.16857 ],0,0
[-1.310324   1.3878764],1,1
[ 4.0691876 -4.468543 ],0,0
[-1.5349416  1.6023924],1,1
[ 4.8394537 -5.2789516],0,0
[-1.5007349  1.6075416],1,1
[-1.4716814  1.5576167],0,1
[-1.3710048  1.4792616],1,1
[ 3.5300725 -3.813077 ],0,0
[-1.6342363  1.7262118],1,1
[ 4.800955  -5.1076565],0,0
[-1.4955485  1.5802072],1,1
[ 3.1434872 -3.5296066],0,0
[-1.7220583  1.782826 ],1,1
[ 4.7198086 -5.085219 ],0,0
[-1.6204008  1.6851246],1,1
[ 3.8106656 -4.2321663],0,0
[-1.6262021  1.7310963],1,1
[ 4.8272166 -5.227348 ],0,0
[-1.6468883  1.748126 ],1,1
[ 4.8377724 -5.059431 ],0,0
[-1.4907861  1.5461954],1,1
[ 4.650115 -5.065708],0,0
[-1.5452666  1.6302955],1,1
[ 1.1174177 -1.172771 ],0,0
[-1.5500693  1.6156882],1,1
[ 4.538409 -4.889083],0,0
[-1.5126469  1.6077304],1,1
[ 4.5087843 -4.6830664],0,0
[-1.1263229  1.1741891],1,1
[ 3.2650418 -3.4170089],0,0
[-1.3656956  1.4296021],1,1
[-0.8923423   0.93638074],0,1
[-1.3871794  1.4518502],1,1
[ 4.902771  -5.1466603],0,0
[-1.3713242  1.4386122],1,1
[ 4.8064156 -5.061655 ],0,0
[-1.6359463  1.7216754],1,1
[-1.6026275  1.6643423],0,1
[-1.5903268  1.6837348],1,1
[ 4.8561277 -5.2049255],0,0
[-1.5502398  1.6505169],1,1
[ 4.587987  -4.6937165],0,0
[-1.6079273  1.6775894],1,1
[-0.7591466  0.7591189],0,1
[-1.7099677  1.7850881],1,1
[ 3.8013978 -4.0721   ],0,0
[-1.6273483  1.7440854],1,1
[ 4.8799777 -5.2698646],0,0
[-1.5411663  1.6308191],1,1
[ 3.8786945 -4.1999846],0,0
[-1.4062864  1.4840333],1,1
[ 3.4498172 -3.7492752],0,0
[-1.587477   1.6762698],1,1
[-1.6010311  1.6832523],0,1
[-1.5214269  1.5841074],1,1
[ 3.953325 -4.337787],0,0
[-1.5741147  1.6887525],1,1
[ 1.805551  -1.8706601],0,0
[-1.4875793  1.5777993],1,1
[ 4.34597   -4.6333857],0,0
[-1.3502614  1.4040084],1,1
[ 3.5415425 -3.7221074],0,0
[-1.5646882  1.6562892],1,1
[ 4.8365784 -5.216641 ],0,0
[-1.4636233  1.5071253],1,1
[ 4.855524  -5.1915007],0,0
[-1.1964058  1.2447228],1,1
[ 3.507987  -3.6281457],0,0
[ 0.1887031 -0.1904214],1,0
[ 3.193787  -3.2636986],0,0
[-1.6842121  1.7716894],1,1
[ 4.7772694 -5.092124 ],0,0
[-1.5479012  1.6242198],1,1
[ 4.6275578 -4.994213 ],0,0
[-1.6402715  1.7218872],1,1
[ 4.837084 -4.957332],0,0
[-1.5419675  1.6190423],1,1
[-1.7003525  1.758168 ],0,1
[-1.7614572  1.8671758],1,1
[ 4.853464 -5.131104],0,0
[-1.5030286  1.5815506],1,1
[ 4.6659775 -5.0343676],0,0
[-1.4821379  1.558104 ],1,1
[ 4.0733576 -4.445367 ],0,0
[-1.5251117  1.6006322],1,1
[ 4.231452  -4.6011133],0,0
[-1.0258996  1.0972595],1,1
[ 4.3863974 -4.768554 ],0,0
[-0.19357184  0.2276174 ],1,1
[-0.22125101  0.24884832],0,1
[-1.2043468  1.2510908],1,1
[ 4.8359795 -5.0046525],0,0
[-1.4847016  1.5470327],1,1
[ 0.8527757 -0.8468516],0,0
[-1.5533029  1.597221 ],1,1
[ 4.434102  -4.7570524],0,0
[-1.6188245  1.6843052],1,1
[ 4.5099735 -4.8635473],0,0
[-1.5300303  1.6099681],1,1
[ 3.9227772 -4.0765934],0,0
[-1.6424085  1.7190459],1,1
[-0.69356585  0.7657105 ],0,1
[-0.32983303  0.32835108],1,1
[ 4.6469507 -4.9732842],0,0
[-1.5729568  1.6621767],1,1
[ 2.5574975 -2.6990952],0,0
[-1.7403159  1.8406559],1,1
[-1.0108166  1.0139272],0,1
[-1.453064   1.4992554],1,1
[ 2.1223931 -2.1512918],0,0
[-1.6166276  1.7006176],1,1
[ 4.6492662 -5.01179  ],0,0
[-1.4864993  1.5463614],1,1
[ 3.822645  -3.9923387],0,0
[-1.6051985  1.6764523],1,1
[ 3.6223276 -3.774063 ],0,0
[-1.5690618  1.6474258],1,1
[ 4.833622  -5.1240816],0,0
[-1.4739285  1.5513434],1,1
[-1.4452355  1.5096824],0,1
[-1.4903951  1.592358 ],1,1
[ 5.01324   -5.2860675],0,0
[-1.4487451  1.517278 ],1,1
[ 4.817732  -5.0203104],0,0
[-1.4793491  1.5604377],1,1
[ 3.340352 -3.650281],0,0
[-1.5941715  1.6962653],1,1
[-1.4341652  1.4783211],0,1
[-1.6765172  1.7949749],1,1
[ 4.683322  -4.8625417],0,0
[-1.5617329  1.6365877],1,1
[ 4.5584626 -4.76026  ],0,0
[-1.2385104  1.263018 ],1,1
[ 1.955425  -2.1439579],0,0
[-1.5349951  1.5720112],1,1
[ 3.6106126 -3.7413845],0,0
[-1.40608    1.4956578],1,1
[ 2.1057444 -2.1919212],0,0
[-1.3191106  1.3499677],1,1
[ 1.6553369 -1.699939 ],0,0
[-1.590014   1.6443274],1,1
[ 4.088834  -4.0795765],0,0
[-1.5107791  1.5821851],1,1
[ 4.5477786 -4.75216  ],0,0
[-1.6018252  1.6826413],1,1
[ 4.4563994 -4.6356225],0,0
[-1.5032792  1.578738 ],1,1
[ 3.6875029 -3.9862003],0,0
[-1.6160383  1.7082391],1,1
[ 2.4071774 -2.5096226],0,0
[ 1.9380809 -2.016336 ],1,0
[ 3.965219 -4.179839],0,0
[-1.2010881  1.2239048],1,1
[ 4.7998657 -5.212065 ],0,0
[-1.5589446  1.6603302],1,1
[ 4.716818 -5.055464],0,0
[-1.3469602  1.3996822],1,1
[-1.5712652  1.6603122],0,1
[-1.577748   1.6883014],1,1
[ 4.514906 -4.873603],0,0
[-1.5996559  1.7190597],1,1
[ 4.1507816 -4.293742 ],0,0
[-0.7877596  0.8174647],1,1
[ 0.9387678  -0.97346747],0,0
[-1.5533819  1.6414424],1,1
[-1.4846284  1.571414 ],0,1
[-1.6232696  1.7094319],1,1
[ 4.7256985 -4.9513235],0,0
[-1.4699347  1.5541637],1,1
[ 4.4242883 -4.654613 ],0,0
[-1.5201967  1.6305906],1,1
[ 4.0715938 -4.2550774],0,0
[-1.1343647  1.1958355],1,1
[ 4.3619776 -4.542465 ],0,0
[-1.5796993  1.6734844],1,1
[ 4.8776274 -5.110154 ],0,0
[-1.5152993  1.585859 ],1,1
[ 4.5555034 -4.799012 ],0,0
[-1.5641198  1.6410129],1,1
[ 4.8917265 -5.036999 ],0,0
[ 0.71820503 -0.7196845 ],1,0
[-1.6334286  1.7450758],0,1
[-1.5900816  1.6773129],1,1
[ 4.429447  -4.6321673],0,0
[-1.5941108  1.6353644],1,1
[-1.2693131  1.2693759],0,1
[-1.4177032  1.4745626],1,1
[ 4.439212 -4.776557],0,0
[-1.5805192  1.6656412],1,1
[ 2.0463161 -2.3401206],0,0
[-1.4654942  1.5524155],1,1
[ 4.6273146 -4.9547873],0,0
[-1.3260976  1.4070824],1,1
[-1.3153802  1.3735954],0,1
[-1.593644  1.697799],1,1
[ 0.6285324 -0.6686148],0,0
[-1.5258541  1.5858054],1,1
[ 4.598551  -5.0232725],0,0
[-1.6327723  1.724632 ],1,1
[ 4.9180927 -5.173979 ],0,0
[-1.6822844  1.7645979],1,1
[ 3.5462558 -3.6756258],0,0
[-1.4541612  1.5397807],1,1
[ 0.85892653 -0.93960714],0,0
[-1.3259673  1.4198844],1,1
[ 3.5340855 -3.6335478],0,0
[-1.5809014  1.6678094],1,1
[ 4.3689117 -4.577452 ],0,0
[-1.6539218  1.7421243],1,1
[ 4.845598  -4.9645295],0,0
[-1.4890094  1.5809398],1,1
[ 4.0001864 -4.145045 ],0,0
[-1.4431119  1.5377724],1,1
[ 4.4544506 -4.6739473],0,0
[-1.398793   1.4739847],1,1
[ 4.532639  -4.9153724],0,0
[-1.0753628  1.109149 ],1,1
[ 3.9870484 -4.177991 ],0,0
[-0.6314106  0.6429969],1,1
[ 4.8679943 -5.0346537],0,0
[-1.63916    1.7288711],1,1
[ 3.96411   -4.1429014],0,0
[-1.3940818  1.4539008],1,1
[ 2.3835611 -2.5958533],0,0
[-1.522826  1.591084],1,1
[ 4.7565794 -4.89696  ],0,0
[-1.5136387  1.5938418],1,1
[ 4.486808 -4.839346],0,0
[-1.685366   1.8119076],1,1
[ 4.174121 -4.391013],0,0
[-1.4795988  1.542346 ],1,1
[ 3.7288723 -3.9021611],0,0
[-0.99510586  1.095596  ],1,1
[ 1.4199076 -1.5006847],0,0
[-1.5702667  1.6461864],1,1
[ 4.7541265 -5.1766753],0,0
[-1.4895196  1.6004449],1,1
[ 1.5233585 -1.5954705],0,0
[-1.8480713  1.97128  ],1,1
[ 3.2283304 -3.3805318],0,0
[-1.5639048  1.648264 ],1,1
[ 0.44215328 -0.4788655 ],0,0
[-1.5562358  1.6562853],1,1
[ 2.7150989 -3.0051656],0,0
[-1.4853556  1.5396259],1,1
[ 4.611437 -5.029425],0,0
[-1.5099825  1.5916352],1,1
[ 4.8813887 -5.17291  ],0,0
[-1.2536228  1.3275964],1,1
[ 4.7626853 -5.2102757],0,0
[-1.5098404  1.5878897],1,1
[ 4.195076 -4.40054 ],0,0
[-1.4698026  1.5508846],1,1
[ 3.5598207 -3.672915 ],0,0
[-1.5561812  1.6402096],1,1
[ 4.437413  -4.6600275],0,0
[-1.428012   1.5244638],1,1
[ 1.3785688 -1.4576803],0,0
[-1.528616   1.6209314],1,1
[ 3.8699675 -4.1074514],0,0
[-1.6773878  1.7697364],1,1
[ 4.7293787 -5.041667 ],0,0
[-1.607682   1.6875889],1,1
[ 4.6939435 -4.9114895],0,0
[-1.6480982  1.7781618],1,1
[ 3.7999868 -4.1974864],0,0
[-1.4419827  1.4880587],1,1
[ 4.5407805 -4.8517027],0,0
[-1.4758289  1.5542438],1,1
[ 2.4742088 -2.5237122],0,0
[-1.430351   1.5074832],1,1
[ 4.763982 -5.062456],0,0
[-1.5388627  1.6268231],1,1
[ 1.3841233 -1.4446971],0,0
[-1.4211218  1.513721 ],1,1
[ 4.8602357 -5.1300406],0,0
[-1.5202518  1.5818557],1,1
[-1.0389798  1.0536014],0,1
[-0.91415334  0.9667002 ],1,1
[ 4.4829426 -4.789459 ],0,0
[-1.4189103  1.4941112],1,1
[ 4.594948 -4.787311],0,0
[-1.5264922  1.5963044],1,1
[ 4.4517922 -4.79405  ],0,0
[-1.6789618  1.778364 ],1,1
[ 2.5570998 -2.634231 ],0,0
[-1.4531369  1.5462139],1,1
[ 4.047139 -4.294392],0,0
[-1.5903347  1.6828492],1,1
[ 4.7081676 -5.0191917],0,0
[-1.6285464  1.7569116],1,1
[ 4.799548  -5.1345625],0,0
[-1.4919777  1.5676357],1,1
[ 3.6611824 -3.991455 ],0,0
[-1.662569   1.7301066],1,1
[ 4.808607  -5.1394157],0,0
[-0.284458   0.3810115],1,1
[ 4.589323 -4.73436 ],0,0
[-1.5813211  1.6634736],1,1
[ 3.4940457 -3.776061 ],0,0
[-1.6612941  1.7232625],1,1
[ 4.8672657 -5.1656303],0,0
[-1.6007445  1.6883509],1,1
[ 4.863899 -5.217184],0,0
[-1.4450378  1.526442 ],1,1
[ 4.5889015 -4.911153 ],0,0
[-1.3094988  1.3763237],1,1
[ 4.7039976 -5.057521 ],0,0
[-1.6084492  1.6800374],1,1
[ 4.3453684 -4.528711 ],0,0
[-1.5393126  1.6188258],1,1
[ 2.7332397 -2.937592 ],0,0
[-1.48138    1.5429037],1,1
[-0.5831137  0.5578047],0,1
[-1.4780128  1.5471023],1,1
[ 4.3469944 -4.607203 ],0,0
[-1.2581106  1.3039336],1,1
[ 4.1809874 -4.5893826],0,0
[-1.6437938  1.7440507],1,1
[ 4.794711 -5.186611],0,0
[-1.5134989  1.5786476],1,1
[ 3.9418693 -4.028571 ],0,0
[-1.6123939  1.7256935],1,1
[ 4.728216  -5.1010213],0,0
[-1.5360796  1.6175866],1,1
[ 3.8889122 -4.2989197],0,0
[-1.5804465  1.638418 ],1,1
[ 4.6295614 -4.968687 ],0,0
[-1.6015971  1.710776 ],1,1
[ 4.123989  -4.2280054],0,0
[-0.60050607  0.66636384],1,1
[-1.4167944  1.4910126],0,1
[-1.5712111  1.6648321],1,1
[ 4.762829 -5.11763 ],0,0
[-1.5887153  1.6816254],1,1
[ 1.0994285 -1.1216527],0,0
[-0.9978559  1.1324201],1,1
[ 4.7973967 -5.076578 ],0,0
[-1.4969187  1.5751946],1,1
[ 4.7056704 -5.0803523],0,0
[-1.564551   1.6288033],1,1
[ 4.4883165 -4.5043397],0,0
[-1.4801241  1.5394446],1,1
[ 3.8932815 -4.2133803],0,0
[-1.3238046  1.385088 ],1,1
[ 4.91572   -5.2405343],0,0
[-1.5085313  1.5882437],1,1
[ 3.3133461 -3.6111405],0,0
[-1.552923   1.5981729],1,1
[ 4.7356997 -5.0999203],0,0
[ 1.8975767 -1.9160496],1,0
[ 3.2278142 -3.4201808],0,0
[-1.591914   1.6491523],1,1
[ 4.257756 -4.514619],0,0
[-1.6146889  1.6984909],1,1
[ 4.834983 -4.943843],0,0
[-1.4589368  1.5545429],1,1
[-0.22259116  0.26355612],0,1
[-1.6047822  1.7054924],1,1
[ 4.6786394 -5.020949 ],0,0
[-1.5976473  1.7021416],1,1
[ 2.3780642 -2.5180874],0,0
[-0.8970262  0.9672338],1,1
[ 0.37648034 -0.38583198],0,0
[-2.0259886  2.1162515],1,1
[ 3.218185  -3.3335958],0,0
[-1.2311532  1.2735646],1,1
[ 4.4434247 -4.5564904],0,0
[ 0.25527835 -0.27702063],1,0
[ 3.923504  -4.1687136],0,0
[-1.5651315  1.6559067],1,1
[ 3.5327563 -3.8183084],0,0
[-1.6844308  1.7591237],1,1
[-1.6547928  1.7387965],0,1
[-1.6367257  1.726379 ],1,1
[ 4.0361905 -4.3751736],0,0
[-1.6379554  1.716603 ],1,1
[-1.5682523  1.6465169],0,1
[-1.6297187  1.7095319],1,1
[ 4.4379816 -4.761422 ],0,0
[-1.3411773  1.3975377],1,1
[ 4.4718747 -4.7545815],0,0
[-1.6408525  1.7135549],1,1
[ 1.5588944 -1.6431081],0,0
[-1.5834637  1.6703595],1,1
[ 4.641779 -4.987089],0,0
[-1.4906536  1.5530158],1,1
[ 3.4012775 -3.688839 ],0,0
[-1.6320783  1.7104487],1,1
[ 3.5559192 -3.9284506],0,0
[-1.5494646  1.6516683],1,1
[ 4.6278644 -4.9958367],0,0
[-0.9425341   0.99158907],1,1
[ 4.412748  -4.7423077],0,0
[-1.5615067  1.6169628],1,1
[-1.4665325  1.5318242],0,1
[-1.535469   1.6130826],1,1
[ 2.3224342 -2.4399762],0,0
[-1.5898935  1.6890111],1,1
[ 3.6540003 -3.7370927],0,0
[-1.6354654  1.7414784],1,1
[ 4.824151  -5.1662836],0,0
[-1.2670336  1.3018675],1,1
[ 4.3778763 -4.706463 ],0,0
[-0.9363481  0.9960768],1,1
[ 4.49874   -4.8471894],0,0
[-1.6215937  1.7017009],1,1
[ 2.6971855 -2.8396435],0,0
[-1.5426592  1.6517475],1,1
[ 3.0503817 -3.1968026],0,0
[-1.4809625  1.5532739],1,1
[ 4.6529355 -5.094846 ],0,0
[-1.5260732  1.5751976],1,1
[ 4.5247574 -4.941679 ],0,0
[-1.6926607  1.809219 ],1,1
[-1.5814723  1.6885302],0,1
[-1.561399  1.646836],1,1
[ 3.428005  -3.8199482],0,0
[-1.5536981  1.6313353],1,1
[ 4.8267517 -5.1710377],0,0
[-1.541745   1.6250138],1,1
[ 2.2092438 -2.3430715],0,0
[-1.285157   1.3521885],1,1
[ 3.741892  -3.9560556],0,0
[-1.5881596  1.6855555],1,1
[ 3.2576191 -3.5029283],0,0
[-1.4658036  1.5345851],1,1
[ 4.047357  -4.2084274],0,0
[-1.6551249  1.7233641],1,1
[ 3.8127851 -4.232707 ],0,0
[-1.5565062  1.6418271],1,1
[ 4.55611  -4.716917],0,0
[-1.6396365  1.7053808],1,1
[-1.822672   1.9480498],0,1
[-1.5943345  1.6619854],1,1
[-1.6259476  1.7503957],0,1
[-1.6295364  1.706219 ],1,1
[-0.1834946  0.1547526],0,1
[-1.4802759  1.5551478],1,1
[ 4.905819  -5.2868314],0,0
[-1.4808466  1.517121 ],1,1
[ 3.3343387 -3.7009406],0,0
[-1.6306435  1.7260659],1,1
[ 4.734228 -5.046608],0,0
[-1.1825387  1.2588316],1,1
[ 4.2226114 -4.321885 ],0,0
[-1.645803   1.7279762],1,1
[ 4.413393  -4.5391016],0,0
[-1.5000724  1.5623437],1,1
[ 4.287411  -4.4892926],0,0
[-1.6369196  1.7350292],1,1
[ 2.5991995 -2.7046616],0,0
[-1.1213078  1.167616 ],1,1
[ 3.3233702 -3.6414523],0,0
[-1.5284804  1.6279906],1,1
[ 2.168837  -2.2563312],0,0
[-1.3572518  1.4426031],1,1
[ 4.559    -4.870069],0,0
[-1.5468966  1.6519774],1,1
[ 0.2952846  -0.30845132],0,0
[-1.4693362  1.5347084],1,1
[ 4.649601 -4.875057],0,0
[-1.4325275  1.5067021],1,1
[ 1.3354615 -1.338875 ],0,0
[-1.6459651  1.7385368],1,1
[ 4.3733835 -4.5828886],0,0
[-1.5913383  1.6840308],1,1
[ 4.835822  -5.1222115],0,0
[-1.5536565  1.6147239],1,1
[ 0.29347035 -0.36321205],0,0
[-1.542472   1.6269258],1,1
[-0.621145   0.6725069],0,1
[-1.0489956  1.0947152],1,1
[ 3.4058175 -3.6459174],0,0
[-1.5902058  1.6632885],1,1
[ 4.42141  -4.836767],0,0
[-1.5238338  1.6103456],1,1
[ 4.643977 -5.010852],0,0
[-1.5205503  1.5942413],1,1
[ 1.8208821 -1.9503963],0,0
[-1.6373987  1.7326465],1,1
[ 4.428488 -4.743764],0,0
[-1.5242689  1.5922749],1,1
[ 4.8351917 -5.096471 ],0,0
[-1.3294042  1.3910229],1,1
[ 2.4972496 -2.6660001],0,0
[-1.5633057  1.6635425],1,1
[-0.94842786  1.130719  ],0,1
[-1.5273674  1.6274892],1,1
[ 4.6832876 -5.0507593],0,0
[-1.3978283  1.4519705],1,1
[ 4.842459  -5.0367327],0,0
[-1.5857117  1.6556227],1,1
[ 4.8222284 -4.9941196],0,0
[-0.09043414  0.09853722],1,1
[ 3.6732268 -3.781108 ],0,0
[-1.6662536  1.7466639],1,1
[ 0.93099993 -0.96417034],0,0
[-1.6092469  1.6940184],1,1
[ 4.315278  -4.6486225],0,0
[-1.3000588  1.3554848],1,1
[ 2.5938914 -2.7287726],0,0
[-1.5564237  1.6472762],1,1
[ 4.404318  -4.7535973],0,0
[-1.5479635  1.6101309],1,1
[ 4.107183 -4.5203  ],0,0
[-1.7119036  1.8117064],1,1
[ 4.551589  -4.9738693],0,0
[-1.5490255  1.6239885],1,1
[ 4.1227818 -4.3115697],0,0
[-1.6141548  1.6892668],1,1
[ 4.1496444 -4.526799 ],0,0
[-1.427824  1.502296],1,1
[-1.4012704  1.4454119],0,1
[-1.6415808  1.7419024],1,1
[ 4.8184156 -5.1457233],0,0
[-0.9776723  1.0244522],1,1
[-1.3787243  1.4697837],0,1
[-1.4953569  1.5910648],1,1
[ 4.8687687 -5.182325 ],0,0
[-1.5673254  1.6473964],1,1
[ 4.739957 -4.908   ],0,0
[-1.4494829  1.4724096],1,1
[ 4.708352 -5.022728],0,0
[-1.4914925  1.576096 ],1,1
[-1.5020838  1.5997369],0,1
[-1.3922105  1.4943292],1,1
[ 4.666852  -5.0158567],0,0
[-1.7452525  1.8809218],1,1
[ 4.628498 -4.723742],0,0
[-1.4802458  1.5614935],1,1
[ 4.6316133 -5.008948 ],0,0
[-1.3916705  1.4252331],1,1
[ 2.592831  -2.7147353],0,0
[-1.6256537  1.715517 ],1,1
[ 4.341298  -4.5023923],0,0
[-1.4670625  1.5106328],1,1
[ 4.962017 -5.166546],0,0
[-1.4644098  1.5263598],1,1
[ 1.0639547 -1.0486584],0,0
[-1.4812315  1.6045568],1,1
[ 4.4159336 -4.819431 ],0,0
[-1.6406887  1.7249213],1,1
[ 4.743001 -5.151474],0,0
[-1.2716292  1.3594776],1,1
[ 4.374031 -4.768788],0,0
[-1.4745733  1.5252466],1,1
[ 4.847561 -5.031147],0,0
[-1.5706238  1.6444035],1,1
[ 4.9177337 -5.227235 ],0,0
[-0.9282125  1.0027556],1,1
[ 4.2367797 -4.566894 ],0,0
[-1.4481072  1.5030974],1,1
[ 4.7301955 -5.0405955],0,0
[-1.3535631  1.4159235],1,1
[ 4.852851 -5.07603 ],0,0
[-1.6342919  1.7058976],1,1
[ 1.204072  -1.3465309],0,0
[-1.4937665  1.5712339],1,1
[ 4.9844775 -5.256029 ],0,0
[-1.4817638  1.557755 ],1,1
[ 4.1527004 -4.5312204],0,0
[-1.5045838  1.5909278],1,1
[ 4.5422745 -4.6556253],0,0
[-1.5577958  1.6518884],1,1
[ 2.0478582 -2.1353393],0,0
[-1.4993677  1.5788474],1,1
[-1.6499879  1.7222793],0,1
[-1.5747354  1.6731668],1,1
[ 4.171402 -4.273024],0,0
[-1.6599722  1.7501729],1,1
[ 4.9023504 -5.2016697],0,0
[-1.9359436  1.9907446],1,1
[ 4.6720457 -4.9849033],0,0
[-1.6571975  1.7516758],1,1
[ 4.141729  -4.3609767],0,0
[-1.5116211  1.5936706],1,1
[ 4.80217   -5.1322575],0,0
[-0.7159843   0.75607663],1,1
[ 3.2136269 -3.3642313],0,0
[-1.4751174  1.5554706],1,1
[ 4.006733  -4.2001557],0,0
[-1.367774  1.422132],1,1
[-0.64206874  0.69926274],0,1
[-0.28814808  0.32654977],1,1
[ 4.661705 -4.837889],0,0
[-1.6427339  1.7266233],1,1
[ 4.5160995 -4.6997547],0,0
[-1.564072   1.6275796],1,1
[ 3.6329093 -3.827982 ],0,0
[-1.4627743  1.5432181],1,1
[ 4.77864  -5.098584],0,0
[-1.3900503  1.4647548],1,1
[ 4.553988  -4.7654867],0,0
[-1.5940838  1.674531 ],1,1
[-1.6045802  1.6462963],0,1
[-1.4974451  1.5900238],1,1
[ 4.6566415 -4.8457403],0,0
[-1.5341718  1.6060554],1,1
[ 4.7582984 -5.150757 ],0,0
[-1.6625509  1.7835244],1,1
[ 4.374734  -4.6959662],0,0
[-1.3021548  1.3213971],1,1
[ 4.9426594 -5.2560472],0,0
[-1.624562   1.6949599],1,1
[ 4.801256  -5.1269197],0,0
[-1.4340196  1.5257561],1,1
[ 4.6707087 -5.0092382],0,0
[-1.5836744  1.6479918],1,1
[ 3.4479535 -3.5876355],0,0
[-1.6283972  1.6773741],1,1
[-0.02060312 -0.01057679],0,1
[-1.5532379  1.6139269],1,1
[ 4.6456847 -4.989199 ],0,0
[-1.4905375  1.5600134],1,1
[ 4.794265  -5.1652184],0,0
[-1.5250528  1.6179209],1,1
[ 4.878949 -5.208373],0,0
[-1.5264887  1.5784004],1,1
[ 4.286304 -4.701849],0,0
[-1.564386   1.6447244],1,1
[ 4.101251  -4.2630243],0,0
[-1.3022255  1.3826166],1,1
[ 4.003601  -4.2482414],0,0
[-1.4772859  1.5414035],1,1
[ 3.8526936 -3.9787326],0,0
[-1.5686127  1.6456764],1,1
[ 4.034097 -4.411851],0,0
[-1.5018269  1.5830514],1,1
[ 3.5937586 -3.928792 ],0,0
[-1.5220699  1.6002022],1,1
[-1.4548025  1.5397735],0,1
[ 2.3771179 -2.4871721],1,0
[ 1.2530007 -1.3093565],0,0
[-1.6461633  1.7263433],1,1
[-1.5654287  1.638836 ],0,1
[-1.5280049  1.6028771],1,1
[ 3.103108  -3.1852446],0,0
[-0.59510696  0.6745715 ],1,1
[-0.10294293  0.10846186],0,1
[-1.5179789  1.6264509],1,1
[-0.50467896  0.5353608 ],0,1
[-1.5689244  1.643666 ],1,1
[ 4.420595  -4.7384615],0,0
[-1.6314251  1.6960196],1,1
[ 4.1135015 -4.2113895],0,0
[-1.622075  1.699334],1,1
[ 4.7573204 -5.12992  ],0,0
[-1.4670753  1.5403036],1,1
[ 4.813381  -4.9957905],0,0
[-1.4485873  1.5288302],1,1
[-1.5609193  1.62589  ],0,1
[-1.5344987  1.6257452],1,1
[ 3.4357662 -3.6787133],0,0
[-1.5998924  1.6803259],1,1
[ 0.24808294 -0.2072596 ],0,0
[-1.456913   1.5319686],1,1
[ 4.3936195 -4.5645733],0,0
[-1.3296758  1.354567 ],1,1
[ 4.8529577 -5.252978 ],0,0
[-1.4794409  1.5601318],1,1
[ 4.3242054 -4.713699 ],0,0
[-0.6721996  0.7078413],1,1
[ 2.7020602 -2.9138985],0,0
[-1.5763456  1.6660688],1,1
[ 4.9446945 -5.245522 ],0,0
[-1.2624458  1.3027453],1,1
[ 4.932889 -5.097127],0,0
[-1.540702  1.584625],1,1
[ 4.830326  -5.1697006],0,0
[-1.4273916  1.5064001],1,1
[ 4.4945593 -4.8612165],0,0
[-1.572375   1.6564176],1,1
[ 4.1894393 -4.550432 ],0,0
[-1.2440672  1.3218615],1,1
[-1.282109   1.3780884],0,1
[-1.3404647  1.4017184],1,1
[-1.4721472  1.5551159],0,1
[-1.4558564  1.5463543],1,1
[ 2.7405667 -2.863933 ],0,0
[-1.5132267  1.5593697],1,1
[ 4.7645807 -5.0514073],0,0
[-1.5539978  1.6654233],1,1
[ 4.568822 -4.735402],0,0
[-0.83959424  0.876516  ],1,1
[ 4.732035  -5.0478716],0,0
[-1.4609205  1.5419898],1,1
[-1.5291121  1.6142213],0,1
[-1.5175585  1.5900577],1,1
[ 2.1208    -2.2115436],0,0
[ 1.840013  -1.8915911],1,0
[ 4.855057 -5.153001],0,0
[-1.5361779  1.6289222],1,1
[ 4.5394096 -4.773198 ],0,0
[-1.4724052  1.5559092],1,1
[ 4.4445353 -4.4747014],0,0
[-1.4163518  1.4589972],1,1
[ 4.5595326 -4.9036922],0,0
[-1.5050946  1.613383 ],1,1
[ 4.7498484 -5.14377  ],0,0
[-1.4524589  1.5218116],1,1
[ 4.862791 -5.287155],0,0
[-1.3051586  1.3743545],1,1
[ 4.0220766 -4.2357063],0,0
[-1.5735846  1.6623406],1,1
[-0.12479081  0.12230084],0,1
[-1.5197043  1.6203899],1,1
[ 2.6555846 -2.7513638],0,0
[-1.408921   1.4968617],1,1
[ 3.9003124 -4.0946517],0,0
[-1.2958357  1.3378427],1,1
[ 4.181147 -4.405876],0,0
[-1.5349454  1.6039906],1,1
[ 4.8093653 -5.169754 ],0,0
[-1.4230344  1.5029202],1,1
[ 0.19289738 -0.2435383 ],0,0
[-1.4886458  1.5805476],1,1
[ 4.913183  -5.2826433],0,0
[-1.6706848  1.7527297],1,1
[ 4.12149   -4.5363564],0,0
[-1.4829944  1.5934122],1,1
[ 4.8848453 -5.2488317],0,0
[-1.5246869  1.6144452],1,1
[ 2.6331174 -2.7700548],0,0
[-1.2620462  1.3338556],1,1
[ 4.561903  -4.7894607],0,0
[-1.5857127  1.6641406],1,1
[ 3.9190042 -4.0904174],0,0
[-1.495825   1.5688013],1,1
[ 4.78592   -4.9549227],0,0
[-1.5829172  1.6619368],1,1
[ 2.1657066 -2.2179828],0,0
[-1.5369749  1.5945032],1,1
[-0.17446813  0.21678828],0,1
[-1.6618116  1.8123589],1,1
[ 4.5511856 -4.751006 ],0,0
[-1.4763453  1.5265042],1,1
[ 2.3379922 -2.4448934],0,0
[-1.5580573  1.6278813],1,1
[-0.8949499  0.9387182],0,1
[-1.4168718  1.476595 ],1,1
[ 4.1445045 -4.337311 ],0,0
[-1.6379888  1.7204921],1,1
[ 4.4669704 -4.797291 ],0,0
[-1.4840245  1.5735867],1,1
[-0.5590384  0.6008221],0,1
[-1.5247282  1.5768278],1,1
[ 2.272305 -2.371461],0,0
[-1.5930483  1.6882426],1,1
[ 4.9023647 -5.2015214],0,0
[-1.5867188  1.6701097],1,1
[ 3.778574  -4.2155766],0,0
[-1.5538892  1.625101 ],1,1
[ 4.7443357 -5.128687 ],0,0
[-1.4068863  1.4918499],1,1
[ 4.285638 -4.640109],0,0
[-1.3310609  1.3785337],1,1
[ 3.9919689 -4.345604 ],0,0
[-1.420573   1.5112534],1,1
[-1.4638617  1.5462767],0,1
[-1.5256027  1.6089305],1,1
[ 3.5986784 -3.7666383],0,0
[-1.4915936  1.5481397],1,1
[ 4.7977324 -5.1686487],0,0
[-1.519933   1.6126256],1,1
[ 4.8083606 -4.962965 ],0,0
[-1.4303533  1.5526454],1,1
[ 3.4382973 -3.742528 ],0,0
[-1.5946491  1.6349189],1,1
[ 4.7578278 -5.0166416],0,0
[-1.6313542  1.7228428],1,1
[ 0.09367825 -0.07434346],0,0
[-1.5565908  1.6418006],1,1
[ 4.2972784 -4.6506414],0,0
[-1.7959129  1.8946989],1,1
[ 1.419225  -1.4143263],0,0
[-1.7198024  1.7910728],1,1
[-1.6514789  1.7223318],0,1
[-1.4785585  1.5466557],1,1
[ 4.3496923 -4.664801 ],0,0
[-1.5793848  1.6612585],1,1
[-0.33479398  0.38852584],0,1
[-1.5880052  1.6798851],1,1
[ 4.7460723 -5.07206  ],0,0
[-1.671985   1.7582347],1,1
[ 1.143606  -1.2398168],0,0
[-1.3755536  1.4610364],1,1
[ 0.6128955  -0.56346273],0,0
[-1.4235088  1.4771135],1,1
[ 3.9497633 -4.066039 ],0,0
[-1.4498811  1.523933 ],1,1
[ 4.755547  -5.0635395],0,0
[-1.3809347  1.422943 ],1,1
[ 4.7375784 -4.9824553],0,0
[-1.4870998  1.5570287],1,1
[ 3.9310257 -4.0801873],0,0
[-1.5495493  1.6234585],1,1
[ 4.8566465 -5.2019796],0,0
[-1.9749433  2.0604725],1,1
[ 4.6786227 -4.985059 ],0,0
[-1.6691347  1.7724394],1,1
[ 4.7628016 -5.174987 ],0,0
[-1.3615377  1.427968 ],1,1
[ 4.466899 -4.839951],0,0
[-1.4415698  1.5140417],1,1
[ 4.92382  -5.215495],0,0
[-1.5835742  1.6730154],1,1
[ 1.4556216 -1.4719291],0,0
[ 0.11992526 -0.09980001],1,0
[ 0.29680592 -0.27070433],0,0
[-1.5710006  1.6768358],1,1
[ 4.822359  -5.1329126],0,0
[-1.6172957  1.6795301],1,1
[ 1.8958325 -1.946201 ],0,0
[-1.4179026  1.4827592],1,1
[ 4.7973447 -5.222608 ],0,0
[-1.4133729  1.495743 ],1,1
[ 0.6014925  -0.60442305],0,0
[-1.3791945  1.4485868],1,1
[ 4.732556 -5.111508],0,0
[-1.5854356  1.6854442],1,1
[ 1.6624162 -1.8147688],0,0
[-1.808536   1.8627214],1,1
[ 0.69586957 -0.7627708 ],0,0
[-1.9417062  2.0499837],1,1
[ 4.696315  -5.0191455],0,0
[-1.0142856  1.0591033],1,1
[-0.67344546  0.6920093 ],0,1
[-1.5126045  1.6047738],1,1
[-1.4350458  1.5366089],0,1
[-1.2584083  1.4443691],1,1
[ 0.55469525 -0.500624  ],0,0
[-1.5591598  1.612702 ],1,1
[ 4.292116 -4.552133],0,0
[-1.4464903  1.4968855],1,1
[ 1.1794873 -1.2034581],0,0
[-1.7184535  1.8061414],1,1
[ 4.7837343 -5.083539 ],0,0
[-1.6166128  1.7078967],1,1
[ 4.535001 -4.716108],0,0
[-1.4823968  1.5713494],1,1
[ 3.8487978 -3.9862046],0,0
[-1.4997028  1.6161128],1,1
[ 3.955605 -4.202051],0,0
[-1.5233902  1.585131 ],1,1
[ 4.871541  -5.2136917],0,0
[-1.6203505  1.7486125],1,1
[ 3.5037148 -3.821434 ],0,0
[-1.4630675  1.5166969],1,1
[ 4.6681805 -5.0686107],0,0
[-1.4131398  1.4733131],1,1
[ 4.8132095 -5.027164 ],0,0
[-1.5943255  1.6892183],1,1
[ 4.282951 -4.526307],0,0
[-1.5213807  1.5990334],1,1
[ 4.5542517 -4.9136667],0,0
[-1.3890109  1.4371877],1,1
[ 4.829235  -5.2381105],0,0
[-1.6820207  1.7639515],1,1
[ 0.8129567  -0.84136224],0,0
[-1.512119   1.5581251],1,1
[-1.413338   1.4825227],0,1
[-1.4996879  1.5490215],1,1
[ 4.6688647 -4.9810357],0,0
[-1.5034765  1.5655603],1,1
[ 4.8475304 -5.0386777],0,0
[-1.5671453  1.6562994],1,1
[ 4.7772875 -5.151924 ],0,0
[-1.580328   1.6672544],1,1
[ 4.595874 -4.919229],0,0
[-0.9843551  1.0166218],1,1
[ 1.938162  -2.0380893],0,0
[-1.6411113  1.7476708],1,1
[ 3.2943082 -3.418019 ],0,0
[-1.5001849  1.594207 ],1,1
[ 4.776199 -5.139748],0,0
[-1.5239704  1.6279919],1,1
[ 4.582607  -4.9356594],0,0
[-1.3535588  1.404911 ],1,1
[ 4.769955  -5.1347814],0,0
[-1.5676198  1.6698076],1,1
[ 4.7662845 -5.040619 ],0,0
[-1.438631   1.5076551],1,1
[ 4.5787687 -4.7086086],0,0
[-1.5165637  1.6253881],1,1
[-1.0799735  1.1257238],0,1
[-1.5147426  1.6177784],1,1
[ 4.455084  -4.7629166],0,0
[-1.5446925  1.6386421],1,1
[ 4.3017154 -4.4341683],0,0
[-1.6121466  1.7051973],1,1
[ 4.6271334 -5.042383 ],0,0
[-1.4402668  1.4801042],1,1
[-0.82395124  0.88463247],0,1
[-1.4636867  1.5511756],1,1
[ 4.951091 -5.187408],0,0
[-1.5802709  1.6530998],1,1
[ 4.823144  -5.0274534],0,0
[-1.4363096  1.5179679],1,1
[ 4.6198306 -5.0303707],0,0
[-1.397172   1.4516573],1,1
[ 4.6512775 -4.770953 ],0,0
[-1.593638   1.6860713],1,1
[ 4.571723  -4.9881535],0,0
[-1.5884337  1.6390028],1,1
[ 1.1643611 -1.1630458],0,0
[-1.6640286  1.7320518],1,1
[ 2.532007  -2.8375955],0,0
[-1.4228957  1.4782321],1,1
[-1.6733673  1.7440552],0,1
[-1.5470812  1.6218488],1,1
[ 4.732396 -5.047697],0,0
[-1.6299453  1.7139844],1,1
[ 1.7056744 -1.7832257],0,0
[-1.450274   1.5288663],1,1
[-1.2179779  1.2511091],0,1
[-1.553348   1.6392856],1,1
[-1.4649539  1.5396857],0,1
[-0.8633677  0.9572556],1,1
[-0.55108714  0.5136521 ],0,1
[-1.8404467  2.003255 ],1,1
[ 4.655693  -4.9125423],0,0
[-1.5220547  1.6427398],1,1
[ 1.0926849 -1.1994153],0,0
[-1.4635141  1.5726798],1,1
[ 4.491765 -4.833393],0,0
[-1.5914841  1.673771 ],1,1
[ 4.9370317 -5.113842 ],0,0
[-1.4899893  1.5669231],1,1
[ 4.8980236 -5.204206 ],0,0
[-1.4255697  1.4712257],1,1
[ 4.6392   -5.020528],0,0
[-1.3836143  1.4560606],1,1
[ 4.345276 -4.722204],0,0
[-1.2767696  1.3114845],1,1
[ 1.7492683 -1.9586254],0,0
[-1.5237886  1.6023432],1,1
[ 4.7049036 -5.1426873],0,0
[-1.318732  1.353112],1,1
[ 2.6944227 -2.9262404],0,0
[-1.6216397  1.6850395],1,1
[ 4.3749323 -4.5627184],0,0
[-1.6179087  1.6922246],1,1
[ 2.694171 -2.802823],0,0
[-1.4495571  1.5067693],1,1
[ 4.5249014 -4.8952637],0,0
[-1.5580564  1.662852 ],1,1
[ 4.3883734 -4.5613074],0,0
[ 1.1180996 -1.1607158],1,0
[ 4.046953 -4.18594 ],0,0
[-1.5747035  1.6363411],1,1
[ 1.136879  -1.1805581],0,0
[-1.675457   1.7667857],1,1
[-1.3667654  1.4059987],0,1
[-1.4895663  1.5870835],1,1
[ 4.205146 -4.472605],0,0
[-1.389051   1.4707398],1,1
[ 3.8757725 -4.237754 ],0,0
[-1.6830814  1.7398756],1,1
[ 4.612685 -4.998681],0,0
[-0.5732796  0.61839  ],1,1
[ 4.2324243 -4.3902574],0,0
[-1.3968954  1.471652 ],1,1
[ 1.8103076 -1.9623846],0,0
[-1.450834  1.506957],1,1
[ 4.3850384 -4.7166424],0,0
[-1.5614126  1.6542689],1,1
[ 3.7327027 -3.8987222],0,0
[-1.3380042  1.4142053],1,1
[ 4.4334526 -4.8207636],0,0
[-1.6403826  1.7425709],1,1
[ 4.385297  -4.5525007],0,0
[ 0.2786708  -0.24148583],1,0
[ 4.1360373 -4.489404 ],0,0
[-1.7805619  1.8698722],1,1
[ 4.82716   -5.1570206],0,0
[-1.6094114  1.6703697],1,1
[ 3.6302812 -3.7149167],0,0
[-1.6194475  1.6800694],1,1
[ 4.662689 -5.125456],0,0
[-1.6103122  1.7092223],1,1
[-1.6279685  1.7355578],0,1
[-1.6331568  1.6868796],1,1
[ 4.848666  -5.2210765],0,0
[-1.2887243  1.38555  ],1,1
[ 2.245896 -2.344006],0,0
[-1.7602513  1.8925143],1,1
[ 4.8020787 -5.0740685],0,0
[-1.3139367  1.3927633],1,1
[-0.09278525  0.06962865],0,1
[-1.6379769  1.7251216],1,1
[ 4.018573 -4.279849],0,0
[-1.5103743  1.5675694],1,1
[ 4.0941234 -4.258089 ],0,0
[-0.6240743   0.69429076],1,1
[ 4.868172  -5.2303104],0,0
[-1.4592423  1.5108492],1,1
[ 4.8973236 -5.2357006],0,0
[-1.5483927  1.642128 ],1,1
[ 4.6122227 -4.835329 ],0,0
[-1.7075248  1.8317423],1,1
[-1.490613   1.5682547],0,1
[-1.6271954  1.7361122],1,1
[ 4.744952 -4.900684],0,0
[-1.4767652  1.5586807],1,1
[-0.8959068  0.8708192],0,1
[-1.5014298  1.5885673],1,1
[ 4.6200047 -4.912255 ],0,0
[-1.372011   1.4143323],1,1
[ 4.1023507 -4.45336  ],0,0
[-1.5367751  1.6273394],1,1
[ 4.636706  -4.9671183],0,0
[-1.5767906  1.6608411],1,1
[-1.3572941  1.4391203],0,1
[-1.4996703  1.5801092],1,1
[ 3.9620593 -4.068689 ],0,0
[-1.5572945  1.6464947],1,1
[ 3.4664207 -3.5568924],0,0
[-1.5362586  1.641972 ],1,1
[ 4.644435 -5.008759],0,0
[-1.6697049  1.7672284],1,1
[ 4.1819263 -4.347509 ],0,0
[-1.4767883  1.5608828],1,1
[ 3.759186  -3.8756385],0,0
[-1.602888   1.6761312],1,1
[ 4.8054953 -5.1341605],0,0
[-1.5709327  1.6699731],1,1
[-1.2625542  1.3583243],0,1
[-1.5217557  1.5748466],1,1
[ 0.7105254  -0.79139924],0,0
[-1.260817   1.2924217],1,1
[ 4.4288197 -4.6562967],0,0
[-1.7194917  1.852252 ],1,1
[ 4.1006727 -4.3267484],0,0
[-1.6396335  1.7301042],1,1
[ 4.555288  -4.8033304],0,0
[-1.540635   1.6154335],1,1
[-0.15698974  0.15942425],0,1
[-1.1793134  1.1960509],1,1
[ 4.3160143 -4.581715 ],0,0
[-1.4363247  1.5261525],1,1
[ 4.670025  -5.0458016],0,0
[-1.4899137  1.5959673],1,1
[ 4.655923  -4.8619895],0,0
[-1.4576186  1.535368 ],1,1
[ 4.43582  -4.718278],0,0
[-1.7592719  1.8302085],1,1
[ 3.8379934 -4.100716 ],0,0
[-1.6701546  1.7764275],1,1
[ 4.738535 -4.951991],0,0
[-1.434608  1.518955],1,1
[ 4.818    -4.936659],0,0
[-1.3650808  1.431008 ],1,1
[ 4.8344774 -5.011626 ],0,0
[-1.5236213  1.626185 ],1,1
[ 4.1171513 -4.3615837],0,0
[-1.5292892  1.563518 ],1,1
[ 4.6206503 -4.9585614],0,0
[-1.5301943  1.6377535],1,1
[ 4.47729  -4.857062],0,0
[-1.5957849  1.6796913],1,1
[ 4.2348676 -4.4346175],0,0
[-0.8785244   0.90835965],1,1
[ 3.963768 -4.199774],0,0
[-1.5736792  1.6681191],1,1
[ 4.7741117 -5.1073723],0,0
[-1.5771363  1.6235342],1,1
[-1.5134916  1.5725355],0,1
[-1.4849548  1.5489912],1,1
[ 4.379671 -4.578605],0,0
[-1.3707507  1.4349704],1,1
[ 4.73943   -5.1208262],0,0
[-1.425084   1.5188577],1,1
[ 4.1758776 -4.4963865],0,0
[-1.5960435  1.685143 ],1,1
[-1.0872285  1.1075902],0,1
[-1.7991948  1.8706305],1,1
[ 4.8027687 -5.155791 ],0,0
[-1.4181966  1.4850104],1,1
[ 4.854871  -5.2523327],0,0
[-1.5554571  1.6560698],1,1
[ 3.8555498 -4.0270314],0,0
[-1.5918252  1.6791089],1,1
[-1.5022926  1.5702084],0,1
[-1.5472114  1.6494125],1,1
[ 3.1074896 -3.4471855],0,0
[-1.5077081  1.5692885],1,1
[ 3.705876 -3.8673  ],0,0
[-1.5409769  1.6411662],1,1
[ 3.5501099 -3.6554737],0,0
[-1.5869795  1.6796021],1,1
[ 4.041301  -4.2428293],0,0
[-1.5540814  1.6550364],1,1
[ 4.2441697 -4.4120636],0,0
[-1.4448011  1.5407994],1,1
[ 4.2552867 -4.6048613],0,0
[-1.1940747  1.2416041],1,1
[ 2.7144785 -2.763142 ],0,0
[-1.6162543  1.6758535],1,1
[ 4.349221 -4.540466],0,0
[-1.5344118  1.6033773],1,1
[ 4.8466334 -5.230199 ],0,0
[-1.5682837  1.6412449],1,1
[ 4.6499386 -5.0777507],0,0
[-1.4637032  1.5313321],1,1
[ 4.05813   -4.2156568],0,0
[-1.4814999  1.5584674],1,1
[ 4.771002 -4.930087],0,0
[-1.575535  1.652503],1,1
[ 4.744627  -5.1013803],0,0
[-1.6674231  1.7362565],1,1
[ 4.5377574 -4.939353 ],0,0
[-1.349933   1.4115815],1,1
[ 4.7641296 -4.932808 ],0,0
[-1.4709563  1.54372  ],1,1
[ 4.450452 -4.686843],0,0
[-1.5922496  1.6878707],1,1
[ 4.856563 -5.157855],0,0
[-1.8770128  1.9889598],1,1
[ 4.743237  -5.0730457],0,0
[-1.5005202  1.5727335],1,1
[ 4.0455694 -4.3463926],0,0
[-1.5059454  1.5887337],1,1
[ 4.8434668 -5.225624 ],0,0
[-1.5727546  1.6678745],1,1
[ 4.8961773 -5.183864 ],0,0
[-1.4557137  1.5178455],1,1
[ 2.1054618 -2.3378358],0,0
[-1.6384951  1.7117904],1,1
[ 4.67769  -5.010287],0,0
[-1.6348977  1.7496622],1,1
[ 4.4326677 -4.7665334],0,0
[ 0.32905668 -0.30564126],1,0
[-1.3108735  1.380592 ],0,1
[-1.6109347  1.7075112],1,1
[ 4.734525  -5.0730557],0,0
[-1.6255747  1.7069255],1,1
[ 4.6146727 -4.870352 ],0,0
[-1.3268586  1.3823307],1,1
[ 3.9671226 -4.338479 ],0,0
[-1.5967798  1.6799142],1,1
[ 4.8162394 -5.0306034],0,0
[-1.5902352  1.6782093],1,1
[ 4.8434343 -5.043042 ],0,0
[-1.5150466  1.6092999],1,1
[ 2.1230595 -2.1445177],0,0
[-1.6931223  1.7992026],1,1
[ 4.7089944 -5.0951133],0,0
[-1.3298111  1.4028387],1,1
[ 4.5657625 -4.945494 ],0,0
[-1.4895701  1.5527382],1,1
[ 4.619335 -4.843972],0,0
[-1.5576234  1.6568793],1,1
[ 4.532996 -4.854064],0,0
[-1.5925982  1.7190113],1,1
[ 4.4470906 -4.8096805],0,0
[-1.6054482  1.6872509],1,1
[ 4.329734  -4.5645633],0,0
[-1.6084046  1.7021196],1,1
[ 2.7294972 -3.0225286],0,0
[-1.6050041  1.7071115],1,1
[ 4.8352256 -5.0933533],0,0
[-1.5925407  1.6541601],1,1
[ 3.5895226 -3.7731438],0,0
[-1.4449515  1.5373888],1,1
[ 4.2585883 -4.389624 ],0,0
[-1.4815588  1.5830798],1,1
[-0.16529346  0.16240838],0,1
[-1.5761688  1.6493747],1,1
[ 0.8305666  -0.85923123],0,0
[-1.4346969  1.5255022],1,1
[ 3.0437999 -3.240365 ],0,0
[-1.539935   1.6226075],1,1
[ 4.8816614 -5.288019 ],0,0
[ 0.36752188 -0.35068482],1,0
[ 4.738965  -5.0180616],0,0
[-1.0683175  1.1090807],1,1
[ 2.988446  -3.0469775],0,0
[-1.4014517  1.4756241],1,1
[ 1.4462132 -1.5676743],0,0
[-1.3017309  1.3807075],1,1
[ 4.107645 -4.471573],0,0
[-1.5225734  1.5742182],1,1
[ 4.479131 -4.882039],0,0
[-1.4401324  1.4946122],1,1
[-0.5903142  0.6070453],0,1
[-1.5611398  1.6356401],1,1
[ 4.7216396 -5.045446 ],0,0
[-1.5193796  1.6204119],1,1
[ 1.8648884 -2.0347724],0,0
[-1.5689371  1.6338768],1,1
[ 4.778282  -5.0668945],0,0
[-1.5002358  1.5729601],1,1
[ 4.5469055 -4.9166083],0,0
[ 0.2124004  -0.21238127],1,0
[ 3.5605721 -3.7307901],0,0
[-1.3487709  1.4067736],1,1
[ 3.9177566 -4.3382225],0,0
[-1.990441   2.1254888],1,1
[ 4.729735 -4.930959],0,0
[-1.2855144  1.3534856],1,1
[ 4.6911755 -5.038093 ],0,0
[-1.640491   1.7414018],1,1
[ 4.5818667 -4.8264565],0,0
[-1.5113448  1.5423439],1,1
[ 4.797099  -5.0763483],0,0
[-1.4846001  1.555576 ],1,1
[ 3.1386695 -3.3507013],0,0
[-1.4982578  1.5422978],1,1
[ 3.1587186 -3.3333435],0,0
[-1.4653919  1.5167513],1,1
[ 2.8846571 -3.0394878],0,0
[-1.5860815  1.6638366],1,1
[ 4.6771164 -4.9184504],0,0
[-1.7001092  1.8036479],1,1
[-0.8891623  0.9448738],0,1
[-1.1644323  1.2243614],1,1
[ 4.1955247 -4.452277 ],0,0
[-1.5059738  1.5936899],1,1
[ 4.4412127 -4.4645286],0,0
[-1.43508    1.5149513],1,1
[ 3.4418979 -3.6052175],0,0
[-1.6286635  1.6835196],1,1
[ 3.36767   -3.5206356],0,0
[-1.4500185  1.5384526],1,1
[ 4.771697  -5.1834126],0,0
[-1.5140619  1.5829225],1,1
[ 4.7921066 -5.132476 ],0,0
[-1.4264139  1.4779332],1,1
[ 4.275071  -4.5690084],0,0
[-1.4806433  1.5743988],1,1
[ 4.749097  -5.0879154],0,0
[-1.5409901  1.6032603],1,1
[ 4.3314476 -4.558811 ],0,0
[-1.5216038  1.5969503],1,1
[ 4.370371  -4.7791367],0,0
[ 0.17658637 -0.23457788],1,0
[ 4.5476017 -4.617587 ],0,0
[-1.4206837  1.5000486],1,1
[ 3.2395754 -3.488021 ],0,0
[-1.4649214  1.5490332],1,1
[ 4.7579966 -5.1357527],0,0
[-1.9201396  2.0429468],1,1
[ 4.5007973 -4.6730814],0,0
[-1.5641166  1.6294832],1,1
[ 4.829828 -5.178998],0,0
[-1.518758   1.5786495],1,1
[ 4.8301563 -5.0957985],0,0
[-1.5519304  1.6256799],1,1
[-1.5545237  1.6110138],0,1
[-1.519023   1.5789148],1,1
[ 4.847602  -5.0367427],0,0
[-1.4834208  1.5553088],1,1
[ 2.7213404 -2.8857365],0,0
[-1.6035753  1.6970221],1,1
[ 4.3924265 -4.72581  ],0,0
[-1.4657185  1.5366726],1,1
[ 2.5652804 -2.872414 ],0,0
[-1.5496297  1.6547105],1,1
[ 4.2121773 -4.356857 ],0,0
[-1.3565276  1.3917084],1,1
[ 4.115584 -4.247012],0,0
[-1.6606889  1.7652965],1,1
[ 2.1336656 -2.1800857],0,0
[-1.6514466  1.7551755],1,1
[ 4.843055 -5.179965],0,0
[-1.5197268  1.6108701],1,1
[ 4.596636  -4.7832384],0,0
[-1.2718244  1.3406234],1,1
[ 2.8245401 -3.0054102],0,0
[-1.5981572  1.7051862],1,1
[ 0.12509157 -0.1292977 ],0,0
[-1.6192015  1.7367246],1,1
[-0.96675384  1.08949   ],0,1
[-1.5800302  1.6529243],1,1
[-0.83721286  0.8734391 ],0,1
[-1.4344026  1.5129361],1,1
[ 1.7624385 -1.8117708],0,0
[-1.7291204  1.8094635],1,1
[-1.5083363  1.5737147],0,1
[-1.3637283  1.4149437],1,1
[ 4.997384  -5.2134104],0,0
[-1.5699457  1.6702998],1,1
[ 3.4092956 -3.7486575],0,0
[-1.6389099  1.7329929],1,1
[ 4.6934175 -5.0116506],0,0
[-1.6544945  1.7552123],1,1
[ 4.668208  -4.8490705],0,0
[-1.2309368  1.3320105],1,1
[ 4.1977153 -4.4672556],0,0
[-1.3149705  1.3891883],1,1
[-0.7683414  0.7832408],0,1
[-1.6155379  1.7043972],1,1
[ 4.771859  -5.1489697],0,0
[-1.3937644  1.4831922],1,1
[ 4.225271  -4.5901585],0,0
[-1.6902236  1.7624638],1,1
[ 1.1371083 -1.2382549],0,0
[-1.481734   1.5835133],1,1
[ 4.7622805 -5.115283 ],0,0
[-2.0389152  2.219717 ],1,1
[ 4.248059 -4.640613],0,0
[-1.8081312  1.9335213],1,1
[ 2.7135882 -2.8551898],0,0
[-1.6031201  1.6785882],1,1
[ 4.580948 -4.884592],0,0
[-1.4236523  1.5084257],1,1
[ 4.348022  -4.5491595],0,0
[ 0.55147433 -0.5201918 ],1,0
[ 1.0529139 -1.0652428],0,0
[-1.4121394  1.4628941],1,1
[ 2.9205031 -3.2242513],0,0
[-1.5413458  1.6076443],1,1
[ 4.079792 -4.512705],0,0
[-1.6072017  1.678028 ],1,1
[ 2.084271  -2.3300967],0,0
[-1.5412949  1.593833 ],1,1
[ 4.636283  -4.9502354],0,0
[-1.5723057  1.6470358],1,1
[ 4.7683992 -5.1291933],0,0
[-1.5843852  1.696291 ],1,1
[ 4.7697306 -4.9859867],0,0
[-1.6179878  1.7043958],1,1
[-0.6072988  0.6029736],0,1
[-1.4927847  1.590555 ],1,1
[ 4.23979  -4.615518],0,0
[-1.5805199  1.6323717],1,1
[ 4.6110144 -4.9505424],0,0
[-1.3320848  1.3811183],1,1
[ 4.896318  -5.0722547],0,0
[ 0.7460611  -0.71437955],1,0
[ 4.5761614 -4.810084 ],0,0
[-1.5742803  1.6749392],1,1
[ 2.5120168 -2.712431 ],0,0
[-1.1888742  1.2364743],1,1
[ 4.7071533 -5.043656 ],0,0
[-1.4494349  1.5506271],1,1
[ 4.67162  -5.018956],0,0
[-1.5385072  1.5865523],1,1
[ 4.7451982 -5.0750527],0,0
[-1.5138065  1.5995647],1,1
[ 3.8974984 -4.147435 ],0,0
[-1.4837234  1.5611992],1,1
[ 4.9287405 -5.2965155],0,0
[-1.3943175  1.4512115],1,1
[ 4.27655   -4.4648023],0,0
[-1.5469171  1.604847 ],1,1
[ 4.1561174 -4.3654985],0,0
[-1.4982847  1.5578916],1,1
[ 4.8351107 -5.2307906],0,0
[-1.4808195  1.5542028],1,1
[ 3.539986 -3.712062],0,0
[-1.5688616  1.6819081],1,1
[ 4.6929936 -5.0412507],0,0
[-1.5970051  1.6666919],1,1
[ 3.2903333 -3.5790548],0,0
[-1.6558155  1.7245178],1,1
[ 3.9478693 -4.2620816],0,0
[-1.6012188  1.6913157],1,1
[ 4.7613964 -5.110986 ],0,0
[-1.6412667  1.7347078],1,1
[ 4.285738  -4.5626864],0,0
[-1.585182  1.667969],1,1
[ 4.342069 -4.706094],0,0
[-1.3459649  1.3484883],1,1
[ 4.2527504 -4.5892153],0,0
[-1.273535   1.3113127],1,1
[ 4.9643936 -5.2048454],0,0
[ 0.7840279 -0.7394643],1,0
[ 4.6744018 -5.0000963],0,0
[-1.4908035  1.5667276],1,1
[ 0.61977255 -0.6018844 ],0,0
[-0.73468745  0.76368403],1,1
[ 4.0621376 -4.2701797],0,0
[-1.3746597  1.4243777],1,1
[ 4.631497  -5.0628653],0,0
[-1.5734537  1.672183 ],1,1
[ 2.4492557 -2.7009468],0,0
[-1.4139371  1.5047734],1,1
[ 4.33184  -4.498522],0,0
[-1.5515924  1.6547223],1,1
[ 4.610461 -4.752336],0,0
[-1.4862058  1.5477041],1,1
[ 4.7927256 -5.158791 ],0,0
[-1.2981453  1.3848524],1,1
[ 4.3855124 -4.722867 ],0,0
[-1.4257509  1.5296671],1,1
[ 3.98346   -4.2882566],0,0
[-0.83630896  0.89678055],1,1
[ 3.9304552 -4.1539173],0,0
[-1.5150037  1.6159208],1,1
[ 4.524219 -4.637853],0,0
[ 0.6384638 -0.6776388],1,0
[ 4.808613  -5.1194606],0,0
[-1.6438164  1.7439946],1,1
[ 4.7538633 -5.100521 ],0,0
[-0.08283567  0.08676997],1,1
[ 4.337567  -4.5486803],0,0
[-1.4559293  1.52807  ],1,1
[ 4.5972176 -5.0225863],0,0
[-1.4840429  1.5419672],1,1
[ 2.4921184 -2.6102042],0,0
[-1.6552026  1.7475157],1,1
[ 4.7888837 -5.1495466],0,0
[-1.1314806  1.210604 ],1,1
[ 3.9411974 -4.2524467],0,0
[-0.84547377  0.8567401 ],1,1
[ 0.471226  -0.5086659],0,0
[-1.5117532  1.5828424],1,1
[ 4.120049  -4.4754143],0,0
[-1.6136029  1.7187178],1,1
[ 1.4556831 -1.540098 ],0,0
[-1.6038141  1.6836798],1,1
[ 4.910803  -5.2523613],0,0
[-1.5943563  1.6806322],1,1
[ 4.590783 -5.01905 ],0,0
[-1.2841182  1.2831471],1,1
[ 2.7932174 -2.9855337],0,0
[-1.5516143  1.651224 ],1,1
[ 4.932308  -5.0794973],0,0
[-1.6138394  1.6822226],1,1
[-0.33246073  0.35442758],0,1
[-1.600004   1.6748742],1,1
[ 3.9769206 -4.283591 ],0,0
[-1.5187862  1.6241486],1,1
[ 3.2355428 -3.3573976],0,0
[-1.6887476  1.7889724],1,1
[-1.5877838  1.7040339],0,1
[-1.6592526  1.7601024],1,1
[ 4.887992 -5.21427 ],0,0
[-1.5142558  1.580786 ],1,1
[ 4.174516  -4.6518993],0,0
[-1.260994   1.3180691],1,1
[ 4.0288124 -4.4242496],0,0
[ 0.3295732 -0.3999105],1,0
[ 4.914258 -5.238783],0,0
[-1.4169279  1.4996543],1,1
[-1.4472373  1.5056305],0,1
[-1.4806828  1.5619624],1,1
[ 4.213338  -4.5719714],0,0
[-1.2388526  1.3160884],1,1
[ 4.7739162 -4.9126854],0,0
[-1.5673237  1.6658942],1,1
[ 2.706483  -2.9180443],0,0
[-1.2251713  1.2933116],1,1
[ 4.259759  -4.4709625],0,0
[-1.3872166  1.4550911],1,1
[ 3.8687298 -4.148423 ],0,0
[-1.4182856  1.4896132],1,1
[ 4.628622  -5.0171003],0,0
[-1.5338658  1.6133926],1,1
[ 4.8953633 -5.23785  ],0,0
[-1.4680378  1.5354446],1,1
[ 4.7496243 -5.106124 ],0,0
[-1.4585781  1.5173068],1,1
[ 0.9135604 -0.9456743],0,0
[-1.4177352  1.4877633],1,1
[ 3.401976 -3.511367],0,0
[-1.3102462  1.396992 ],1,1
[ 4.851508 -5.184211],0,0
[-1.3543313  1.3243089],1,1
[ 4.226284  -4.6743517],0,0
[-1.5229402  1.6251448],1,1
[ 4.6951904 -5.0973816],0,0
[-1.5359823  1.6266022],1,1
[ 4.8243794 -5.2689314],0,0
[-1.4780626  1.5513635],1,1
[ 1.9320457 -2.1906126],0,0
[-1.6082284  1.6975852],1,1
[ 4.399232  -4.7669735],0,0
[-1.4917289  1.5775254],1,1
[-1.5054064  1.580905 ],0,1
[-1.0095696   0.99262124],1,1
[ 0.63015676 -0.5949018 ],0,0
[-1.1135228  1.1442839],1,1
[ 4.1077437 -4.295563 ],0,0
[-1.5269008  1.6028584],1,1
[ 3.9707818 -4.0709953],0,0
[-1.506167   1.5708706],1,1
[ 3.6610577 -4.1223693],0,0
[-1.4372171  1.490887 ],1,1
[ 4.873064  -5.2074804],0,0
[-1.5518156  1.6111267],1,1
[ 1.642646 -1.686589],0,0
[-1.5910869  1.6606255],1,1
[-0.91769624  1.008153  ],0,1
[-1.4849968  1.5629458],1,1
[ 4.7608852 -4.9661226],0,0
[-1.1830673  1.2103128],1,1
[-0.758822    0.77671057],0,1
[-0.37078023  0.36009327],1,1
[ 3.707292  -3.8309689],0,0
[-1.6425695  1.7233233],1,1
[ 4.578483 -4.728842],0,0
[-1.3664384  1.4490345],1,1
[-1.4384849  1.5245783],0,1
[-1.701608   1.7966824],1,1
[-1.6963961  1.8396728],0,1
[-1.6569166  1.753772 ],1,1
[ 1.1388953 -1.1664613],0,0
[-1.4964786  1.5982066],1,1
[ 4.619152  -4.9993267],0,0
[-1.539781   1.6245062],1,1
[ 4.602808  -5.0175757],0,0
[-1.3416963  1.4089057],1,1
[ 4.57478  -4.966306],0,0
[-1.5785344  1.6796116],1,1
[ 4.77087  -5.103943],0,0
[-1.6383396  1.7386023],1,1
[ 3.4334772 -3.4940257],0,0
[-1.5281004  1.5920964],1,1
[ 4.8596935 -5.249078 ],0,0
[-1.5578318  1.6440398],1,1
[ 3.7861452 -4.14836  ],0,0
[-1.6077348  1.682546 ],1,1
[ 3.9025784 -3.9891453],0,0
[-1.5849537  1.6620855],1,1
[-0.8982396   0.89692473],0,1
[-1.4742445  1.5023466],1,1
[ 0.07946488 -0.05967328],0,0
[ 2.32006   -2.4724846],1,0
[ 3.7785547 -3.9324524],0,0
[-1.0665491  1.113553 ],1,1
[ 4.3922944 -4.6144137],0,0
[-1.4627901  1.5077018],1,1
[ 4.742387  -5.1971455],0,0
[-1.4814541  1.5311122],1,1
[ 4.423256 -4.769736],0,0
[-1.6187288  1.6994101],1,1
[ 3.341014 -3.511342],0,0
[-1.9033504  2.0246599],1,1
[ 4.281968 -4.444005],0,0
[-1.525305   1.5892043],1,1
[ 4.741519 -5.081296],0,0
[-1.5594943  1.6591798],1,1
[ 4.863     -5.2747326],0,0
[-1.5835737  1.6864212],1,1
[ 4.5734916 -4.6938324],0,0
[-1.6199415  1.708008 ],1,1
[ 3.5145907 -3.851955 ],0,0
[-1.4527184  1.5385423],1,1
[ 3.4138136 -3.5999327],0,0
[-1.6089759  1.7025211],1,1
[ 2.4339304 -2.626732 ],0,0
[-1.6631521  1.758305 ],1,1
[ 4.586588  -4.8997893],0,0
[-1.5666981  1.630095 ],1,1
[ 4.28152  -4.613178],0,0
[-1.5452633  1.6227654],1,1
[ 4.0217323 -4.358724 ],0,0
[-0.9353644   0.94147193],1,1
[ 4.8367376 -5.204317 ],0,0
[-1.4465928  1.5043   ],1,1
[ 1.3146403 -1.4033253],0,0
[-1.5321214  1.6303952],1,1
[ 4.1335907 -4.29587  ],0,0
[-1.5551296  1.6537857],1,1
[-0.757558   0.8173819],0,1
[-1.626447   1.7107863],1,1
[ 4.58632   -4.9499264],0,0
[-1.6226676  1.7271686],1,1
[ 4.5449133 -4.6919937],0,0
[-1.5153098  1.5816183],1,1
[ 4.7388973 -4.8666005],0,0
[-1.5184155  1.564575 ],1,1
[ 1.564837 -1.721431],0,0
[-1.1519176  1.1563988],1,1
[ 4.1973114 -4.386085 ],0,0
[-1.1865804  1.2579714],1,1
[ 4.6774874 -5.049305 ],0,0
[-1.5654948  1.6548636],1,1
[ 4.4306035 -4.613509 ],0,0
[-1.6142466  1.6965826],1,1
[ 2.3332477 -2.419602 ],0,0
[-0.24201512  0.28203124],1,1
[ 1.6514057 -1.636246 ],0,0
[-1.5048845  1.5865846],1,1
[-1.3156626  1.3946068],0,1
[-1.648469  1.721714],1,1
[ 4.239077  -4.5517073],0,0
[-1.4040877  1.4728668],1,1
[ 4.8251915 -4.982081 ],0,0
[-1.5591965  1.6267842],1,1
[ 1.1472896 -1.135935 ],0,0
[-1.4397068  1.5471327],1,1
[ 4.3366156 -4.5720873],0,0
[-1.6524653  1.7548358],1,1
[ 3.710503  -3.8355188],0,0
[-1.3449364  1.4046736],1,1
[ 4.56149  -4.737733],0,0
[-1.5406972  1.6135919],1,1
[-0.38381216  0.43469304],0,1
[-1.381857   1.4673274],1,1
[ 4.013871  -4.3885922],0,0
[ 0.01296932 -0.00786653],1,0
[ 3.9611087 -4.1713104],0,0
[-1.7089614  1.7740948],1,1
[ 4.8915234 -5.2438173],0,0
[-1.6384048  1.7170111],1,1
[ 1.1298273 -1.2003211],0,0
[-1.5262542  1.5893857],1,1
[ 4.38686  -4.813606],0,0
[-1.4147617  1.4693042],1,1
[ 4.737735 -5.065893],0,0
[-1.5631309  1.6467853],1,1
[-1.4901199  1.5562422],0,1
[-1.1919293  1.2210909],1,1
[ 0.4755199  -0.47291696],0,0
[-1.5891142  1.6843138],1,1
[ 1.1709539 -1.2654495],0,0
[-1.4656782  1.5525496],1,1
[ 3.511471  -3.6406276],0,0
[-1.4504559  1.5083381],1,1
[-1.2992727  1.3645105],0,1
[-1.4206438  1.4580874],1,1
[ 4.640239  -4.7701635],0,0
[-1.5804405  1.6557511],1,1
[ 4.5342827 -4.7598763],0,0
[-1.5988538  1.6798488],1,1
[ 4.5450525 -4.863976 ],0,0
[-1.287749   1.3534265],1,1
[ 3.9231377 -4.142425 ],0,0
[-1.3598895  1.4344258],1,1
[ 4.474662  -4.7403593],0,0
[-1.4537653  1.5177789],1,1
[ 4.4956617 -4.7142534],0,0
[-1.5671895  1.6620479],1,1
[ 3.649609 -4.084922],0,0
[-1.5272036  1.6196538],1,1
[ 4.3330445 -4.58244  ],0,0
[-1.5432494  1.6231799],1,1
[ 2.7285442 -2.8985372],0,0
[-1.5718638  1.6631677],1,1
[ 4.632617  -4.8510666],0,0
[-1.5689771  1.6471753],1,1
[-1.5113596  1.5592417],0,1
[-1.5921057  1.7014334],1,1
[ 3.8890584 -4.0899835],0,0
[-1.647032   1.7374198],1,1
[ 4.6513968 -5.023196 ],0,0
[ 0.11409611 -0.18595494],1,0
[ 3.415142  -3.6279137],0,0
[-1.3623891  1.4496486],1,1
[ 4.2815166 -4.459828 ],0,0
[-1.5880157  1.6772953],1,1
[ 4.7246637 -4.9808273],0,0
[-1.3493826  1.4269538],1,1
[-1.4953418  1.5577682],0,1
[-1.7066329  1.8459303],1,1
[ 3.8174171 -4.037897 ],0,0
[-1.3819393  1.4149213],1,1
[-1.2556576  1.3099279],0,1
[-1.5110817  1.592685 ],1,1
[ 0.56282324 -0.5757073 ],0,0
[-1.4705483  1.5081389],1,1
[ 4.8079586 -5.0897818],0,0
[-1.0611639  1.0979867],1,1
[ 2.842498  -3.1165833],0,0
[-1.4826592  1.5418075],1,1
[ 4.4231706 -4.8475757],0,0
[-1.5419934  1.6393205],1,1
[ 4.80589   -5.0453033],0,0
[-1.4969642  1.5828829],1,1
[-1.5359975  1.6049955],0,1
[-1.6153883  1.7076418],1,1
[-1.5446949  1.6066728],0,1
[-1.6027628  1.675547 ],1,1
[ 4.5307527 -4.9281406],0,0
[-2.0571325  2.1825387],1,1
[-1.4789312  1.5334783],0,1
[-1.420324   1.4978077],1,1
[ 4.638401  -4.9443173],0,0
[-1.2984188  1.3612511],1,1
[ 4.637692 -5.028583],0,0
[-1.3321948  1.3779614],1,1
[ 4.4060144 -4.8150926],0,0
[-1.110551   1.1704373],1,1
[ 4.5633864 -4.8370223],0,0
[-1.5060397  1.567117 ],1,1
[ 4.5879164 -4.971935 ],0,0
[-1.5460563  1.6241584],1,1
[-1.4947557  1.5776069],0,1
[-1.5655358  1.6716727],1,1
[ 3.9944482 -4.1584816],0,0
[-1.416255   1.4800673],1,1
[ 0.684113   -0.81853735],0,0
[-0.23939943  0.302117  ],1,1
[-1.3166163  1.4114181],0,1
[-1.7557526  1.8617222],1,1
[ 4.651454  -4.9651546],0,0
[-1.1879447  1.2409376],1,1
[ 4.766616 -5.203043],0,0
[-1.5080645  1.6002464],1,1
[ 4.459648  -4.8102846],0,0
[0.00106885 0.03697204],1,1
[ 1.6895063 -1.7773056],0,0
[-1.6517274  1.7338979],1,1
[ 4.3209386 -4.6657543],0,0
[-1.5643706  1.64321  ],1,1
[-1.3810391  1.4111414],0,1
[-1.5485816  1.6489531],1,1
[ 2.6796007 -2.82304  ],0,0
[-1.5852824  1.6516433],1,1
[-1.4656432  1.548345 ],0,1
[-1.8675542  1.9836935],1,1
[ 3.9944723 -4.1178255],0,0
[-1.5772238  1.6672626],1,1
[ 4.646373  -5.0274425],0,0
[-1.4910444  1.5856256],1,1
[ 3.1897287 -3.3523636],0,0
[-1.4677     1.5478773],1,1
[ 4.09231  -4.532938],0,0
[-1.6150804  1.6961582],1,1
[ 4.7858124 -5.1179543],0,0
[-0.5960145  0.6108431],1,1
[ 3.3581953 -3.6983514],0,0
[-1.5527052  1.6501372],1,1
[ 4.2026863 -4.4948306],0,0
[-1.6613798  1.735373 ],1,1
[ 4.5849447 -4.809087 ],0,0
[-1.235709   1.3164096],1,1
[ 4.3982534 -4.7583394],0,0
[-1.6599293  1.7511168],1,1
[-1.094807   1.1861615],0,1
[-1.4976184  1.5496664],1,1
[ 4.7014832 -4.889737 ],0,0
[-1.4231638  1.4555552],1,1
[ 2.6001573 -2.6319733],0,0
[-1.6096637  1.6921546],1,1
[ 0.04646066 -0.06625722],0,0
[-1.4150037  1.5080682],1,1
[ 2.7538311 -2.8605018],0,0
[-1.6701515  1.7427256],1,1
[ 4.8525786 -4.985649 ],0,0
[-1.6662669  1.734887 ],1,1
[ 4.63377  -4.972526],0,0
[-1.5827842  1.6763623],1,1
[-0.8027645  0.8312011],0,1
[-1.4059012  1.5036943],1,1
[ 4.528883  -4.8780346],0,0
[-1.6497965  1.7251579],1,1
[ 2.965958 -3.140807],0,0
[-1.5467368  1.641975 ],1,1
[-0.44990122  0.47150612],0,1
[-1.476715  1.552655],1,1
[ 4.8218923 -5.1937833],0,0
[-1.1968166  1.3758007],1,1
[ 4.1734285 -4.2843275],0,0
[-1.3895183  1.4334306],1,1
[-1.6550951  1.7505364],0,1
[-1.5256859  1.6180526],1,1
[ 1.562009  -1.6186736],0,0
[-1.6553     1.7537504],1,1
[ 4.837818 -5.171636],0,0
[-1.5787458  1.6558982],1,1
[ 4.8566065 -5.049805 ],0,0
[-1.4908047  1.5944704],1,1
[ 4.8129897 -5.0060043],0,0
[-1.7088928  1.80536  ],1,1
[ 2.6002872 -2.7224622],0,0
[-1.3960313  1.4903316],1,1
[ 4.177663  -4.4071345],0,0
[-1.3333154  1.3973949],1,1
[ 1.473612  -1.5362308],0,0
[-1.5168922  1.5783104],1,1
[ 4.4511576 -4.75232  ],0,0
[-1.663749   1.7531264],1,1
[ 4.739106 -5.059967],0,0
[-1.4215076  1.4779587],1,1
[-1.3727424  1.4517624],0,1
[-1.5456707  1.614566 ],1,1
[ 4.322625  -4.5917134],0,0
[-0.37082946  0.40911004],1,1
[ 4.5727286 -4.740821 ],0,0
[-1.4028056  1.4796433],1,1
[ 4.5700216 -4.8350763],0,0
[-1.5155163  1.5886419],1,1
[ 3.2462177 -3.4504128],0,0
[-1.595479   1.6745818],1,1
[ 2.956898  -3.1930757],0,0
[-1.5497196  1.5967963],1,1
[ 4.20914   -4.5007386],0,0
[-1.5088394  1.5733026],1,1
[ 3.6170533 -3.8110328],0,0
[-1.2007601  1.2838007],1,1
[ 4.6003323 -4.7913513],0,0
[-1.495934  1.580955],1,1
[ 4.803706 -5.177847],0,0
[-1.6460733  1.747494 ],1,1
[ 0.3640247  -0.39713377],0,0
[-0.82170093  0.8715725 ],1,1
[-1.613384   1.6760122],0,1
[-1.5670413  1.6641351],1,1
[ 1.4361442 -1.4853058],0,0
[-0.6927124   0.73638415],1,1
[ 4.0803356 -4.2234287],0,0
[-1.4073712  1.4980276],1,1
[ 4.894808 -5.272541],0,0
[-1.5971512  1.6939712],1,1
[ 4.096512  -4.5637684],0,0
[-1.5534623  1.662841 ],1,1
[ 4.283109  -4.4530873],0,0
[-0.8851696  0.9709954],1,1
[ 4.51361  -4.850455],0,0
[-1.5332351  1.6214936],1,1
[-0.385332   0.4350822],0,1
[-1.6262441  1.7157987],1,1
[ 4.8383465 -5.212577 ],0,0
[-1.4674556  1.5509882],1,1
[ 3.0788171 -3.1132154],0,0
[-1.4182656  1.5077503],1,1
[ 4.041501  -4.4796343],0,0
[-1.4464363  1.5237672],1,1
[ 4.2380753 -4.360751 ],0,0
[-0.38753083  0.34476212],1,1
[ 4.9361553 -5.0789795],0,0
[-1.493634   1.5477448],1,1
[ 0.8046771  -0.83047235],0,0
[-1.5073562  1.545046 ],1,1
[ 3.4879398 -3.6792202],0,0
[-1.3763108  1.4829984],1,1
[ 3.5490754 -3.6066418],0,0
[-1.6258003  1.7209886],1,1
[ 2.3037086 -2.381354 ],0,0
[-1.6062298  1.6777656],1,1
[ 4.876454 -5.058792],0,0
[-1.4835545  1.5570506],1,1
[ 4.631446  -4.8915133],0,0
[-1.5240929  1.5925504],1,1
[ 4.065018  -4.1980233],0,0
[-1.4545913  1.5048329],1,1
[-0.9492342  0.9990485],0,1
[-1.2343212  1.2817365],1,1
[ 4.937966  -5.1065617],0,0
[-1.4688072  1.5349897],1,1
[ 4.8105173 -5.206581 ],0,0
[-1.573395   1.6534966],1,1
[-0.00376702  0.01712772],0,1
[-1.0972794  1.1456482],1,1
[ 0.09342593 -0.04352753],0,0
[-1.6176127  1.7053137],1,1
[ 4.5783443 -4.8060555],0,0
[-1.3218203  1.3927836],1,1
[ 4.229987 -4.498719],0,0
[-0.9198147  0.9719879],1,1
[ 2.767694  -2.8573866],0,0
[-1.466533   1.5318931],1,1
[ 4.263405  -4.5034504],0,0
[-1.5624015  1.6392026],1,1
[ 3.6592903 -3.931932 ],0,0
[-1.5441558  1.648905 ],1,1
[ 3.9795666 -4.2205234],0,0
[-1.5962033  1.6715634],1,1
[ 3.347765 -3.716607],0,0
[-1.2775213  1.3654883],1,1
[ 3.8912907 -4.1446257],0,0
[-1.4802127  1.5375786],1,1
[-1.5199718  1.607573 ],0,1
[ 2.304531  -2.3566082],1,0
[ 4.625474  -4.9182096],0,0
[-1.5662651  1.6356947],1,1
[ 4.4742455 -4.8916435],0,0
[-1.5394996  1.610106 ],1,1
[ 4.1854086 -4.3512   ],0,0
[-1.1971898  1.2579303],1,1
[ 4.6802807 -4.8598614],0,0
[-1.4212863  1.4787204],1,1
[-0.2411251   0.22977549],0,1
[-1.4147197  1.4724238],1,1
[ 4.567538  -4.9651365],0,0
[-1.5295097  1.6185092],1,1
[ 3.6244283 -4.0595784],0,0
[-1.4277657  1.5268811],1,1
[ 0.06827985 -0.05869618],0,0
[-1.5809094  1.6766751],1,1
[-1.6310217  1.7147009],0,1
[-1.6924393  1.7710752],1,1
[ 4.8822165 -5.23162  ],0,0
[-0.66626614  0.7187768 ],1,1
[-0.0814279   0.14174895],0,1
[-1.5624101  1.6598399],1,1
[ 4.7399416 -5.1681147],0,0
[-1.4944882  1.5818064],1,1
[-1.5066425  1.5742059],0,1
[-1.5422065  1.6263775],1,1
[-1.4535372  1.5324601],0,1
[-1.403181   1.4295253],1,1
[ 4.8924007 -5.255751 ],0,0
[-1.5048804  1.5496331],1,1
[ 3.4237618 -3.6244342],0,0
[-1.414362   1.5119443],1,1
[ 4.391148  -4.7967763],0,0
[-1.5783985  1.6709445],1,1
[ 4.461106 -4.668502],0,0
[-1.3184525  1.3927243],1,1
[ 2.9906528 -3.3445787],0,0
[-1.5668874  1.6245553],1,1
[ 1.6627638 -1.8203009],0,0
[-1.6114032  1.6957834],1,1
[-0.94493854  0.98298395],0,1
[-1.3025811  1.3727185],1,1
[ 4.519561  -4.7199545],0,0
[-1.4282708  1.5213794],1,1
[-0.5236459   0.59946084],0,1
[-1.7324448  1.8140981],1,1
[ 4.8114586 -4.994976 ],0,0
[-1.4928465  1.5956838],1,1
[-1.4700038  1.5138357],0,1
[-1.1992437  1.2644134],1,1
[ 4.6669216 -4.947882 ],0,0
[-1.4697142  1.5563757],1,1
[-0.857191   0.8858327],0,1
[-1.4885473  1.5372795],1,1
[ 4.8019104 -5.139635 ],0,0
[-0.8344983   0.84921706],1,1
[ 4.129878  -4.4679303],0,0
[-1.6912186  1.7824197],1,1
[ 4.8115225 -5.096096 ],0,0
[-1.5196046  1.6060302],1,1
[ 4.0924206 -4.484414 ],0,0
[-1.7338648  1.8700159],1,1
[-1.2530363  1.3328735],0,1
[-1.6073148  1.6610836],1,1
[ 4.4250894 -4.8090606],0,0
[-1.371799   1.4775271],1,1
[ 4.508642 -4.649534],0,0
[-1.620012   1.6893322],1,1
[ 4.8657036 -5.272619 ],0,0
[-1.9968803  2.0941837],1,1
[ 4.788743  -5.0051584],0,0
[-1.6237266  1.7363183],1,1
[ 4.8723755 -5.256822 ],0,0
[-1.601387   1.6927387],1,1
[ 4.771795  -5.1210284],0,0
[-1.5672187  1.6546507],1,1
[ 4.376817  -4.7442527],0,0
[-1.5360934  1.6219035],1,1
[ 4.8141475 -5.0732565],0,0
[-1.4382093  1.4828415],1,1
[ 4.104589  -4.4421473],0,0
[-1.6985717  1.8135712],1,1
[ 4.636978  -4.8246574],0,0
[-1.3971963  1.4446125],1,1
[ 1.1168344 -1.2785974],0,0
[-1.6742775  1.7533185],1,1
[ 4.475524  -4.7540464],0,0
[-1.5879722  1.684371 ],1,1
[-1.6225238  1.6883733],0,1
[-1.6043155  1.6891327],1,1
[ 4.6886215 -5.0734386],0,0
[-1.4919103  1.5850991],1,1
[-0.09571852  0.05336155],0,1
[-1.58492    1.6720251],1,1
[ 1.156687  -1.2129877],0,0
[-1.2195733  1.2468811],1,1
[ 4.7902756 -5.116062 ],0,0
[-0.07067546  0.10033613],1,1
[ 4.92914   -5.2927046],0,0
[-1.1195848  1.195701 ],1,1
[ 3.9617388 -4.3069935],0,0
[-1.4359909  1.5263516],1,1
[ 3.1322312 -3.4769192],0,0
[-1.4350479  1.5107645],1,1
[ 3.323985  -3.6423345],0,0
[-1.5895467  1.7116113],1,1
[ 4.073141  -4.2330937],0,0
[-1.2060068  1.2657638],1,1
[ 4.34592   -4.4699316],0,0
[-1.5241854  1.6189357],1,1
[ 4.6682086 -5.0455303],0,0
[-1.525687   1.6141989],1,1
[ 1.2509084 -1.5132796],0,0
[-1.543055   1.6522664],1,1
[ 1.5387411 -1.6221149],0,0
[-1.6545029  1.7549422],1,1
[-0.75396085  0.7675749 ],0,1
[-1.2865766  1.3175153],1,1
[ 4.7887216 -5.14859  ],0,0
[-1.520529   1.6202408],1,1
[ 4.09116 -4.28545],0,0
[-1.541408   1.6153289],1,1
[ 2.0738761 -2.1443787],0,0
[-1.5990877  1.7113067],1,1
[-0.7142396   0.75399387],0,1
[-1.1939435  1.2371299],1,1
[ 4.14933   -4.3886595],0,0
[-1.5389247  1.6175795],1,1
[ 4.627687 -4.945887],0,0
[-1.6467904  1.7179819],1,1
[ 2.1017954 -2.2220724],0,0
[-1.5680398  1.6661791],1,1
[ 4.8213673 -4.9731154],0,0
[-1.5980765  1.6706929],1,1
[ 4.6180105 -4.9679794],0,0
[-1.5835146  1.6879096],1,1
[ 4.6349    -4.8189526],0,0
[-1.5822039  1.6940073],1,1
[ 4.3533273 -4.680918 ],0,0
[-1.689984  1.773492],1,1
[ 4.7123003 -5.018815 ],0,0
[-1.4003824  1.4454559],1,1
[-1.4720858  1.5333256],0,1
[-1.4300601  1.4895605],1,1
[ 4.3628225 -4.767746 ],0,0
[-1.4855944  1.5523883],1,1
[ 4.8824425 -5.208911 ],0,0
[-0.6944282  0.7227181],1,1
[ 4.2603045 -4.52553  ],0,0
[-1.6402882  1.7287813],1,1
[ 4.1116366 -4.5536165],0,0
[-1.4869237  1.611846 ],1,1
[ 4.3255444 -4.66248  ],0,0
[-1.5327443  1.5976014],1,1
[-1.550423   1.6151226],0,1
[-1.3113499  1.3670846],1,1
[ 4.4175954 -4.628044 ],0,0
[-1.4440098  1.5174894],1,1
[ 3.6914864 -3.9932745],0,0
[-1.6008302  1.6613022],1,1
[ 3.0545225 -3.4236002],0,0
[-1.6548903  1.7501633],1,1
[ 4.2662215 -4.425797 ],0,0
[-1.5447968  1.6065328],1,1
[ 1.2517519 -1.4383547],0,0
[-1.6318538  1.7238905],1,1
[ 4.652912 -5.13655 ],0,0
[-1.6100357  1.6736773],1,1
[ 4.9346504 -5.197073 ],0,0
[-1.6201566  1.6946743],1,1
[ 4.750578 -5.095791],0,0
[-1.5890062  1.6534142],1,1
[ 4.839797 -5.187677],0,0
[-1.4967933  1.593013 ],1,1
[ 4.175248 -4.545785],0,0
[-1.3227153  1.394895 ],1,1
[ 4.4251146 -4.8092103],0,0
[-1.5111209  1.5975282],1,1
[ 2.6582692 -2.8580785],0,0
[-1.496623   1.6139778],1,1
[ 3.766335  -3.9863105],0,0
[-1.5906329  1.6763585],1,1
[ 2.3637233 -2.6042237],0,0
[-0.18023145  0.19398192],1,1
[ 4.3876123 -4.6409574],0,0
[-1.5437518  1.6294289],1,1
[ 4.8268366 -5.119039 ],0,0
[-1.3891213  1.4457481],1,1
[-1.3850466  1.4669411],0,1
[-1.5146543  1.593324 ],1,1
[ 4.613818  -4.9784102],0,0
[-1.5330678  1.5916679],1,1
[ 4.2982016 -4.741725 ],0,0
[-1.6649592  1.7479286],1,1
[-0.5523298   0.54940796],0,1
[ 0.05426136 -0.0461446 ],1,0
[ 4.745019 -5.080246],0,0
[-1.4866972  1.5599287],1,1
[ 1.2726029 -1.3465836],0,0
[-1.3861847  1.4468875],1,1
[ 4.6347475 -5.071246 ],0,0
[-1.4912665  1.5678385],1,1
[ 1.4068165 -1.4905827],0,0
[-1.6107166  1.7168163],1,1
[ 3.9999552 -4.1638355],0,0
[-1.4804163  1.5078678],1,1
[ 4.8137617 -5.160924 ],0,0
[-1.5262547  1.6206031],1,1
[ 3.1469474 -3.2559228],0,0
[-1.5829601  1.6798766],1,1
[-1.6228635  1.7085409],0,1
[-1.5721655  1.7011373],1,1
[-1.5156816  1.6170741],0,1
[-1.6527407  1.7549663],1,1
[ 4.8638415 -5.2048593],0,0
[-1.4142606  1.4736718],1,1
[ 4.5128527 -4.740377 ],0,0
[-1.290717  1.386715],1,1
[ 4.15756  -4.508938],0,0
[-1.358262  1.45102 ],1,1
[ 4.784687  -5.1688404],0,0
[-1.5598509  1.6530285],1,1
[ 4.821439 -5.167555],0,0
[-1.5823255  1.6255753],1,1
[ 4.2195826 -4.58126  ],0,0
[-1.5224321  1.5819228],1,1
[ 3.6142073 -4.0299006],0,0
[-1.4445415  1.5189817],1,1
[ 1.3602967 -1.4170096],0,0
[-1.2255989  1.275184 ],1,1
[ 4.8680005 -5.199744 ],0,0
[-1.6246284  1.7249866],1,1
[ 1.3480711 -1.4114637],0,0
[-1.7047151  1.7677377],1,1
[ 4.574707  -4.9146833],0,0
[-1.5541575  1.6559446],1,1
[ 2.1478212 -2.2614815],0,0
[-1.5823104  1.6694167],1,1
[ 4.337716 -4.607333],0,0
[-1.4589043  1.5187237],1,1
[ 2.8436766 -3.0783527],0,0
[-1.309064   1.3543478],1,1
[ 4.404166  -4.7460933],0,0
[-1.6256459  1.7080991],1,1
[ 4.5068197 -4.645794 ],0,0
[-1.5332795  1.6086798],1,1
[ 4.0977116 -4.189537 ],0,0
[-1.5295559  1.6318936],1,1
[ 2.4783936 -2.6249242],0,0
[-1.5291345  1.5869179],1,1
[ 4.6062365 -4.9802074],0,0
[-1.5934154  1.6852655],1,1
[ 4.156802  -4.2435794],0,0
[-1.5541439  1.6426487],1,1
[ 4.915806 -5.225498],0,0
[-1.5266578  1.6081574],1,1
[ 3.554784 -3.737667],0,0
[-1.539249  1.621594],1,1
[ 4.7856026 -5.1600604],0,0
[-1.6239513  1.6954455],1,1
[ 1.7280173 -1.8416464],0,0
[-1.55071    1.6461387],1,1
[-0.56614083  0.58605427],0,1
[-1.563621   1.6558676],1,1
[ 1.9104118 -2.0502663],0,0
[-1.4065521  1.501075 ],1,1
[ 4.515779 -4.823905],0,0
[-1.342814   1.4158757],1,1
[ 4.6933174 -5.0642757],0,0
[-1.6277843  1.724805 ],1,1
[ 4.323468  -4.7572412],0,0
[-1.6457784  1.7392274],1,1
[ 4.0260773 -4.2308106],0,0
[-1.6081626  1.7142177],1,1
[ 4.2196198 -4.376606 ],0,0
[-1.6654758  1.7537682],1,1
[ 1.9310713 -2.1576707],0,0
[-1.5550907  1.6404305],1,1
[-1.185657   1.2555674],0,1
[-1.643243  1.754424],1,1
[-1.6881363  1.780579 ],0,1
[-1.5914721  1.669814 ],1,1
[ 4.1318254 -4.358966 ],0,0
[-1.5340759  1.6137463],1,1
[ 4.99688 -5.27527],0,0
[-1.6236893  1.730628 ],1,1
[ 4.636144 -4.986046],0,0
[-1.4999948  1.6151712],1,1
[-0.9957156  1.1133459],0,1
[-1.6602856  1.7792176],1,1
[-0.07830197  0.0723129 ],0,1
[-1.6017294  1.6947713],1,1
[ 3.3312268 -3.464995 ],0,0
[-1.5539446  1.6579154],1,1
[ 3.8235602 -3.9608943],0,0
[-1.0439918  1.0824238],1,1
[ 4.926058  -5.1390877],0,0
[-1.5314087  1.5872442],1,1
[ 3.2649858 -3.3717127],0,0
[-1.612256   1.7005332],1,1
[ 4.4154854 -4.790837 ],0,0
[-1.307605  1.371083],1,1
[ 4.946024  -5.0920444],0,0
[-1.4505793  1.5321486],1,1
[ 4.545177 -4.724828],0,0
[-1.4241393  1.4961314],1,1
[ 4.92058   -5.0912685],0,0
[-1.601968   1.6887965],1,1
[ 4.8880844 -5.104368 ],0,0
[ 1.7507621 -1.8067704],1,0
[ 4.662587 -4.966486],0,0
[-1.5470896  1.6399198],1,1
[ 4.8024282 -5.1759567],0,0
[ 1.5330732 -1.5554578],1,0
[ 4.1290298 -4.1731014],0,0
[-1.0941759  1.1406821],1,1
[ 4.792854 -5.144326],0,0
[-0.77311254  0.7879258 ],1,1
[-1.0216247  1.0793959],0,1
[-1.6150508  1.7031684],1,1
[ 4.840592  -5.1518784],0,0
[-1.549271   1.6322234],1,1
[ 4.887928 -5.226487],0,0
[-1.632197   1.7396734],1,1
[ 3.595519  -3.7024941],0,0
[-1.4990208  1.5727127],1,1
[-1.492047   1.5586663],0,1
[-1.394813   1.4678383],1,1
[ 3.059072 -3.26232 ],0,0
[-1.6291531  1.6789311],1,1
[ 1.2776912 -1.3871074],0,0
[ 0.40854567 -0.4307794 ],1,0
[ 2.0596204 -2.112832 ],0,0
[-1.0548891  1.1307789],1,1
[ 4.5516005 -4.896577 ],0,0
[-1.533637   1.6323214],1,1
[ 4.4590044 -4.844789 ],0,0
[-0.7499937  0.7634957],1,1
[ 4.5774956 -4.930049 ],0,0
[-1.6301025  1.7354116],1,1
[ 4.8521643 -5.1564255],0,0
[-1.5636904  1.6566281],1,1
[ 4.2973614 -4.525458 ],0,0
[-1.533914   1.5767221],1,1
[ 4.694513  -4.9580107],0,0
[-1.6350098  1.7062463],1,1
[ 4.820207 -5.157241],0,0
[-1.8461343  1.9680378],1,1
[ 4.272633  -4.4108233],0,0
[-1.4774015  1.56184  ],1,1
[ 4.5098767 -4.7216287],0,0
[-1.585443   1.6316379],1,1
[-1.2918787  1.3342438],0,1
[-1.525258   1.6266395],1,1
[ 4.7851048 -5.115389 ],0,0
[-1.3846229  1.4592949],1,1
[-1.4732282  1.5472295],0,1
[-1.5802028  1.6755533],1,1
[ 4.780802  -5.1481442],0,0
[-1.0573521  1.0914336],1,1
[-1.2784762  1.3242502],0,1
[-1.2811923  1.3401312],1,1
[ 4.8659143 -5.2292147],0,0
[-1.5749546  1.6605765],1,1
[-0.7696854   0.87828755],0,1
[-1.6860394  1.7690911],1,1
[ 4.784799 -5.170708],0,0
[-1.458051   1.5250297],1,1
[ 4.7577286 -5.0990844],0,0
[-1.6162848  1.7107881],1,1
[ 4.6145515 -4.939599 ],0,0
[-1.4459825  1.5165162],1,1
[ 4.4040723 -4.87763  ],0,0
[-1.4520181  1.5170062],1,1
[ 4.119849  -4.2646503],0,0
[-1.5121958  1.5636699],1,1
[ 3.9814537 -4.225642 ],0,0
[-1.4789248  1.5450492],1,1
[ 4.6690845 -5.056651 ],0,0
[-1.409055   1.4830732],1,1
[ 3.0935087 -3.2077255],0,0
[-1.386307   1.4635063],1,1
[ 4.6805954 -4.8308396],0,0
[-1.4189879  1.502646 ],1,1
[ 3.3770835 -3.6159513],0,0
[-0.42890424  0.44356424],1,1
[ 4.7379227 -5.0895224],0,0
[-1.5261843  1.6053443],1,1
[ 4.273994  -4.5550814],0,0
[-1.5663445  1.6571629],1,1
[ 4.3321133 -4.55036  ],0,0
[-2.0446248  2.1888263],1,1
[ 4.7245812 -5.053254 ],0,0
[-1.6412705  1.730985 ],1,1
[ 3.9401073 -4.053045 ],0,0
[-1.4335568  1.5205852],1,1
[ 0.08703068 -0.01602177],0,0
[-1.4700778  1.5536932],1,1
[ 4.6508565 -4.9840865],0,0
[-1.6265613  1.6894045],1,1
[ 4.7426662 -5.0819755],0,0
[-1.5657763  1.6352084],1,1
[ 4.7990093 -5.12206  ],0,0
[-1.6037855  1.6785712],1,1
[-1.5495999  1.590136 ],0,1
[-1.5336527  1.5914435],1,1
[ 4.5410395 -4.9090652],0,0
[-1.3967352  1.482291 ],1,1
[ 4.585565  -4.7538347],0,0
[-1.6077517  1.6718081],1,1
[ 4.2705154 -4.505967 ],0,0
[-1.4700952  1.5420852],1,1
[-1.3572369  1.4084743],0,1
[-1.5526928  1.62378  ],1,1
[ 4.568552 -4.967741],0,0
[-1.6207951  1.6974173],1,1
[ 4.5333266 -4.689306 ],0,0
[-1.3797164  1.460721 ],1,1
[ 4.5305595 -4.690502 ],0,0
[-1.3638358  1.4413354],1,1
[ 4.029873 -4.29416 ],0,0
[-1.3548505  1.406017 ],1,1
[ 0.43567777 -0.44999623],0,0
[-1.5094143  1.5804956],1,1
[ 4.7553005 -5.096973 ],0,0
[-0.98557913  1.0206841 ],1,1
[ 4.678342  -4.8800583],0,0
[-1.5541153  1.6008005],1,1
[ 4.329294  -4.6925516],0,0
[-1.4718425  1.5312376],1,1
[ 4.0790443 -4.4294624],0,0
[-1.3386968  1.4170784],1,1
[ 2.325202  -2.3344522],0,0
[-1.6283011  1.7085143],1,1
[ 4.5446963 -4.9164896],0,0
[-1.5676585  1.6524825],1,1
[ 4.7433376 -5.0313   ],0,0
[-1.5499911  1.6563028],1,1
[ 3.122724 -3.393546],0,0
[-1.4372153  1.5080242],1,1
[ 4.3152714 -4.5734982],0,0
[-1.600357   1.6897007],1,1
[ 4.3905754 -4.7722797],0,0
[-1.5267837  1.6180563],1,1
[-1.3204724  1.3524172],0,1
[-1.6108228  1.6857499],1,1
[ 0.6154306  -0.66197133],0,0
[-1.6439018  1.7141026],1,1
[ 3.2524824 -3.442017 ],0,0
[-1.5873783  1.6815262],1,1
[ 4.5082836 -4.923741 ],0,0
[-1.4885495  1.5277765],1,1
[ 4.5674257 -4.8306885],0,0
[-1.3828477  1.406505 ],1,1
[ 4.2239194 -4.542845 ],0,0
[ 0.15642095 -0.13552275],1,0
[ 4.873434  -5.1102204],0,0
[-1.4719471  1.4683039],1,1
[ 3.6354358 -3.852394 ],0,0
[-1.559441   1.6541417],1,1
[-1.6721025  1.7827604],0,1
[ 0.4925845  -0.47574872],1,0
[ 4.864835 -5.1772  ],0,0
[-1.6809483  1.7576165],1,1
[ 4.724763  -5.1414666],0,0
[-1.5369995  1.6173828],1,1
[ 4.78055  -5.003345],0,0
[-1.3561912  1.4308205],1,1
[ 4.467724 -4.795071],0,0
[-1.4663498  1.5447636],1,1
[ 4.133017 -4.336343],0,0
[-1.5533497  1.6227751],1,1
[ 4.651888 -4.783295],0,0
[-1.6020257  1.6943862],1,1
[-1.526406   1.6308916],0,1
[-1.6390269  1.7596551],1,1
[-0.14711589  0.18388295],0,1
[-1.6150725  1.7118998],1,1
[ 4.5262794 -4.803929 ],0,0
[-1.4666023  1.5472183],1,1
[ 4.8686295 -5.1614966],0,0
[-1.4302645  1.5011902],1,1
[ 4.758848  -5.0185757],0,0
[-1.5044107  1.5901827],1,1
[-0.8994844  0.9269881],0,1
[-1.3958405  1.4830977],1,1
[ 4.724887  -4.9835114],0,0
[-1.5894318  1.6445469],1,1
[ 4.31544  -4.447698],0,0
[-1.4315569  1.4502906],1,1
[ 4.0423393 -4.2548866],0,0
[-1.5889888  1.7160537],1,1
[ 4.547048  -4.8847566],0,0
[-1.5445807  1.6103845],1,1
[ 3.9521608 -4.0948052],0,0
[-1.4190173  1.4877478],1,1
[-0.9364418   0.95591533],0,1
[-1.3017576  1.3736145],1,1
[ 4.8979764 -5.0481415],0,0
[-1.5388944  1.6500236],1,1
[ 3.782127  -4.0920644],0,0
[-1.7475142  1.8402636],1,1
[ 4.4713187 -4.7327013],0,0
[-0.9348674  1.0230803],1,1
[ 4.867347 -5.137885],0,0
[-1.5594373  1.627669 ],1,1
[ 4.919098 -5.299179],0,0
[-1.4766016  1.5613809],1,1
[ 4.810599  -5.0514865],0,0
[-1.5855407  1.6933227],1,1
[ 4.6129403 -4.8161526],0,0
[-1.6895823  1.78526  ],1,1
[ 1.6288921 -1.6324308],0,0
[-1.4803846  1.5708449],1,1
[ 4.0820184 -4.451523 ],0,0
[-1.5884097  1.6608562],1,1
[ 4.772183 -5.047334],0,0
[-1.4010122  1.4469843],1,1
[ 4.5716095 -4.660396 ],0,0
[-1.3787146  1.4546754],1,1
[ 4.4182825 -4.6270294],0,0
[-1.2922924  1.3734872],1,1
[-1.0866354  1.1185148],0,1
[-1.4713676  1.546253 ],1,1
[-1.5250491  1.6177354],0,1
[-1.8433965  1.9881254],1,1
[ 3.778572  -3.9434352],0,0
[-1.7060547  1.8116128],1,1
[ 4.25751   -4.4557476],0,0
[-1.6110306  1.7166134],1,1
[ 4.7778177 -4.8811893],0,0
[-1.5915225  1.6765577],1,1
[-1.2638416  1.3120546],0,1
[-1.6208253  1.6834898],1,1
[ 4.012723  -4.2924857],0,0
[-1.6113284  1.701448 ],1,1
[ 4.749709  -5.1099415],0,0
[-1.6766135  1.7893883],1,1
[ 4.897656 -5.271497],0,0
[-1.6441702  1.751331 ],1,1
[ 1.4855714 -1.5679641],0,0
[-1.5444176  1.5853531],1,1
[ 4.2790937 -4.482652 ],0,0
[-1.3292027  1.3755724],1,1
[ 4.303405 -4.536888],0,0
[-1.3362381  1.4210591],1,1
[ 4.717454  -5.0003257],0,0
[-0.1343058   0.07672916],1,1
[ 2.793043  -3.1225765],0,0
[ 0.24630561 -0.27247524],1,0
[ 4.487384  -4.7891836],0,0
[-1.5111803  1.6140331],1,1
[-1.3005662  1.3805513],0,1
[-1.6337422  1.7372216],1,1
[ 4.0903435 -4.386162 ],0,0
[-1.4091254  1.4763484],1,1
[ 4.8418407 -5.2042847],0,0
[-1.6083107  1.700812 ],1,1
[ 4.729683  -4.9060316],0,0
[-1.4212521  1.4713274],1,1
[ 3.295187 -3.723297],0,0
[-1.5136913  1.6242719],1,1
[ 4.9332237 -5.209531 ],0,0
[-1.5178956  1.5303184],1,1
[ 1.5688648 -1.61775  ],0,0
[-1.2078868  1.2458707],1,1
[ 2.4576397 -2.6503143],0,0
[-1.8893347  2.024444 ],1,1
[ 0.91727126 -0.8660122 ],0,0
[-1.6258183  1.7232056],1,1
[-1.2309706  1.3018601],0,1
[-1.5545759  1.6440738],1,1
[ 4.893551  -5.2806554],0,0
[-1.7088192  1.7821174],1,1
[ 1.8750515 -1.9259005],0,0
[-1.5506783  1.6243789],1,1
[ 4.6150603 -5.043225 ],0,0
[-1.539587   1.6468695],1,1
[-0.18971512  0.20795198],0,1
[-1.5134718  1.5933338],1,1
[ 4.7226906 -5.2336335],0,0
[-1.4094219  1.44663  ],1,1
[ 1.0864663 -1.116822 ],0,0
[-1.3797097  1.4468175],1,1
[ 4.8125353 -5.0448756],0,0
[-1.5433779  1.5916846],1,1
[ 4.561866 -4.889567],0,0
[-1.3437854  1.3923758],1,1
[-0.8407153  0.8419399],0,1
[-1.1032084  1.1296346],1,1
[ 4.5237336 -4.752217 ],0,0
[-1.5149229  1.6091945],1,1
[-1.1607757  1.2964618],0,1
[-1.564311   1.6476216],1,1
[ 0.08929622 -0.13056692],0,0
[-1.6188425  1.6824486],1,1
[ 4.738145 -4.90869 ],0,0
[-1.491602   1.5519397],1,1
[ 4.8866124 -5.2025757],0,0
[-1.7256191  1.8188889],1,1
[ 3.977731 -4.109809],0,0
[-1.5084422  1.5799191],1,1
[ 4.002565  -4.2707977],0,0
[-1.5332232  1.6079619],1,1
[ 3.9645824 -4.0976205],0,0
[-1.5654243  1.6563692],1,1
[ 3.7102075 -3.9486604],0,0
[-1.629431   1.6885206],1,1
[ 1.0584612 -1.1306466],0,0
[-1.4786698  1.5610912],1,1
[ 4.7797384 -5.144527 ],0,0
[-1.4544164  1.5117147],1,1
[ 4.456198 -4.671151],0,0
[-1.3230245  1.376027 ],1,1
[ 3.420298 -3.556694],0,0
[-1.5213997  1.5934919],1,1
[ 4.821624 -5.158798],0,0
[-1.4453858  1.5404097],1,1
[-0.06936936  0.06937297],0,1
[-1.3660307  1.4255015],1,1
[ 4.940546  -5.3086305],0,0
[-1.6038451  1.6628568],1,1
[ 4.627421  -4.9681244],0,0
[-1.6204959  1.7188742],1,1
[ 4.79416  -5.212084],0,0
[-1.4304423  1.5104692],1,1
[ 4.0271535 -4.3147807],0,0
[ 1.8328552 -1.9601815],1,0
[ 3.8159158 -4.1055655],0,0
[-1.2664645  1.2786536],1,1
[ 4.410653  -4.8410435],0,0
[-1.5217662  1.5944173],1,1
[ 4.9430885 -5.1727343],0,0
[-1.6266923  1.7483165],1,1
[ 4.3542867 -4.676949 ],0,0
[-1.2998661  1.3746923],1,1
[ 4.4910164 -4.8849425],0,0
[-1.3486685  1.4114616],1,1
[-0.19573665  0.23152338],0,1
[-1.5405332  1.6411564],1,1
[ 3.6173801 -3.7935357],0,0
[-1.5455749  1.6305598],1,1
[ 4.1264687 -4.2654533],0,0
[-1.6670547  1.7455974],1,1
[ 4.894676  -5.1924796],0,0
[-1.5752529  1.6798599],1,1
[ 4.8422728 -5.2220507],0,0
[-1.5224152  1.5711789],1,1
[ 3.6214788 -3.983252 ],0,0
[-1.64765    1.7515436],1,1
[ 3.0712037 -3.3189516],0,0
[-1.4347826  1.4961696],1,1
[ 4.8131647 -5.207133 ],0,0
[-1.8036749  1.8896561],1,1
[ 2.6358297 -2.6436043],0,0
[-1.5702174  1.6660197],1,1
[ 0.03817744 -0.06669755],0,0
[-1.5373566  1.6260852],1,1
[ 4.0533724 -4.3014045],0,0
[-1.9107063  2.0435674],1,1
[ 1.6040685 -1.6715813],0,0
[-1.5645399  1.6511576],1,1
[ 2.671146  -2.9215965],0,0
[-1.6141088  1.6901553],1,1
[ 3.4786024 -3.7168536],0,0
[-1.5248238  1.6053808],1,1
[ 3.851053 -4.221358],0,0
[-1.5799468  1.6656679],1,1
[ 4.313889  -4.6907787],0,0
[-1.1944877  1.2713947],1,1
[ 4.750373 -4.967135],0,0
[-0.51764655  0.5267068 ],1,1
[ 4.780367 -5.012383],0,0
[-1.521453   1.5918056],1,1
[-0.7249588  0.7427268],0,1
[-1.5264571  1.5613712],1,1
[ 4.8122687 -5.00939  ],0,0
[-1.3453462  1.4198532],1,1
[ 2.8940926 -3.0804312],0,0
[-1.3510491  1.4135246],1,1
[ 2.6999009 -2.8417544],0,0
[-1.5284674  1.5974345],1,1
[ 3.9743798 -4.2925744],0,0
[-1.5013833  1.5811656],1,1
[ 0.7982409  -0.87587136],0,0
[-1.5490141  1.6276857],1,1
[ 4.76412  -5.114994],0,0
[-1.4365325  1.4968169],1,1
[ 3.639777 -3.80302 ],0,0
[-1.5293188  1.606521 ],1,1
[ 4.666408 -5.070817],0,0
[-1.5486684  1.646615 ],1,1
[ 4.380787  -4.5627227],0,0
[-1.557954   1.6377547],1,1
[-0.7985275   0.83479273],0,1
[-1.5825776  1.6611099],1,1
[ 4.7040925 -4.928117 ],0,0
[-1.4330301  1.5002558],1,1
[ 4.7987127 -5.223859 ],0,0
[-1.7204925  1.8359239],1,1
[ 3.6624975 -3.8870468],0,0
[-1.515915   1.6185622],1,1
[ 4.1892343 -4.3979125],0,0
[-1.3975554  1.4724646],1,1
[ 4.9414225 -5.250028 ],0,0
[-1.8046584  1.9486885],1,1
[ 4.7889905 -4.925568 ],0,0
[-1.0485923  1.0933223],1,1
[ 4.282974 -4.636527],0,0
[-1.4520249  1.4907538],1,1
[ 4.8603315 -5.035898 ],0,0
[-1.5808451  1.641073 ],1,1
[ 4.3800287 -4.6397076],0,0
[-1.4928069  1.5526481],1,1
[ 3.9906092 -4.1008334],0,0
[-1.3626499  1.4175279],1,1
[-0.18863511  0.2475557 ],0,1
[-1.6910808  1.8027835],1,1
[ 1.4489083 -1.5073123],0,0
[-1.5237827  1.5954261],1,1
[ 3.9623554 -4.0459676],0,0
[-1.5728364  1.6897388],1,1
[ 1.2495059 -1.3870214],0,0
[-1.5964646  1.7075121],1,1
[ 4.3723006 -4.5144777],0,0
[ 1.1842456 -1.1895084],1,0
[ 4.3621492 -4.4332247],0,0
[-1.6262629  1.7356732],1,1
[ 0.71468675 -0.71671724],0,0
[-1.5498018  1.6469643],1,1
[ 4.253544  -4.4407997],0,0
[-1.7671943  1.886606 ],1,1
[ 4.722098 -5.017693],0,0
[-1.5660048  1.6405377],1,1
[-0.08739716  0.10936931],0,1
[-0.3329164   0.34532928],1,1
[ 2.0260222 -2.0592282],0,0
[ 0.7225745 -0.6976463],1,0
[ 3.960844 -4.18078 ],0,0
[-0.0776302   0.09526126],1,1
[ 4.811204 -5.189296],0,0
[-1.5194163  1.6352408],1,1
[ 3.6621437 -4.0623813],0,0
[-1.3583738  1.4151227],1,1
[ 4.7397833 -5.069463 ],0,0
[-1.4271383  1.4858065],1,1
[ 4.72355  -4.961206],0,0
[-1.5402989  1.602401 ],1,1
[ 4.2878957 -4.5758233],0,0
[-1.5294552  1.6188099],1,1
[ 2.7998893 -2.9716396],0,0
[-1.6241956  1.7284937],1,1
[ 3.7057204 -3.8949854],0,0
[-1.4476475  1.5344819],1,1
[-0.41241822  0.4554819 ],0,1
[-1.50772    1.6250027],1,1
[ 4.6408806 -4.975865 ],0,0
[-1.435173   1.5385675],1,1
[ 1.924361 -2.06002 ],0,0
[-1.491491   1.5778664],1,1
[ 2.7411137 -2.878197 ],0,0
[-1.2900379  1.3417904],1,1
[ 4.586355  -4.7495594],0,0
[-1.4908336  1.5221915],1,1
[-0.10145102  0.19523896],0,1
[-1.444413   1.5043349],1,1
[ 0.47518796 -0.48409858],0,0
[-1.297791   1.3418293],1,1
[ 3.071021  -3.1634493],0,0
[-1.5715923  1.656003 ],1,1
[-1.5722613  1.6792017],0,1
[-1.5597959  1.6153762],1,1
[ 4.7826014 -5.1194873],0,0
[-1.5496697  1.6234348],1,1
[ 1.4824083 -1.5646989],0,0
[-1.6683879  1.7585247],1,1
[ 4.8166695 -5.15415  ],0,0
[-1.6668019  1.7704177],1,1
[ 4.777401 -5.094207],0,0
[-1.5306236  1.590558 ],1,1
[ 4.1841125 -4.516466 ],0,0
[-1.6719643  1.7603462],1,1
[ 1.1761097 -1.2477293],0,0
[-1.4689088  1.536145 ],1,1
[ 4.6455755 -4.843913 ],0,0
[-1.4769477  1.5661228],1,1
[ 2.560486  -2.7522864],0,0
[-1.4934676  1.5437658],1,1
[ 4.435709  -4.6344185],0,0
[-1.5109107  1.61788  ],1,1
[ 4.318174 -4.55933 ],0,0
[-1.4644884  1.5013511],1,1
[ 3.399575  -3.7541685],0,0
[-1.5531883  1.6327957],1,1
[ 4.4724617 -4.8004475],0,0
[-0.9132778  0.9492855],1,1
[ 4.390446  -4.7753854],0,0
[-1.1954732  1.2172798],1,1
[ 4.39157   -4.7379513],0,0
[-1.5239272  1.6007444],1,1
[ 4.426531 -4.691466],0,0
[-1.0876195  1.1193544],1,1
[ 4.9023075 -5.2738295],0,0
[-1.7349617  1.8289438],1,1
[ 4.748136  -5.1208143],0,0
[-0.9241382  0.940747 ],1,1
[ 4.733054 -5.055166],0,0
[-1.6133432  1.6996017],1,1
[ 4.57434   -4.9149375],0,0
[-1.2497662  1.2989657],1,1
[ 4.8301477 -5.1539774],0,0
[-1.5785959  1.6423717],1,1
[ 1.1960604 -1.3101052],0,0
[-1.3897796  1.4418184],1,1
[ 2.1392913 -2.3228574],0,0
[-1.4934208  1.550417 ],1,1
[ 4.8166447 -4.9900556],0,0
[-1.5291842  1.5901875],1,1
[ 4.5811634 -4.9613867],0,0
[-1.5790956  1.6746254],1,1
[ 4.7990704 -4.987398 ],0,0
[-1.5524333  1.6201925],1,1
[ 4.7817903 -5.0823293],0,0
[-1.563062   1.6333755],1,1
[ 4.942215  -5.2634287],0,0
[-1.4122415  1.4786015],1,1
[ 4.2299623 -4.41886  ],0,0
[-1.5741744  1.6717576],1,1
[ 4.768584 -5.035325],0,0
[-1.4665163  1.5520654],1,1
[ 4.897234  -5.1687865],0,0
[-1.3563253  1.3964922],1,1
[ 0.1453613  -0.12959374],0,0
[-1.4352682  1.5259254],1,1
[ 4.6746316 -5.0214233],0,0
[-1.4004447  1.4666152],1,1
[ 4.2132854 -4.5123487],0,0
[-1.5127215  1.6201289],1,1
[ 4.3421216 -4.6799483],0,0
[-1.5140398  1.5952721],1,1
[ 4.748192 -4.874951],0,0
[-1.6213694  1.7209482],1,1
[ 4.6428504 -4.839832 ],0,0
[-1.6116326  1.7107095],1,1
[ 4.6627955 -4.867307 ],0,0
[-1.581521   1.6336092],1,1
[ 4.0334373 -4.214123 ],0,0
[-1.7840843  1.9387935],1,1
[ 4.4997854 -4.809924 ],0,0
[-1.2816944  1.3561087],1,1
[ 4.177143  -4.5440826],0,0
[ 0.3214714  -0.29707053],1,0
[ 4.4272823 -4.633762 ],0,0
[-1.4792416  1.5446332],1,1
[ 1.5956578 -1.6941681],0,0
[-1.5490077  1.6155231],1,1
[ 4.404361  -4.7848496],0,0
[-1.5275768  1.5915023],1,1
[ 4.729005 -4.874905],0,0
[-1.592778   1.6883345],1,1
[ 1.2506841 -1.2604058],0,0
[ 1.1210423 -1.0833223],1,0
[ 1.3259293 -1.3373448],0,0
[-1.6775125  1.7843558],1,1
[ 4.908541  -5.0939636],0,0
[-1.5043182  1.5701448],1,1
[ 4.480539  -4.6135135],0,0
[-1.493963   1.5648307],1,1
[ 4.2915106 -4.5918093],0,0
[-1.5128556  1.6054144],1,1
[ 4.247916  -4.6576357],0,0
[-1.5605025  1.6076362],1,1
[-1.4800917  1.5466404],0,1
[-1.4449114  1.5184089],1,1
[-0.12737934  0.13780645],0,1
[-1.566062   1.6651467],1,1
[ 4.12314   -4.5534983],0,0
[-1.5914675  1.6603525],1,1
[ 0.9828638 -1.0609536],0,0
[-0.8370651  0.9081683],1,1
[ 4.168825  -4.4711027],0,0
[-1.6291919  1.719876 ],1,1
[-1.5392554  1.59707  ],0,1
[-1.4351022  1.5071613],1,1
[ 4.3268127 -4.504204 ],0,0
[-1.3823225  1.4775374],1,1
[ 4.972803 -5.293596],0,0
[-1.6795628  1.781673 ],1,1
[ 3.1840224 -3.2665257],0,0
[-1.4556099  1.5725039],1,1
[ 4.709983 -5.035091],0,0
[-1.55815    1.6707627],1,1
[ 4.0793867 -4.2170877],0,0
[-1.5102599  1.5831798],1,1
[ 0.67761517 -0.6963553 ],0,0
[-1.487619   1.5649862],1,1
[ 3.877672  -4.1819916],0,0
[-1.5181077  1.6018631],1,1
[-1.4164205  1.4569376],0,1
[-1.5712235  1.6387738],1,1
[-1.5569435  1.6718806],0,1
[-1.4840966  1.5694842],1,1
[ 1.5210435 -1.618731 ],0,0
[-1.4315221  1.5131292],1,1
[-1.4385204  1.5129087],0,1
[-1.5192342  1.5787473],1,1
[ 0.41185188 -0.46438336],0,0
[-0.5688183   0.62537575],1,1
[ 0.6368444  -0.61818457],0,0
[-0.09942155  0.11006761],1,1
[ 4.3638654 -4.540902 ],0,0
[-1.4721434  1.583247 ],1,1
[ 4.418932 -4.834879],0,0
[-1.5740191  1.6503536],1,1
[-1.3426554  1.386842 ],0,1
[-1.4799553  1.5529824],1,1
[ 3.9691262 -4.2035465],0,0
[-1.5418116  1.6363224],1,1
[ 3.50284   -3.6151438],0,0
[-1.2123278  1.321531 ],1,1
[ 4.4194965 -4.548416 ],0,0
[-1.6697198  1.7565818],1,1
[ 4.025708 -4.183558],0,0
[-1.5984423  1.6707387],1,1
[ 1.2675021 -1.3736744],0,0
[-1.5724604  1.6729488],1,1
[-0.0891424   0.12887716],0,1
[-1.3406738  1.3816015],1,1
[ 3.557352  -3.7427316],0,0
[-1.5537524  1.630461 ],1,1
[ 4.8082523 -5.0960217],0,0
[-1.5548103  1.6343868],1,1
[ 1.5466453 -1.646039 ],0,0
[-1.4667854  1.5207722],1,1
[ 0.9685991 -1.0958805],0,0
[-1.4381322  1.5304711],1,1
[ 4.6534243 -4.925964 ],0,0
[-1.0906641  1.1383252],1,1
[ 1.269707  -1.3073504],0,0
[-1.2006599  1.26768  ],1,1
[ 3.9972875 -4.1779695],0,0
[-1.5142293  1.5837462],1,1
[ 4.739234  -5.0913434],0,0
[ 0.4966529  -0.49298263],1,0
[ 4.80182   -5.1369433],0,0
[-1.3903819  1.4528275],1,1
[ 4.7847633 -5.157985 ],0,0
[-1.6014817  1.6990806],1,1
[ 4.352851 -4.665118],0,0
[-1.5609252  1.64886  ],1,1
[ 4.7788215 -5.028796 ],0,0
[-1.4817502  1.5470243],1,1
[ 3.746996 -4.051986],0,0
[-1.5539275  1.635689 ],1,1
[ 4.727854 -5.112086],0,0
[-1.602194   1.6920247],1,1
[-1.7103752  1.7901454],0,1
[-1.5722766  1.6571972],1,1
[ 4.642903  -4.9361105],0,0
[-1.6901637  1.7725257],1,1
[ 4.907075 -5.051411],0,0
[-1.4703077  1.5273663],1,1
[ 4.902567 -5.090913],0,0
[-1.5998666  1.6836549],1,1
[ 4.0451794 -4.2715826],0,0
[-1.6156216  1.7172632],1,1
[ 4.412364  -4.8138638],0,0
[-1.6877601  1.7896523],1,1
[ 2.0082018 -2.1010346],0,0
[-1.6636989  1.7549922],1,1
[ 4.858164  -5.0058393],0,0
[-1.645441   1.6914202],1,1
[ 2.2482312 -2.3299782],0,0
[-1.5267838  1.6026812],1,1
[ 4.9355564 -5.2852926],0,0
[-1.7445809  1.8501077],1,1
[ 4.426923 -4.844685],0,0
[-1.010674   0.9937786],1,1
[ 1.3887012 -1.5124792],0,0
[-1.5897505  1.6670125],1,1
[-0.1922951   0.18519929],0,1
[-1.4952788  1.590531 ],1,1
[ 4.6934566 -4.8196983],0,0
[-1.5184159  1.6271341],1,1
[-1.4498334  1.5369151],0,1
[-1.6317947  1.7182202],1,1
[ 4.7927322 -5.0393276],0,0
[-0.06825507  0.04373256],1,1
[ 4.8454905 -5.0342355],0,0
[-1.4341829  1.4876622],1,1
[ 4.847187 -5.19719 ],0,0
[-1.2042525  1.2836576],1,1
[ 4.811857 -5.219348],0,0
[-1.5539746  1.6334629],1,1
[ 4.3493805 -4.7043495],0,0
[-1.5396683  1.630802 ],1,1
[ 4.7095585 -4.988999 ],0,0
[-1.6461463  1.7494403],1,1
[ 4.3674965 -4.644023 ],0,0
[-1.6359379  1.7062005],1,1
[ 4.483854 -4.8231  ],0,0
[-1.4006898  1.4439696],1,1
[ 2.7415385 -2.9769871],0,0
[-1.6134337  1.7107115],1,1
[ 4.6865883 -4.950455 ],0,0
[-1.5912938  1.6536175],1,1
[ 4.697985 -5.045331],0,0
[-1.615069   1.7159673],1,1
[-1.5790861  1.6853352],0,1
[-1.5807147  1.7103266],1,1
[ 4.8111134 -5.203844 ],0,0
[-1.476044   1.5239022],1,1
[ 4.7099934 -5.033531 ],0,0
[-1.5742732  1.6712346],1,1
[ 4.385949 -4.753768],0,0
[-1.6025739  1.6923642],1,1
[ 3.960723  -4.1729693],0,0
[-1.4549961  1.5153193],1,1
[-1.5847243  1.6569211],0,1
[-1.361789   1.4567903],1,1
[ 4.7791443 -4.934766 ],0,0
[-1.4652247  1.526159 ],1,1
[ 4.50044  -4.669974],0,0
[-1.5793283  1.6483555],1,1
[ 4.7941823 -5.0995255],0,0
[-1.3672625  1.4106386],1,1
[ 4.361802 -4.560217],0,0
[-1.1838971  1.2862341],1,1
[ 0.11437771 -0.14842556],0,0
[-1.4174852  1.4990339],1,1
[ 2.2231479 -2.3856485],0,0
[-1.6905951  1.7883098],1,1
[ 4.828093 -5.185719],0,0
[-1.5955988  1.690101 ],1,1
[ 4.7512555 -5.1178308],0,0
[-1.4667485  1.5672796],1,1
[ 4.5133896 -4.871749 ],0,0
[ 0.0780697  -0.03218916],1,0
[ 3.3015003 -3.4468145],0,0
[-1.562614   1.6560829],1,1
[ 4.48988  -4.788456],0,0
[-1.5090959  1.6109444],1,1
[ 4.684301 -4.822649],0,0
[-1.170835   1.2176433],1,1
[ 4.6866016 -4.9245286],0,0
[-1.5809386  1.6607013],1,1
[-0.16135904  0.06792685],0,1
[-1.4972876  1.5647953],1,1
[-0.5236379   0.55478764],0,1
[-1.5867734  1.6778908],1,1
[ 3.796105 -3.877771],0,0
[-1.5710385  1.6676656],1,1
[ 3.0122828 -3.1058447],0,0
[-1.6108091  1.6629896],1,1
[ 3.4723074 -3.8153334],0,0
[-1.3192946  1.3699598],1,1
[ 3.9515038 -4.1292105],0,0
[-1.2226293  1.2503448],1,1
[ 4.547187  -4.7919044],0,0
[-1.5572293  1.6392512],1,1
[ 4.374488  -4.5051923],0,0
[-1.616645   1.7005831],1,1
[ 3.803083  -4.0895214],0,0
[-1.489077   1.5597575],1,1
[ 4.9352226 -5.2344728],0,0
[-1.5235626  1.5985453],1,1
[ 4.5804443 -4.897196 ],0,0
[-1.6225471  1.7310331],1,1
[ 1.6941059 -1.7406403],0,0
[-1.54708    1.6190009],1,1
[-1.4737285  1.5324957],0,1
[-1.2016518  1.3030105],1,1
[ 1.1802658 -1.2509642],0,0
[-1.5876533  1.695965 ],1,1
[ 1.0903801 -1.1324807],0,0
[-1.5085535  1.5577751],1,1
[-1.461606  1.521399],0,1
[-1.510002   1.5759833],1,1
[ 4.4814997 -4.5819383],0,0
[-1.2857162  1.3295257],1,1
[-0.9802927  1.0152923],0,1
[-1.5552545  1.6293582],1,1
[ 4.14063   -4.5357814],0,0
[-1.622714   1.7431822],1,1
[ 4.773536  -5.1177382],0,0
[-1.5433235  1.6251388],1,1
[ 4.469968  -4.8724914],0,0
[-1.5248528  1.5886705],1,1
[ 4.7204294 -4.9252467],0,0
[-1.5513065  1.636822 ],1,1
[ 4.7728224 -4.9290047],0,0
[-1.6627784  1.7223592],1,1
[ 2.6150553 -2.6774554],0,0
[-0.01895978 -0.04158769],1,0
[ 4.8156285 -5.13165  ],0,0
[-1.5076863  1.5844724],1,1
[-1.3596269  1.4366834],0,1
[-1.4883786  1.5533775],1,1
[ 4.640443 -5.058433],0,0
[-1.5556712  1.6367065],1,1
[-1.6109158  1.6886373],0,1
[-1.5536973  1.6222994],1,1
[ 4.5860395 -4.8173256],0,0
[-1.5816683  1.6747704],1,1
[-1.5530462  1.6463295],0,1
[-1.898067   2.0683253],1,1
[ 4.4831495 -4.884255 ],0,0
[-1.6270039  1.708204 ],1,1
[ 0.52146363 -0.52073807],0,0
[-1.5051017  1.5735719],1,1
[ 4.6795754 -4.9761086],0,0
[-1.6118121  1.6960702],1,1
[ 4.9014807 -5.196318 ],0,0
[-1.5127289  1.585503 ],1,1
[ 4.138844  -4.5084667],0,0
[-1.6731129  1.7686664],1,1
[ 4.4490433 -4.6159563],0,0
[-1.6152447  1.7033234],1,1
[ 4.751732  -5.0686803],0,0
[-1.5170586  1.577136 ],1,1
[ 4.917881 -5.292513],0,0
[-1.4346564  1.4937189],1,1
[ 4.6336555 -4.8559895],0,0
[-1.6084044  1.7039392],1,1
[ 4.7099857 -5.1530094],0,0
[-1.6669252  1.7308469],1,1
[ 4.612857  -4.9323626],0,0
[-1.4121187  1.4999447],1,1
[ 4.7009044 -4.9843082],0,0
[-1.2106942  1.2567291],1,1
[ 1.5858564 -1.6467205],0,0
[-1.5746208  1.655952 ],1,1
[ 4.0926967 -4.5327578],0,0
[-1.63624    1.6988416],1,1
[ 4.1553764 -4.532615 ],0,0
[ 0.545482   -0.50097555],1,0
[ 4.17564  -4.421169],0,0
[-1.4954593  1.579299 ],1,1
[ 3.0850434 -3.2157025],0,0
[-1.7236062  1.81274  ],1,1
[ 3.4653249 -3.5710034],0,0
[-1.4686463  1.560338 ],1,1
[ 4.4715095 -4.680169 ],0,0
[-1.4843249  1.5514485],1,1
[ 4.6626053 -5.061044 ],0,0
[-0.8885057  0.9015175],1,1
[ 4.5631332 -5.018296 ],0,0
[-1.5527412  1.6350397],1,1
[ 4.745099 -5.02467 ],0,0
[-1.5340456  1.6128635],1,1
[ 3.3911717 -3.557632 ],0,0
[-1.5832286  1.687689 ],1,1
[ 3.35258   -3.5052762],0,0
[-1.4104056  1.4693681],1,1
[ 4.2866836 -4.461959 ],0,0
[-1.5918765  1.6734395],1,1
[ 4.508532 -4.98085 ],0,0
[-1.569113   1.6848179],1,1
[ 4.617587  -4.9688725],0,0
[-1.3815198  1.441584 ],1,1
[ 4.598756  -4.9215937],0,0
[-1.5805503  1.6595734],1,1
[ 3.0754912 -3.165544 ],0,0
[-1.6049066  1.6988893],1,1
[ 4.778837 -5.01992 ],0,0
[-1.4513102  1.5235074],1,1
[ 4.1935925 -4.406453 ],0,0
[-1.4390901  1.5184412],1,1
[ 4.6518145 -5.010293 ],0,0
[-1.3817933  1.4592569],1,1
[ 3.2128496 -3.4313889],0,0
[-1.619221   1.6940618],1,1
[ 3.1691036 -3.5166836],0,0
[-1.4305842  1.5003567],1,1
[ 4.0652037 -4.3911805],0,0
[-1.6061032  1.6706326],1,1
[ 3.5975015 -3.6975675],0,0
[-1.5277524  1.6346933],1,1
[ 2.2092283 -2.195953 ],0,0
[-1.4643121  1.5391219],1,1
[ 4.786648  -5.1083612],0,0
[-1.1986057  1.2374337],1,1
[ 4.457257  -4.6867113],0,0
[-1.6276573  1.7198622],1,1
[ 4.953257  -5.1982164],0,0
[-0.0269184  -0.01060108],1,1
[ 4.3812885 -4.736616 ],0,0
[-1.5533574  1.6263607],1,1
[ 4.440484  -4.6668015],0,0
[-1.4604459  1.547693 ],1,1
[ 4.6908646 -5.030836 ],0,0
[-1.569886   1.6668293],1,1
[ 4.5905576 -4.80198  ],0,0
[-1.4203486  1.4754199],1,1
[ 4.0560603 -4.3744917],0,0
[-1.6606905  1.7677069],1,1
[ 4.740751 -5.059288],0,0
[-1.5248783  1.6007476],1,1
[ 4.834136  -5.2086067],0,0
[-1.5521877  1.6282656],1,1
[ 0.8278072  -0.88815963],0,0
[-1.4365718  1.5254557],1,1
[ 4.1140103 -4.3961906],0,0
[-1.544409   1.6262472],1,1
[ 4.3064303 -4.71881  ],0,0
[-1.4534879  1.5330222],1,1
[ 4.799836  -5.1429625],0,0
[-1.6660293  1.652988 ],1,1
[ 4.074889 -4.261092],0,0
[0.01752814 0.00669466],1,0
[ 4.0628695 -4.2763224],0,0
[-1.7211707  1.8190988],1,1
[ 3.9865763 -4.1547537],0,0
[-1.5784225  1.6907158],1,1
[ 4.922505 -5.259633],0,0
[-1.6330823  1.7208202],1,1
[ 4.638776  -5.1125894],0,0
[-1.5055897  1.6043446],1,1
[ 3.6155639 -3.6959774],0,0
[-1.7054693  1.792356 ],1,1
[ 4.652718  -4.7878914],0,0
[-1.5863209  1.6845504],1,1
[ 4.2993965 -4.675384 ],0,0
[-1.5803837  1.67032  ],1,1
[ 4.6472564 -5.066067 ],0,0
[-1.457205   1.5392451],1,1
[ 0.80185187 -0.88921654],0,0
[-0.37480396  0.39752752],1,1
[ 4.5282507 -4.747149 ],0,0
[ 2.1546822 -2.2559597],1,0
[ 3.0536456 -3.170432 ],0,0
[-1.509786   1.6015904],1,1
[ 4.7118325 -4.928659 ],0,0
[-1.5266987  1.6078426],1,1
[ 3.4828863 -3.6035087],0,0
[-1.4726647  1.5451202],1,1
[ 4.206454  -4.4053726],0,0
[-1.4782075  1.5715754],1,1
[ 4.446953 -4.879772],0,0
[-1.5818601  1.6433041],1,1
[ 4.265791  -4.6128664],0,0
[-1.6181077  1.7090838],1,1
[ 4.3088627 -4.576541 ],0,0
[ 1.7008007 -1.8493654],1,0
[ 4.654245 -5.006402],0,0
[-1.2445027  1.2658259],1,1
[ 4.8834677 -5.2355175],0,0
[-1.6135814  1.7259939],1,1
[ 3.2105489 -3.4872713],0,0
[-1.487351   1.5729504],1,1
[ 4.740163  -4.9130206],0,0
[-1.5985506  1.6660156],1,1
[ 1.9103028 -1.9972267],0,0
[-1.3454549  1.4329691],1,1
[ 4.7595186 -5.101159 ],0,0
[-1.6521026  1.7417973],1,1
[ 4.5058074 -4.884956 ],0,0
[-1.6227374  1.6990631],1,1
[ 4.548975 -4.90324 ],0,0
[-1.4352094  1.527007 ],1,1
[ 4.4920397 -4.6941266],0,0
[-0.9542725  0.9635888],1,1
[ 4.35497  -4.404071],0,0
[-1.6454389  1.740774 ],1,1
[ 2.2790017 -2.4096687],0,0
[-1.5284504  1.6202477],1,1
[ 3.384327  -3.5984535],0,0
[-1.9322596  2.0424476],1,1
[ 3.7429419 -3.9130545],0,0
[-1.5017586  1.5973551],1,1
[ 2.0601282 -2.1084127],0,0
[-1.5972345  1.704337 ],1,1
[-1.221237   1.2839217],0,1
[-1.3565655  1.4088163],1,1
[ 4.1535277 -4.4181232],0,0
[-1.4119222  1.461345 ],1,1
[ 0.35220885 -0.43565547],0,0
[-1.529693  1.610705],1,1
[ 4.880495  -5.2172265],0,0
[-1.4025031  1.4730067],1,1
[ 3.8347735 -3.8908126],0,0
[-1.5071685  1.5889008],1,1
[ 4.3041487 -4.453329 ],0,0
[-1.5963494  1.6801716],1,1
[ 4.8458815 -5.163    ],0,0
[-1.2914573  1.3335989],1,1
[ 4.8815455 -5.252673 ],0,0
[-1.5194209  1.6074669],1,1
[ 4.3855557 -4.7694945],0,0
[-1.3024454  1.3496786],1,1
[ 4.724505  -5.0434856],0,0
[-1.6349423  1.7176806],1,1
[ 4.7989883 -5.140898 ],0,0
[-1.588964   1.6725514],1,1
[ 4.681243  -4.9383516],0,0
[-1.4927385  1.536517 ],1,1
[ 4.7478895 -5.1579137],0,0
[-1.5192266  1.5950756],1,1
[ 4.4381313 -4.704608 ],0,0
[-1.7897408  1.9116238],1,1
[ 3.9285464 -4.2059937],0,0
[-1.5679846  1.6397016],1,1
[ 4.2496815 -4.559641 ],0,0
[-1.087784  1.131622],1,1
[ 4.554422  -4.9251256],0,0
[-1.6998152  1.8143084],1,1
[-1.4775543  1.5224288],0,1
[-1.4432704  1.5582237],1,1
[ 4.1287613 -4.329184 ],0,0
[-1.3672695  1.4238241],1,1
[ 0.7489168 -0.721151 ],0,0
[-1.6122288  1.7036716],1,1
[ 0.8551246  -0.90659034],0,0
[-1.5794678  1.6632764],1,1
[ 4.2160892 -4.4365654],0,0
[-1.6064414  1.687962 ],1,1
[-0.37965816  0.38668483],0,1
[-1.230447   1.2614294],1,1
[ 2.9850779 -3.2996964],0,0
[-1.5974114  1.687788 ],1,1
[ 4.5637646 -4.8718586],0,0
[-1.469259   1.5377159],1,1
[ 4.8145914 -5.146036 ],0,0
[-1.5787308  1.6627355],1,1
[ 2.2079039 -2.3288238],0,0
[-1.6287729  1.7295959],1,1
[-1.6261076  1.7145734],0,1
[-1.5610005  1.6358807],1,1
[ 2.39632  -2.583374],0,0
[-1.5185187  1.5945593],1,1
[ 4.6077957 -4.778708 ],0,0
[-1.5814571  1.6780027],1,1
[ 4.738023  -5.1067886],0,0
[-1.4505228  1.5188493],1,1
[ 4.9046326 -5.228227 ],0,0
[-1.6155108  1.7264214],1,1
[ 4.7658415 -5.1435523],0,0
[-1.4846923  1.5577271],1,1
[-1.4463403  1.5191195],0,1
[-1.6558996  1.7436666],1,1
[ 1.4204874 -1.4450064],0,0
[-1.6287653  1.7052207],1,1
[ 4.87745   -5.0962315],0,0
[-1.3406229  1.4162823],1,1
[ 4.904126  -5.2545323],0,0
[-1.4705305  1.5593868],1,1
[-0.89923394  0.9843965 ],0,1
[-1.4488864  1.5155911],1,1
[ 4.519059 -4.844182],0,0
[-1.4846208  1.5604285],1,1
[ 4.622635  -4.7783995],0,0
[-1.600003   1.6973673],1,1
[ 0.95921147 -1.0013007 ],0,0
[-1.4574556  1.5276335],1,1
[-1.4162371  1.4921403],0,1
[-1.447269   1.5233915],1,1
[ 4.761936 -4.928276],0,0
[-1.4893051  1.5602286],1,1
[ 1.6342504 -1.7119136],0,0
[-1.5428163  1.621411 ],1,1
[ 4.0047917 -4.151171 ],0,0
[-1.4567347  1.5212283],1,1
[ 3.9500463 -4.043186 ],0,0
[-1.188595   1.2654574],1,1
[ 4.031921  -4.2242393],0,0
[-1.5285707  1.5930521],1,1
[ 4.088509  -4.2645464],0,0
[-1.5176499  1.5758584],1,1
[-0.94084644  0.9444989 ],0,1
[-1.656486   1.7503483],1,1
[ 4.8086267 -5.1988516],0,0
[-1.6140924  1.6890367],1,1
[-0.6662655   0.69143224],0,1
[-1.4841101  1.5661933],1,1
[ 4.333658  -4.7104764],0,0
[-1.4365258  1.4818159],1,1
[ 4.7359266 -5.084434 ],0,0
[-1.3244313  1.3544606],1,1
[-1.1744037  1.18265  ],0,1
[-1.2748266  1.3016052],1,1
[ 3.243299  -3.4029377],0,0
[-0.97764826  1.0261652 ],1,1
[ 3.0170965 -3.152494 ],0,0
[-1.5828304  1.6852677],1,1
[ 4.6098094 -5.0306063],0,0
[-1.4200809  1.4617968],1,1
[ 0.12074833 -0.14910953],0,0
[-1.5647496  1.6525736],1,1
[ 4.8555384 -5.07466  ],0,0
[-1.3704805  1.4291174],1,1
[ 4.2022157 -4.417464 ],0,0
[-1.5865091  1.6808503],1,1
[ 4.4022455 -4.5263042],0,0
[-1.4341977  1.5708351],1,1
[ 4.615412  -4.6849174],0,0
[-1.5466809  1.6356324],1,1
[ 4.746153  -5.1271534],0,0
[-1.5423285  1.6533103],1,1
[ 0.08357773 -0.04717401],0,0
[-1.570052   1.6521443],1,1
[ 4.9224286 -5.2914696],0,0
[-1.6446929  1.7541883],1,1
[ 1.1950161 -1.2756848],0,0
[-1.5569936  1.6350746],1,1
[ 3.6757376 -3.8295608],0,0
[-1.6318654  1.7106425],1,1
[ 1.6073973 -1.6917439],0,0
[-1.5863535  1.6901034],1,1
[ 4.6538    -4.9520926],0,0
[-1.4192171  1.5008912],1,1
[ 0.7940678  -0.77556264],0,0
