rank,drug,drug_display,score,known_treatment,degree
1,hexachlorophene,hexachlorophene,0.978206,No,26
2,Panton-Valentine_leukocidin,Panton-Valentine leukocidin,0.977447,No,15
3,streptothricin,streptothricin,0.975775,No,7
4,naringenin,naringenin,0.975322,No,44
5,tolmetin,tolmetin,0.974496,No,17
6,abemaciclib,abemaciclib,0.974378,No,21
7,moclobemide,moclobemide,0.974280,No,31
8,dibekacin,dibekacin,0.974034,No,16
9,pralatrexate,pralatrexate,0.973641,No,15
10,guggulsterone,guggulsterone,0.973489,No,32
11,cabozantinib,cabozantinib,0.973463,No,34
12,sparfloxacin,sparfloxacin,0.973340,No,20
13,ellagic_acid,ellagic acid,0.973208,No,36
14,neocarzinostatin,neocarzinostatin,0.973204,No,26
15,trovafloxacin,trovafloxacin,0.973200,No,24
16,enoxaparin,enoxaparin,0.972753,No,33
17,"1,25-dihydroxyvitamin_D","1,25-dihydroxyvitamin D",0.972741,No,37
18,doripenem,doripenem,0.972681,No,18
19,besifloxacin,besifloxacin,0.972632,No,16
20,procaine_penicillin,procaine penicillin,0.972598,No,16
21,venlafaxine,venlafaxine,0.972584,No,32
22,Nutlin-3,Nutlin-3,0.972569,No,37
23,nicorandil,nicorandil,0.972555,No,34
24,methimazole,methimazole,0.972424,No,37
25,sodium_stibogluconate,sodium stibogluconate,0.972356,No,27
26,hesperetin,hesperetin,0.972343,No,32
27,alantolactone,alantolactone,0.972303,No,31
28,clinafloxacin,clinafloxacin,0.972299,No,17
29,FTY720,FTY720,0.972282,No,62
30,cilengitide,cilengitide,0.972278,No,34
31,dacomitinib,dacomitinib,0.972267,No,29
32,beclomethasone_dipropionate,beclomethasone dipropionate,0.972254,No,34
33,medroxyprogesterone,medroxyprogesterone,0.972205,No,22
34,tiuxetan,tiuxetan,0.972170,No,16
35,tazobactam,tazobactam,0.972124,No,18
36,NS-398,NS-398,0.972088,No,43
37,tinzaparin,tinzaparin,0.972078,No,23
38,tosufloxacin,tosufloxacin,0.972068,No,16
39,peiminine,peiminine,0.972056,No,12
40,licochalcone_A,licochalcone A,0.972053,No,33
41,dihydroergotamine,dihydroergotamine,0.971937,No,17
42,trofosfamide,trofosfamide,0.971914,No,18
43,leflunomide,leflunomide,0.971902,No,41
44,abiraterone,abiraterone,0.971885,No,32
45,kaempferol,kaempferol,0.971860,No,41
46,Pycnogenol,Pycnogenol,0.971851,No,25
47,geraniin,geraniin,0.971831,No,32
48,dihydrotachysterol,dihydrotachysterol,0.971718,No,17
49,salirasib,salirasib,0.971668,No,26
50,lentinan,lentinan,0.971665,No,28
51,repaglinide,repaglinide,0.971652,No,33
52,argatroban,argatroban,0.971630,No,31
53,luteoloside,luteoloside,0.971626,No,14
54,cholesteryl_esters,cholesteryl esters,0.971624,No,34
55,afatinib,afatinib,0.971525,No,34
56,17-ketosteroids,17-ketosteroids,0.971469,No,23
57,fenbufen,fenbufen,0.971456,No,17
58,deoxypodophyllotoxin,deoxypodophyllotoxin,0.971436,No,10
59,dibromodulcitol,dibromodulcitol,0.971376,No,15
60,SU5416,SU5416,0.971343,No,35
61,cinnamaldehyde,cinnamaldehyde,0.971323,No,34
62,rivaroxaban,rivaroxaban,0.971317,No,33
63,marbofloxacin,marbofloxacin,0.971311,No,15
64,methylcobalamin,methylcobalamin,0.971308,No,32
65,procainamide,procainamide,0.971287,No,30
66,dasatinib,dasatinib,0.971280,No,57
67,rifabutin,rifabutin,0.971260,No,31
68,zeaxanthin,zeaxanthin,0.971253,No,31
69,saracatinib,saracatinib,0.971243,No,31
70,piceatannol,piceatannol,0.971238,No,36
71,fludrocortisone,fludrocortisone,0.971238,No,29
72,vandetanib,vandetanib,0.971225,No,41
73,artemether,artemether,0.971186,Yes,28
74,artocarpin,artocarpin,0.971153,No,23
75,cediranib,cediranib,0.971143,No,37
76,punicalagin,punicalagin,0.971127,No,31
77,latanoprost,latanoprost,0.971118,No,15
78,zidovudine,zidovudine,0.971105,No,40
79,terameprocol,terameprocol,0.971098,No,17
80,fangchinoline,fangchinoline,0.971089,No,28
81,sivelestat,sivelestat,0.971087,No,31
82,naphthalene,naphthalene,0.971049,No,37
83,astaxanthin,astaxanthin,0.971047,No,37
84,BQ-788,BQ-788,0.971036,No,33
85,cephalosporin,cephalosporin,0.971033,No,29
86,metolazone,metolazone,0.971023,No,20
87,atrasentan,atrasentan,0.971022,No,23
88,ceftriaxone,ceftriaxone,0.971009,No,34
89,regorafenib,regorafenib,0.971008,No,35
90,sauchinone,sauchinone,0.970986,No,32
91,cephaloridine,cephaloridine,0.970960,No,21
92,VEGF165,VEGF165,0.970948,No,45
93,clopidogrel,clopidogrel,0.970944,No,37
94,desmosine,desmosine,0.970928,No,23
95,budesonide,budesonide,0.970926,No,48
96,lapatinib,lapatinib,0.970917,No,49
97,Endocannabinoids,Endocannabinoids,0.970901,No,34
98,sennoside,sennoside,0.970893,No,21
99,flucloxacillin,flucloxacillin,0.970891,No,23
100,lucanthone,lucanthone,0.970887,No,17
101,nitrendipine,nitrendipine,0.970886,No,32
102,azadirachtin,azadirachtin,0.970884,No,19
103,tirofiban,tirofiban,0.970876,No,28
104,yokukansan,yokukansan,0.970870,No,14
105,metoclopramide,metoclopramide,0.970863,No,33
106,gambogic_acid,gambogic acid,0.970863,No,34
107,lysophospholipids,lysophospholipids,0.970857,No,30
108,mifepristone,mifepristone,0.970845,No,63
109,sevoflurane,sevoflurane,0.970837,No,67
110,dorzolamide,dorzolamide,0.970824,No,27
111,haematoporphyrin,haematoporphyrin,0.970800,No,12
112,saquinavir,saquinavir,0.970793,No,32
113,cefotaxime,cefotaxime,0.970774,No,30
114,hypochlorous_acid,hypochlorous acid,0.970771,No,33
115,artemisinins,artemisinins,0.970741,Yes,17
116,isoquercitrin,isoquercitrin,0.970740,No,27
117,methylparaben,methylparaben,0.970717,No,21
118,pefloxacin,pefloxacin,0.970708,No,29
119,fleroxacin,fleroxacin,0.970696,No,21
120,amiodarone,amiodarone,0.970675,No,42
121,chlorotoxin,chlorotoxin,0.970670,No,15
122,glufosfamide,glufosfamide,0.970659,No,14
123,LQB-118,LQB-118,0.970638,No,10
124,catechol,catechol,0.970632,No,35
125,sesquiterpene_lactones,sesquiterpene lactones,0.970610,Yes,31
126,chlorothiazide,chlorothiazide,0.970606,No,27
127,D-aspartate,D-aspartate,0.970583,No,30
128,leukotriene_B4,leukotriene B4,0.970582,No,36
129,AZD6244,AZD6244,0.970574,No,44
130,lonafarnib,lonafarnib,0.970541,No,35
131,9-nitrocamptothecin,9-nitrocamptothecin,0.970518,No,18
132,Schisandrin_B,Schisandrin B,0.970514,No,33
133,ciprofloxacin,ciprofloxacin,0.970513,Yes,58
134,batimastat,batimastat,0.970512,No,33
135,cholecystokinin,cholecystokinin,0.970506,No,50
136,ABT-737,ABT-737,0.970499,No,44
137,neopterin,neopterin,0.970496,No,37
138,telavancin,telavancin,0.970494,No,20
139,parecoxib,parecoxib,0.970488,No,33
140,afobazole,afobazole,0.970485,No,22
141,dihydroartemisinin,dihydroartemisinin,0.970475,Yes,35
142,MS-275,MS-275,0.970471,No,45
143,cloxacillin,cloxacillin,0.970457,No,22
144,andrographolide,andrographolide,0.970454,No,43
145,tartrazine,tartrazine,0.970454,No,23
146,pentosidine,pentosidine,0.970452,No,23
147,laromustine,laromustine,0.970411,No,17
148,epinephrine,epinephrine,0.970371,No,73
149,penicillin,penicillin,0.970370,Yes,48
150,montelukast,montelukast,0.970367,No,40
151,piracetam,piracetam,0.970349,No,28
152,gamma-linolenic_acid,gamma-linolenic acid,0.970346,No,33
153,dicloxacillin,dicloxacillin,0.970331,No,23
154,chrysophanol,chrysophanol,0.970324,No,29
155,amarogentin,amarogentin,0.970313,No,25
156,nortriptyline,nortriptyline,0.970311,No,32
157,nitazoxanide,nitazoxanide,0.970299,No,28
158,mycophenolate_mofetil,mycophenolate mofetil,0.970279,No,42
159,Apogossypolone,Apogossypolone,0.970264,No,13
160,cariporide,cariporide,0.970227,No,30
161,rimonabant,rimonabant,0.970213,No,8
162,spironolactone,spironolactone,0.970208,No,43
163,bryostatin_1,bryostatin 1,0.970192,No,34
164,yohimbine,yohimbine,0.970188,No,36
165,calcium_gluconate,calcium gluconate,0.970179,No,34
166,tobramycin,tobramycin,0.970164,No,36
167,aclidinium_bromide,aclidinium bromide,0.970153,No,12
168,diazepam,diazepam,0.970126,No,48
169,allyl_isothiocyanate,allyl isothiocyanate,0.970120,No,31
170,bruceantin,bruceantin,0.970108,No,12
171,azelnidipine,azelnidipine,0.970106,No,32
172,bevacizumab,bevacizumab,0.970104,No,26
173,vesnarinone,vesnarinone,0.970091,No,33
174,chlorhexidine_gluconate,chlorhexidine gluconate,0.970071,No,18
175,finasteride,finasteride,0.970070,No,32
176,norepinephrine,norepinephrine,0.970044,No,98
177,propagermanium,propagermanium,0.970042,No,25
178,concanamycin_A,concanamycin A,0.970040,No,18
179,huperzine_A,huperzine A,0.970038,Yes,31
180,hydroxycarbamide,hydroxycarbamide,0.970028,No,23
181,gatifloxacin,gatifloxacin,0.970025,No,28
182,corilagin,corilagin,0.970019,No,32
183,fludarabine,fludarabine,0.970014,No,46
184,valganciclovir,valganciclovir,0.969984,No,19
185,fasudil,fasudil,0.969973,No,50
186,daclatasvir,daclatasvir,0.969963,No,23
187,ixazomib,ixazomib,0.969962,No,26
188,JSI-124,JSI-124,0.969952,No,33
189,cephalexin,cephalexin,0.969949,No,27
190,Tc-99m_MDP,Tc-99m MDP,0.969931,No,30
191,amyloid,amyloid,0.969924,No,81
192,zibotentan,zibotentan,0.969903,No,24
193,L-norepinephrine,L-norepinephrine,0.969902,No,20
194,dihydrostreptomycin,dihydrostreptomycin,0.969896,No,15
195,biphalin,biphalin,0.969891,No,23
196,brostallicin,brostallicin,0.969886,No,10
197,ciclopirox,ciclopirox,0.969882,No,26
198,paricalcitol,paricalcitol,0.969882,No,32
199,auraptene,auraptene,0.969867,No,32
200,telmisartan,telmisartan,0.969855,No,54
201,masitinib,masitinib,0.969853,No,34
202,semicarbazide,semicarbazide,0.969837,No,26
203,quinazoline,quinazoline,0.969835,No,30
204,ruxolitinib,ruxolitinib,0.969829,No,41
205,thiazide,thiazide,0.969796,No,32
206,flunarizine,flunarizine,0.969776,No,33
207,fullerene,fullerene,0.969771,No,25
208,trifluoperazine,trifluoperazine,0.969769,No,36
209,nitrofurantoin,nitrofurantoin,0.969754,No,26
210,thallium-201,thallium-201,0.969753,No,15
211,lenvatinib,lenvatinib,0.969750,No,35
212,rebamipide,rebamipide,0.969743,No,31
213,onabotulinumtoxinA,onabotulinumtoxinA,0.969738,No,18
214,6-mercaptopurine,6-mercaptopurine,0.969738,No,33
215,polyphenols,polyphenols,0.969715,No,54
216,cystemustine,cystemustine,0.969712,No,15
217,diethylstilbestrol,diethylstilbestrol,0.969710,No,43
218,gemifloxacin,gemifloxacin,0.969707,No,19
219,riluzole,riluzole,0.969701,No,38
220,dihydrotestosterone,dihydrotestosterone,0.969699,No,53
221,canthaxanthin,canthaxanthin,0.969696,No,23
222,potassium_thiocyanate,potassium thiocyanate,0.969689,No,16
223,FK228,FK228,0.969686,No,41
224,flupirtine,flupirtine,0.969679,No,27
225,iminodiacetic_acid,iminodiacetic acid,0.969662,No,16
226,plitidepsin,plitidepsin,0.969654,No,31
227,levobupivacaine,levobupivacaine,0.969651,No,25
228,beta-elemene,beta-elemene,0.969647,No,25
229,econazole,econazole,0.969642,No,25
230,carfilzomib,carfilzomib,0.969642,No,36
231,micafungin,micafungin,0.969636,No,24
232,methazolamide,methazolamide,0.969635,No,25
233,meprobamate,meprobamate,0.969630,No,22
234,Cryptotanshinone,Cryptotanshinone,0.969623,No,32
235,defibrotide,defibrotide,0.969619,No,31
236,cyproheptadine,cyproheptadine,0.969617,No,35
237,probucol,probucol,0.969616,No,36
238,NS1619,NS1619,0.969614,No,26
239,toxaphene,toxaphene,0.969607,Yes,25
240,lactate,lactate,0.969607,Yes,149
241,ophiobolin_A,ophiobolin A,0.969604,No,13
242,streptomycin,streptomycin,0.969594,No,38
243,cyclic_nucleotides,cyclic nucleotides,0.969583,No,39
244,itraconazole,itraconazole,0.969583,No,61
245,lubiprostone,lubiprostone,0.969579,No,26
246,pentapeptide,pentapeptide,0.969576,No,28
247,clindamycin,clindamycin,0.969564,Yes,33
248,paeoniflorin,paeoniflorin,0.969564,No,34
249,bergamottin,bergamottin,0.969562,No,19
250,enprostil,enprostil,0.969548,No,20
251,potassium_iodide,potassium iodide,0.969540,No,29
252,nimbolide,nimbolide,0.969537,No,33
253,lisinopril,lisinopril,0.969530,No,33
254,tibolone,tibolone,0.969530,No,36
255,nifedipine,nifedipine,0.969512,No,50
256,colistimethate,colistimethate,0.969486,No,14
257,furazolidone,furazolidone,0.969485,No,26
258,hydrochlorothiazide,hydrochlorothiazide,0.969484,No,43
259,meglumine_antimoniate,meglumine antimoniate,0.969484,No,19
260,ifosfamide,ifosfamide,0.969482,No,40
261,ticlopidine,ticlopidine,0.969471,No,34
262,incadronate,incadronate,0.969468,No,24
263,indinavir,indinavir,0.969449,Yes,33
264,anagrelide,anagrelide,0.969443,No,27
265,dacarbazine,dacarbazine,0.969441,No,40
266,ginsenoside_Rh1,ginsenoside Rh1,0.969427,No,22
267,chromium-51,chromium-51,0.969400,No,17
268,hydantoin,hydantoin,0.969385,No,20
269,methamphetamine,methamphetamine,0.969364,No,50
270,tetrandrine,tetrandrine,0.969360,No,37
271,capecitabine,capecitabine,0.969358,No,39
272,norcantharidin,norcantharidin,0.969352,No,33
273,baicalin,baicalin,0.969347,No,55
274,N-methylhistamine,N-methylhistamine,0.969340,No,16
275,resminostat,resminostat,0.969337,No,18
276,praziquantel,praziquantel,0.969328,Yes,33
277,disopyramide,disopyramide,0.969328,No,25
278,ascofuranone,ascofuranone,0.969324,No,23
279,anandamide,anandamide,0.969324,No,40
280,azithromycin,azithromycin,0.969322,Yes,54
281,tetrahydrocurcumin,tetrahydrocurcumin,0.969304,No,22
282,remifentanil,remifentanil,0.969302,No,33
283,dichloroacetic_acid,dichloroacetic acid,0.969298,No,31
284,methylprednisolone,methylprednisolone,0.969285,No,64
285,cabazitaxel,cabazitaxel,0.969283,No,31
286,levofloxacin,levofloxacin,0.969275,No,24
287,tramadol,tramadol,0.969264,No,31
288,erythromycin_ethylsuccinate,erythromycin ethylsuccinate,0.969258,No,17
289,phenylephrine,phenylephrine,0.969253,No,44
290,vemurafenib,vemurafenib,0.969244,No,39
291,harringtonine,harringtonine,0.969243,No,16
292,moxifloxacin,moxifloxacin,0.969242,No,40
293,jaceosidin,jaceosidin,0.969228,No,24
294,L-glutamate,L-glutamate,0.969221,No,36
295,tandutinib,tandutinib,0.969220,No,24
296,turpentine,turpentine,0.969212,No,31
297,bumetanide,bumetanide,0.969208,No,37
298,toceranib_phosphate,toceranib phosphate,0.969208,No,17
299,thymoquinone,thymoquinone,0.969204,No,34
300,teniposide,teniposide,0.969199,No,40
301,sodium_cyanide,sodium cyanide,0.969185,No,20
302,prednisone,prednisone,0.969160,No,58
303,chlorobutanol,chlorobutanol,0.969149,No,16
304,ertapenem,ertapenem,0.969141,No,20
305,racecadotril,racecadotril,0.969140,No,29
306,oseltamivir,oseltamivir,0.969136,No,33
307,I-BET151,I-BET151,0.969135,No,17
308,estramustine,estramustine,0.969115,No,29
309,dihydroorotate,dihydroorotate,0.969114,No,16
310,glutathione,glutathione,0.969113,Yes,138
311,cerivastatin,cerivastatin,0.969110,No,33
312,cannabinoid,cannabinoid,0.969107,No,45
313,nomifensine,nomifensine,0.969100,No,29
314,bicalutamide,bicalutamide,0.969088,No,35
315,doxapram,doxapram,0.969077,No,26
316,ravuconazole,ravuconazole,0.969073,No,16
317,pegylated_interferon,pegylated interferon,0.969068,No,32
318,ICG-001,ICG-001,0.969067,No,31
319,pegaptanib,pegaptanib,0.969062,No,21
320,toremifene,toremifene,0.969061,No,32
321,lindane,lindane,0.969058,Yes,40
322,allopurinol,allopurinol,0.969035,No,38
323,sodium_taurocholate,sodium taurocholate,0.969027,No,37
324,pyridine,pyridine,0.969024,No,32
325,lithium_chloride,lithium chloride,0.969021,No,37
326,perphenazine,perphenazine,0.969019,No,30
327,lepirudin,lepirudin,0.969015,No,19
328,sterigmatocystin,sterigmatocystin,0.969014,No,18
329,potassium_permanganate,potassium permanganate,0.969012,No,18
330,coproporphyrin,coproporphyrin,0.969010,No,19
331,raltegravir,raltegravir,0.969002,No,31
332,methyl_jasmonate,methyl jasmonate,0.968999,No,32
333,AZD1480,AZD1480,0.968997,No,26
334,cucurbitacin_B,cucurbitacin B,0.968996,No,31
335,zanamivir,zanamivir,0.968995,No,22
336,fluphenazine,fluphenazine,0.968992,No,31
337,safranal,safranal,0.968987,No,24
338,lansoprazole,lansoprazole,0.968986,No,33
339,trimethoprim-sulfamethoxazole,trimethoprim-sulfamethoxazole,0.968985,Yes,39
340,diflunisal,diflunisal,0.968980,No,27
341,lamivudine,lamivudine,0.968968,No,35
342,secnidazole,secnidazole,0.968967,No,15
343,fisetin,fisetin,0.968962,No,42
344,dabigatran,dabigatran,0.968958,No,35
345,pioglitazone,pioglitazone,0.968950,No,74
346,quinolinic_acid,quinolinic acid,0.968950,No,36
347,enzastaurin,enzastaurin,0.968939,No,35
348,allicin,allicin,0.968932,No,33
349,dexpanthenol,dexpanthenol,0.968929,No,17
350,irbesartan,irbesartan,0.968928,No,33
351,psychosine,psychosine,0.968927,No,33
352,terlipressin,terlipressin,0.968915,No,31
353,sodium_hypochlorite,sodium hypochlorite,0.968913,No,19
354,Spicamycin,Spicamycin,0.968907,No,6
355,Na,Na,0.968897,No,42
356,tranylcypromine,tranylcypromine,0.968893,No,31
357,S-nitrosoglutathione,S-nitrosoglutathione,0.968889,No,35
358,chlorpheniramine,chlorpheniramine,0.968888,Yes,29
359,nifuroxazide,nifuroxazide,0.968878,No,17
360,lanthanum,lanthanum,0.968877,No,31
361,ponatinib,ponatinib,0.968867,No,36
362,oxandrolone,oxandrolone,0.968865,No,30
363,cisapride,cisapride,0.968849,No,33
364,proguanil,proguanil,0.968848,Yes,30
365,casticin,casticin,0.968840,No,30
366,beta-carotene,beta-carotene,0.968834,No,46
367,fenretinide,fenretinide,0.968829,No,41
368,progesterone,progesterone,0.968816,No,211
369,ixabepilone,ixabepilone,0.968812,No,25
370,pergolide,pergolide,0.968807,No,33
371,ferumoxytol,ferumoxytol,0.968805,No,20
372,amifostine,amifostine,0.968804,No,35
373,ketotifen,ketotifen,0.968803,Yes,34
374,nintedanib,nintedanib,0.968794,No,34
375,lambda-cyhalothrin,lambda-cyhalothrin,0.968792,Yes,20
376,methoxyflurane,methoxyflurane,0.968785,No,26
377,TNP-470,TNP-470,0.968779,No,36
378,Icariside_II,Icariside II,0.968778,No,28
379,nigericin,nigericin,0.968765,No,31
380,bromazepam,bromazepam,0.968764,No,20
381,glycyrrhizin,glycyrrhizin,0.968762,No,34
382,Z-ligustilide,Z-ligustilide,0.968761,No,28
383,U18666A,U18666A,0.968756,No,32
384,amobarbital,amobarbital,0.968744,No,17
385,indole-3-carbinol,indole-3-carbinol,0.968744,No,32
386,deltamethrin,deltamethrin,0.968734,Yes,36
387,halofuginone,halofuginone,0.968734,No,33
388,rasagiline,rasagiline,0.968734,No,32
389,daunorubicin,daunorubicin,0.968733,No,47
390,pilsicainide,pilsicainide,0.968733,No,22
391,physostigmine,physostigmine,0.968733,No,34
392,eicosanoid,eicosanoid,0.968728,No,32
393,hycanthone,hycanthone,0.968723,No,17
394,testosterone_enanthate,testosterone enanthate,0.968718,No,25
395,pyridoxamine,pyridoxamine,0.968714,No,24
396,amphetamines,amphetamines,0.968709,No,31
397,azlocillin,azlocillin,0.968706,No,19
398,iophendylate,iophendylate,0.968703,No,12
399,ceftaroline,ceftaroline,0.968686,No,20
400,kojic_acid,kojic acid,0.968685,No,24
401,lanreotide,lanreotide,0.968679,No,34
402,thioacetamide,thioacetamide,0.968677,No,33
403,lomeguatrib,lomeguatrib,0.968673,No,13
404,pyridone,pyridone,0.968670,No,10
405,isobavachalcone,isobavachalcone,0.968670,No,16
406,nifurtimox,nifurtimox,0.968666,No,17
407,isotretinoin,isotretinoin,0.968666,No,54
408,lactacystin,lactacystin,0.968654,No,37
409,quinidine_gluconate,quinidine gluconate,0.968650,Yes,9
410,salinomycin,salinomycin,0.968648,No,40
411,daidzein,daidzein,0.968644,No,36
412,chlordane,chlordane,0.968638,No,21
413,raloxifene,raloxifene,0.968637,No,43
414,gibberellic_acid,gibberellic acid,0.968634,No,25
415,icariin,icariin,0.968630,No,39
416,barbiturates,barbiturates,0.968626,No,22
417,maduramicin,maduramicin,0.968616,No,10
418,griseofulvin,griseofulvin,0.968614,No,26
419,bezafibrate,bezafibrate,0.968597,No,40
420,tiazofurin,tiazofurin,0.968592,No,25
421,carisoprodol,carisoprodol,0.968586,No,16
422,chlorozotocin,chlorozotocin,0.968584,No,16
423,homoharringtonine,homoharringtonine,0.968580,Yes,29
424,ofloxacin,ofloxacin,0.968578,No,40
425,triethyltin,triethyltin,0.968574,No,17
426,deoxycholic_acid,deoxycholic acid,0.968565,No,36
427,CI-1040,CI-1040,0.968564,No,31
428,amphotericin_B,amphotericin B,0.968564,No,75
429,demethoxycurcumin,demethoxycurcumin,0.968561,No,23
430,pyocyanin,pyocyanin,0.968561,No,31
431,arachidonic_acid,arachidonic acid,0.968555,No,97
432,alfuzosin,alfuzosin,0.968552,No,21
433,isoflavones,isoflavones,0.968551,No,37
434,cicletanine,cicletanine,0.968549,No,19
435,phosphoethanolamine,phosphoethanolamine,0.968548,No,30
436,apatinib,apatinib,0.968547,No,33
437,sodium_azide,sodium azide,0.968547,No,33
438,cabergoline,cabergoline,0.968542,No,35
439,flavopiridol,flavopiridol,0.968535,No,45
440,mevastatin,mevastatin,0.968533,No,29
441,tangeretin,tangeretin,0.968526,No,31
442,heparan_sulfate,heparan sulfate,0.968524,No,39
443,nelfinavir,nelfinavir,0.968522,No,36
444,dalteparin,dalteparin,0.968519,No,31
445,pyrimidine,pyrimidine,0.968515,Yes,55
446,tulathromycin,tulathromycin,0.968507,Yes,15
447,panobinostat,panobinostat,0.968505,No,46
448,arctigenin,arctigenin,0.968503,No,35
449,oprozomib,oprozomib,0.968478,No,14
450,cyanamide,cyanamide,0.968476,No,32
451,niridazole,niridazole,0.968469,No,20
452,alfacalcidol,alfacalcidol,0.968468,No,32
453,isothiocyanate,isothiocyanate,0.968467,No,29
454,pilocarpine,pilocarpine,0.968461,No,36
455,cortisone_acetate,cortisone acetate,0.968458,No,25
456,hydroxychloroquine,hydroxychloroquine,0.968457,Yes,42
457,fluindione,fluindione,0.968453,No,17
458,anthraquinones,anthraquinones,0.968446,No,29
459,chlorthalidone,chlorthalidone,0.968442,No,25
460,ristocetin,ristocetin,0.968442,No,32
461,nobiletin,nobiletin,0.968440,No,40
462,methysergide,methysergide,0.968415,No,31
463,procarbazine,procarbazine,0.968413,No,32
464,sodium_nitroprusside,sodium nitroprusside,0.968408,No,36
465,phenothiazines,phenothiazines,0.968408,No,34
466,neostigmine,neostigmine,0.968397,No,32
467,leukotriene,leukotriene,0.968392,No,35
468,propafenone,propafenone,0.968392,No,34
469,tivozanib,tivozanib,0.968390,No,24
470,pirfenidone,pirfenidone,0.968390,No,34
471,naproxen,naproxen,0.968390,No,34
472,idelalisib,idelalisib,0.968389,No,33
473,bexarotene,bexarotene,0.968380,No,42
474,medetomidine,medetomidine,0.968375,No,25
475,carbohydrate,carbohydrate,0.968367,No,175
476,fluorocitrate,fluorocitrate,0.968365,No,16
477,pentoxifylline,pentoxifylline,0.968353,No,44
478,carbon_tetrachloride,carbon tetrachloride,0.968348,No,40
479,lithocholic_acid,lithocholic acid,0.968347,No,34
480,loperamide,loperamide,0.968334,No,33
481,amikacin,amikacin,0.968331,No,39
482,bisphosphonate,bisphosphonate,0.968331,No,26
483,2-acetylaminofluorene,2-acetylaminofluorene,0.968325,No,30
484,leukotrienes,leukotrienes,0.968325,No,35
485,thalidomide,thalidomide,0.968323,No,69
486,ticarcillin,ticarcillin,0.968322,No,17
487,20-hydroxyecdysone,20-hydroxyecdysone,0.968318,No,33
488,topiramate,topiramate,0.968311,No,32
489,pazopanib,pazopanib,0.968298,No,46
490,pentobarbital,pentobarbital,0.968297,No,37
491,pterostilbene,pterostilbene,0.968294,No,35
492,thimerosal,thimerosal,0.968280,No,25
493,GDC-0449,GDC-0449,0.968278,No,33
494,androgens,androgens,0.968270,No,102
495,fructosamine,fructosamine,0.968266,No,31
496,salidroside,salidroside,0.968264,No,47
497,hexobarbital,hexobarbital,0.968252,No,21
498,picropodophyllin,picropodophyllin,0.968250,No,20
499,pentachlorophenol,pentachlorophenol,0.968248,No,31
500,arginine_vasopressin,arginine vasopressin,0.968247,No,44
501,tirapazamine,tirapazamine,0.968245,No,25
502,ABT-199,ABT-199,0.968242,No,33
503,bromoenol_lactone,bromoenol lactone,0.968236,No,23
504,polyacrylamide,polyacrylamide,0.968229,No,35
505,docosahexaenoic_acid,docosahexaenoic acid,0.968228,No,52
506,zinc_sulfate,zinc sulfate,0.968226,No,30
507,nicardipine,nicardipine,0.968225,No,36
508,D-penicillamine,D-penicillamine,0.968221,No,38
509,marimastat,marimastat,0.968221,No,31
510,GW4869,GW4869,0.968221,No,24
511,hematoxylin,hematoxylin,0.968219,No,37
512,isoquinoline_alkaloids,isoquinoline alkaloids,0.968217,No,27
513,Withaferin_A,Withaferin A,0.968212,No,35
514,spiramycin,spiramycin,0.968211,No,21
515,acenocoumarol,acenocoumarol,0.968210,No,27
516,corticosterone,corticosterone,0.968203,No,63
517,Tanshinone_IIA,Tanshinone IIA,0.968200,No,45
518,calpeptin,calpeptin,0.968184,No,25
519,dabrafenib,dabrafenib,0.968175,No,34
520,MCC-555,MCC-555,0.968174,No,25
521,camptothecin,camptothecin,0.968169,No,55
522,gamma_glutamyl,gamma glutamyl,0.968163,No,34
523,nilotinib,nilotinib,0.968162,No,41
524,ritodrine,ritodrine,0.968161,No,29
525,testosterone_propionate,testosterone propionate,0.968160,No,32
526,bisphenol_A,bisphenol A,0.968156,No,39
527,polymyxin_B,polymyxin B,0.968148,No,35
528,phorbol_esters,phorbol esters,0.968146,No,57
529,hesperidin,hesperidin,0.968146,No,34
530,trihexyphenidyl,trihexyphenidyl,0.968145,No,17
531,palifermin,palifermin,0.968144,No,25
532,azathioprine,azathioprine,0.968143,No,53
533,boric_acid,boric acid,0.968141,No,31
534,tetrahydrobiopterin,tetrahydrobiopterin,0.968141,No,39
535,dehydroemetine,dehydroemetine,0.968140,No,15
536,corticosteroids,corticosteroids,0.968133,No,113
537,cycloferon,cycloferon,0.968131,No,19
538,organophosphate,organophosphate,0.968130,No,32
539,lenalidomide,lenalidomide,0.968117,No,55
540,lipiodol,lipiodol,0.968114,No,23
541,pyrazofurin,pyrazofurin,0.968111,No,15
542,paliperidone,paliperidone,0.968107,No,30
543,toyocamycin,toyocamycin,0.968106,No,17
544,melphalan,melphalan,0.968104,No,47
545,celastrol,celastrol,0.968100,No,50
546,pindolol,pindolol,0.968099,No,33
547,mangiferin,mangiferin,0.968089,No,37
548,troglitazone,troglitazone,0.968088,No,49
549,rosuvastatin,rosuvastatin,0.968081,No,43
550,famotidine,famotidine,0.968080,No,32
551,scutellarin,scutellarin,0.968071,No,34
552,5-aminolevulinic_acid,5-aminolevulinic acid,0.968068,No,40
553,daphnetin,daphnetin,0.968063,No,30
554,T-2_toxin,T-2 toxin,0.968062,No,35
555,U0126,U0126,0.968061,No,87
556,eicosapentaenoic_acid,eicosapentaenoic acid,0.968060,No,42
557,SD-208,SD-208,0.968055,No,32
558,OK-432,OK-432,0.968048,No,39
559,leukotriene_C4,leukotriene C4,0.968037,No,31
560,costunolide,costunolide,0.968033,No,32
561,geldanamycin,geldanamycin,0.968026,No,47
562,Piperlongumine,Piperlongumine,0.968020,No,32
563,estramustine_phosphate,estramustine phosphate,0.968018,No,28
564,levetiracetam,levetiracetam,0.968018,No,35
565,prednimustine,prednimustine,0.968016,No,16
566,vitamin_K2,vitamin K2,0.968011,No,31
567,zardaverine,zardaverine,0.968008,No,14
568,trimethoprim,trimethoprim,0.968006,Yes,33
569,methylphenidate,methylphenidate,0.968004,No,32
570,thioflavin_T,thioflavin T,0.968004,No,27
571,leuprolide_acetate,leuprolide acetate,0.968001,No,33
572,thiamphenicol,thiamphenicol,0.968000,No,17
573,sodium_thiosulfate,sodium thiosulfate,0.967999,No,18
574,ziprasidone,ziprasidone,0.967999,No,31
575,ritonavir,ritonavir,0.967997,No,40
576,methadone,methadone,0.967992,No,36
577,toosendanin,toosendanin,0.967990,No,22
578,catecholamine,catecholamine,0.967990,No,58
579,phytanic_acid,phytanic acid,0.967980,No,35
580,F2-isoprostanes,F2-isoprostanes,0.967980,No,25
581,brivaracetam,brivaracetam,0.967978,No,21
582,germanium,germanium,0.967967,No,18
583,posaconazole,posaconazole,0.967961,No,43
584,methyldopa,methyldopa,0.967961,No,31
585,olanzapine,olanzapine,0.967961,No,45
586,trichloroethylene,trichloroethylene,0.967960,No,34
587,tolvaptan,tolvaptan,0.967959,No,30
588,esomeprazole,esomeprazole,0.967959,No,30
589,rifampicin,rifampicin,0.967959,No,52
590,carboquone,carboquone,0.967937,No,16
591,Gd-DTPA,Gd-DTPA,0.967933,No,37
592,piperaquine,piperaquine,0.967932,Yes,17
593,urethane,urethane,0.967932,No,34
594,indolinone,indolinone,0.967928,No,19
595,quinolones,quinolones,0.967928,No,32
596,wogonin,wogonin,0.967915,No,39
597,hydroxyproline,hydroxyproline,0.967909,No,43
598,valinomycin,valinomycin,0.967902,No,25
599,macitentan,macitentan,0.967899,No,31
600,warfarin,warfarin,0.967897,No,46
601,erufosine,erufosine,0.967892,No,19
602,ABT-263,ABT-263,0.967887,No,32
603,acetamiprid,acetamiprid,0.967867,No,12
604,dolichyl_phosphate,dolichyl phosphate,0.967861,No,13
605,mazindol,mazindol,0.967860,No,23
606,ropinirole,ropinirole,0.967858,No,26
607,ketoprofen,ketoprofen,0.967856,No,31
608,entecavir,entecavir,0.967851,No,30
609,aminopterin,aminopterin,0.967844,No,25
610,cinacalcet,cinacalcet,0.967840,No,30
611,verapamil,verapamil,0.967827,No,67
612,saperconazole,saperconazole,0.967825,No,8
613,lysophosphatidic_acid,lysophosphatidic acid,0.967817,No,51
614,Taurine_chloramine,Taurine chloramine,0.967816,No,30
615,amsacrine,amsacrine,0.967813,No,34
616,disulfiram,disulfiram,0.967810,No,42
617,cysteinyl_leukotriene,cysteinyl leukotriene,0.967806,No,32
618,leukotriene_D4,leukotriene D4,0.967786,No,31
619,tetradecylthioacetic_acid,tetradecylthioacetic acid,0.967783,No,15
620,pentamidine,pentamidine,0.967770,No,38
621,minoxidil,minoxidil,0.967764,No,35
622,Liraglutide,Liraglutide,0.967755,No,32
623,Astragaloside_IV,Astragaloside IV,0.967742,No,33
624,saponins,saponins,0.967735,No,40
625,diterpene,diterpene,0.967728,No,25
626,idoxuridine,idoxuridine,0.967725,No,24
627,moxidectin,moxidectin,0.967715,No,19
628,homovanillic_acid,homovanillic acid,0.967714,No,31
629,ciglitazone,ciglitazone,0.967704,No,37
630,clomipramine,clomipramine,0.967703,No,32
631,polyphenol,polyphenol,0.967691,No,39
632,nitroglycerin,nitroglycerin,0.967687,No,36
633,roflumilast,roflumilast,0.967682,No,33
634,buspirone,buspirone,0.967678,No,31
635,omeprazole,omeprazole,0.967677,No,41
636,amuvatinib,amuvatinib,0.967671,No,18
637,draflazine,draflazine,0.967667,No,11
638,brexpiprazole,brexpiprazole,0.967665,No,23
639,fluorine,fluorine,0.967658,No,33
640,pacritinib,pacritinib,0.967654,No,22
641,N-telopeptide,N-telopeptide,0.967653,No,29
642,d-amphetamine,d-amphetamine,0.967641,No,33
643,benzyl_isothiocyanate,benzyl isothiocyanate,0.967631,No,32
644,purine_nucleotides,purine nucleotides,0.967631,No,29
645,oltipraz,oltipraz,0.967626,No,32
646,betamethasone,betamethasone,0.967626,No,44
647,thiols,thiols,0.967624,No,44
648,gossypin,gossypin,0.967619,No,21
649,PD98059,PD98059,0.967615,No,85
650,methoctramine,methoctramine,0.967613,No,22
651,ceritinib,ceritinib,0.967611,No,32
652,perindopril,perindopril,0.967607,No,35
653,bisphosphonates,bisphosphonates,0.967603,No,51
654,metrifonate,metrifonate,0.967603,No,29
655,ibutilide,ibutilide,0.967601,No,18
656,fludarabine_phosphate,fludarabine phosphate,0.967596,No,18
657,menadione,menadione,0.967594,No,39
658,daptomycin,daptomycin,0.967593,No,27
659,URB597,URB597,0.967591,No,33
660,indomethacin,indomethacin,0.967579,No,78
661,phorbol_myristate_acetate,phorbol myristate acetate,0.967575,No,70
662,mephenesin,mephenesin,0.967571,No,16
663,tigecycline,tigecycline,0.967567,No,30
664,bortezomib,bortezomib,0.967565,No,126
665,sulfide,sulfide,0.967565,No,36
666,pyrimidine_nucleotide,pyrimidine nucleotide,0.967564,No,20
667,esmolol,esmolol,0.967562,No,33
668,glyceraldehyde,glyceraldehyde,0.967556,No,28
669,strychnine,strychnine,0.967556,No,25
670,ridaforolimus,ridaforolimus,0.967555,No,26
671,tideglusib,tideglusib,0.967555,No,11
672,salicylate,salicylate,0.967550,No,46
673,clonazepam,clonazepam,0.967545,No,32
674,ABT-627,ABT-627,0.967544,No,29
675,triamcinolone_acetonide,triamcinolone acetonide,0.967542,No,38
676,manumycin,manumycin,0.967538,No,32
677,isoprostanes,isoprostanes,0.967532,No,30
678,dichlorvos,dichlorvos,0.967532,No,34
679,metaproterenol,metaproterenol,0.967526,No,25
680,ursodeoxycholic_acid,ursodeoxycholic acid,0.967525,No,39
681,amonafide,amonafide,0.967518,No,23
682,caffeic_acid_phenethyl_ester,caffeic acid phenethyl ester,0.967518,No,34
683,sulfanilamide,sulfanilamide,0.967516,No,18
684,oxymatrine,oxymatrine,0.967499,No,34
685,evodiamine,evodiamine,0.967499,No,37
686,acemetacin,acemetacin,0.967498,No,14
687,phosphoenolpyruvate,phosphoenolpyruvate,0.967491,No,36
688,cortisol,cortisol,0.967489,No,158
689,vatalanib,vatalanib,0.967489,No,31
690,apixaban,apixaban,0.967485,No,29
691,trichostatin_A,trichostatin A,0.967483,No,80
692,caspofungin,caspofungin,0.967483,No,31
693,adenylate,adenylate,0.967478,No,39
694,fluvoxamine,fluvoxamine,0.967474,No,34
695,steroid_saponins,steroid saponins,0.967470,No,20
696,megestrol_acetate,megestrol acetate,0.967469,No,33
697,paroxetine,paroxetine,0.967469,No,35
698,ketorolac,ketorolac,0.967465,No,31
699,sufentanil,sufentanil,0.967462,No,26
700,anthracycline,anthracycline,0.967458,No,50
701,sphingolipids,sphingolipids,0.967452,No,37
702,perampanel,perampanel,0.967450,No,24
703,modafinil,modafinil,0.967447,No,34
704,dexmedetomidine,dexmedetomidine,0.967446,No,40
705,alkannin,alkannin,0.967440,No,12
706,phenylpropanoid,phenylpropanoid,0.967438,No,31
707,terfenadine,terfenadine,0.967437,No,36
708,phosphoric_acid,phosphoric acid,0.967426,No,18
709,chlorine,chlorine,0.967424,No,40
710,cefuroxime,cefuroxime,0.967421,No,29
711,scoparone,scoparone,0.967421,No,32
712,potassium_chloride,potassium chloride,0.967418,No,30
713,benzodiazepines,benzodiazepines,0.967417,No,49
714,tryptanthrin,tryptanthrin,0.967412,No,31
715,maxacalcitol,maxacalcitol,0.967409,No,31
716,EB1089,EB1089,0.967404,No,32
717,cinnarizine,cinnarizine,0.967401,No,23
718,monocrotaline,monocrotaline,0.967396,No,32
719,arenobufagin,arenobufagin,0.967387,No,23
720,isothiocyanates,isothiocyanates,0.967384,No,35
721,diltiazem,diltiazem,0.967383,No,38
722,benidipine,benidipine,0.967380,No,30
723,corticosteroid,corticosteroid,0.967379,No,55
724,sibutramine,sibutramine,0.967379,No,32
725,ligustrazine,ligustrazine,0.967375,No,37
726,crocidolite,crocidolite,0.967375,No,28
727,methylmethacrylate,methylmethacrylate,0.967371,No,21
728,zoledronic_acid,zoledronic acid,0.967367,No,51
729,anisomycin,anisomycin,0.967360,No,40
730,organophosphates,organophosphates,0.967352,Yes,34
731,sagopilone,sagopilone,0.967342,No,17
732,gabexate_mesilate,gabexate mesilate,0.967338,No,34
733,motesanib,motesanib,0.967337,No,28
734,xamoterol,xamoterol,0.967332,No,26
735,ribavirin,ribavirin,0.967331,No,49
736,thiosemicarbazones,thiosemicarbazones,0.967331,No,25
737,gadoteridol,gadoteridol,0.967331,No,15
738,streptozotocin,streptozotocin,0.967331,No,62
739,pyrimethamine,pyrimethamine,0.967321,Yes,34
740,glatiramer_acetate,glatiramer acetate,0.967316,No,33
741,celecoxib,celecoxib,0.967313,No,68
742,aminophylline,aminophylline,0.967307,No,34
743,palonosetron,palonosetron,0.967307,No,21
744,aphidicolin,aphidicolin,0.967306,No,35
745,fenticonazole,fenticonazole,0.967300,No,15
746,flavones,flavones,0.967292,No,33
747,ethylene_glycol,ethylene glycol,0.967286,No,36
748,sodium_bicarbonate,sodium bicarbonate,0.967286,No,34
749,acebutolol,acebutolol,0.967281,No,29
750,prostaglandin_D2,prostaglandin D2,0.967275,No,39
751,ginsenosides,ginsenosides,0.967269,No,34
752,hypericin,hypericin,0.967266,No,36
753,cycloheximide,cycloheximide,0.967265,No,103
754,imiquimod,imiquimod,0.967256,No,34
755,actinomycin_C,actinomycin C,0.967255,No,11
756,carbohydrates,carbohydrates,0.967254,No,67
757,fenoterol,fenoterol,0.967254,No,31
758,glucocorticoids,glucocorticoids,0.967252,No,18
759,strontium,strontium,0.967246,No,30
760,ganglioside,ganglioside,0.967242,No,67
761,glibenclamide,glibenclamide,0.967241,No,47
762,DHEA,DHEA,0.967238,No,62
763,rituximab,rituximab,0.967232,No,33
764,aminoglycosides,aminoglycosides,0.967231,No,43
765,aminoguanidine,aminoguanidine,0.967229,No,40
766,quinolines,quinolines,0.967225,Yes,30
767,benzophenone,benzophenone,0.967221,No,21
768,EDTA,EDTA,0.967219,Yes,52
769,sunitinib,sunitinib,0.967218,No,56
770,atracurium,atracurium,0.967204,No,21
771,tapentadol,tapentadol,0.967195,No,22
772,meglumine,meglumine,0.967195,No,19
773,tadalafil,tadalafil,0.967192,No,34
774,floxuridine,floxuridine,0.967191,No,28
775,gentamicin,gentamicin,0.967188,No,57
776,pantethine,pantethine,0.967173,Yes,16
777,lopinavir/ritonavir,lopinavir/ritonavir,0.967161,No,18
778,glutaric_acid,glutaric acid,0.967154,No,20
779,imipenem,imipenem,0.967151,No,30
780,niacin,niacin,0.967146,No,38
781,anthranilic_acid,anthranilic acid,0.967141,No,31
782,taurolidine,taurolidine,0.967141,No,30
783,toluidine_blue,toluidine blue,0.967134,No,23
784,dextran,dextran,0.967130,No,44
785,chloral_hydrate,chloral hydrate,0.967127,No,27
786,isoeugenol,isoeugenol,0.967120,No,24
787,euphol,euphol,0.967116,No,20
788,porphyrin,porphyrin,0.967111,No,38
789,enrofloxacin,enrofloxacin,0.967109,No,25
790,potassium_hydroxide,potassium hydroxide,0.967105,No,17
791,spectinomycin,spectinomycin,0.967100,No,23
792,sodium_fluoride,sodium fluoride,0.967095,No,32
793,albendazole,albendazole,0.967094,No,42
794,TU-100,TU-100,0.967094,No,19
795,dipyrone,dipyrone,0.967093,No,30
796,nicotinamide,nicotinamide,0.967092,No,50
797,halofantrine,halofantrine,0.967092,Yes,26
798,irisolidone,irisolidone,0.967091,No,11
799,alpha-ketoglutarate,alpha-ketoglutarate,0.967088,No,39
800,statins,statins,0.967087,No,44
801,azaserine,azaserine,0.967084,No,27
802,carbenicillin,carbenicillin,0.967083,No,22
803,nebivolol,nebivolol,0.967083,No,33
804,treosulfan,treosulfan,0.967069,No,17
805,liquiritigenin,liquiritigenin,0.967052,No,32
806,nocodazole,nocodazole,0.967050,No,42
807,S-adenosylmethionine,S-adenosylmethionine,0.967048,No,47
808,indole,indole,0.967042,No,37
809,ganaxolone,ganaxolone,0.967040,No,17
810,labetalol,labetalol,0.967038,No,31
811,4-hydroxytamoxifen,4-hydroxytamoxifen,0.967035,No,33
812,trimetrexate,trimetrexate,0.967033,No,21
813,mannitol,mannitol,0.967028,No,47
814,DFO,DFO,0.967028,No,38
815,ciprofibrate,ciprofibrate,0.967026,No,31
816,barbiturate,barbiturate,0.967022,No,22
817,iopamidol,iopamidol,0.967020,No,19
818,teriparatide,teriparatide,0.967014,No,31
819,carotene,carotene,0.967009,No,28
820,nicotine,nicotine,0.967006,No,115
821,erythritol,erythritol,0.967005,No,20
822,wortmannin,wortmannin,0.966991,No,74
823,ferrous_sulfate,ferrous sulfate,0.966983,No,27
824,belinostat,belinostat,0.966981,No,30
825,benzimidazole,benzimidazole,0.966980,Yes,41
826,alpha-tocopherol,alpha-tocopherol,0.966976,Yes,46
827,sulfalene,sulfalene,0.966976,Yes,14
828,17-DMAG,17-DMAG,0.966976,No,34
829,ergotamine,ergotamine,0.966975,No,27
830,diclofenac,diclofenac,0.966973,No,48
831,lupeol,lupeol,0.966973,No,32
832,lomefloxacin,lomefloxacin,0.966969,No,22
833,gabapentin,gabapentin,0.966963,No,36
834,halothane,halothane,0.966961,No,40
835,ipratropium_bromide,ipratropium bromide,0.966958,No,25
836,carbimazole,carbimazole,0.966954,No,24
837,retinal,retinal,0.966954,No,53
838,clodronate,clodronate,0.966953,No,35
839,oral_contraceptives,oral contraceptives,0.966949,No,31
840,acrylamide,acrylamide,0.966948,No,38
841,terbutaline,terbutaline,0.966948,No,39
842,sitagliptin,sitagliptin,0.966942,No,43
843,methocarbamol,methocarbamol,0.966942,No,16
844,phencyclidine,phencyclidine,0.966940,No,39
845,pyridoxine,pyridoxine,0.966929,No,42
846,dithiothreitol,dithiothreitol,0.966928,No,40
847,67Ga-citrate,67Ga-citrate,0.966927,No,20
848,sodium_phenylacetate,sodium phenylacetate,0.966919,No,28
849,L-lactate,L-lactate,0.966917,No,34
850,levamisole,levamisole,0.966914,Yes,45
851,pentylenetetrazole,pentylenetetrazole,0.966913,No,35
852,malondialdehyde,malondialdehyde,0.966911,No,65
853,fucoxanthin,fucoxanthin,0.966902,No,32
854,t-AUCB,t-AUCB,0.966900,No,17
855,fluvastatin,fluvastatin,0.966895,No,39
856,dinaciclib,dinaciclib,0.966890,No,30
857,piroxicam,piroxicam,0.966883,No,35
858,aripiprazole,aripiprazole,0.966874,No,36
859,sodium_arsanilate,sodium arsanilate,0.966874,No,14
860,amiloride,amiloride,0.966873,No,53
861,efavirenz,efavirenz,0.966872,No,32
862,oleacein,oleacein,0.966872,No,9
863,tert-butyl_hydroperoxide,tert-butyl hydroperoxide,0.966869,No,32
864,tyrphostin,tyrphostin,0.966866,No,32
865,Betaseron,Betaseron,0.966866,No,23
866,trametinib,trametinib,0.966864,No,34
867,monocarboxylate,monocarboxylate,0.966859,No,38
868,nucleosides,nucleosides,0.966859,No,34
869,parathormone,parathormone,0.966855,No,34
870,paracrine,paracrine,0.966850,No,38
871,TH-302,TH-302,0.966833,No,16
872,perifosine,perifosine,0.966832,No,35
873,lisuride,lisuride,0.966829,No,27
874,cordycepin,cordycepin,0.966827,No,40
875,geniposide,geniposide,0.966826,No,40
876,sodium_benzoate,sodium benzoate,0.966820,No,24
877,ketoconazole,ketoconazole,0.966815,No,48
878,quinacrine,quinacrine,0.966814,Yes,45
879,Gallium-67,Gallium-67,0.966807,No,19
880,phenobarbital,phenobarbital,0.966806,Yes,62
881,lovastatin,lovastatin,0.966802,No,54
882,erionite,erionite,0.966801,No,15
883,artemisinin,artemisinin,0.966800,Yes,45
884,catecholamines,catecholamines,0.966795,No,64
885,methylguanidine,methylguanidine,0.966792,No,27
886,Hoechst_33342,Hoechst 33342,0.966790,No,29
887,trypan_blue,trypan blue,0.966790,No,25
888,chidamide,chidamide,0.966787,No,24
889,naphthoquinone,naphthoquinone,0.966786,No,23
890,lycorine,lycorine,0.966785,No,29
891,memantine,memantine,0.966779,No,36
892,saikosaponins,saikosaponins,0.966779,No,31
893,nilvadipine,nilvadipine,0.966778,No,22
894,berberine,berberine,0.966775,No,83
895,GDC-0941,GDC-0941,0.966766,No,32
896,sinomenine,sinomenine,0.966764,No,34
897,nitrones,nitrones,0.966763,No,18
898,clotrimazole,clotrimazole,0.966758,No,41
899,flumazenil,flumazenil,0.966757,No,33
900,taurultame,taurultame,0.966751,No,0
901,carvacrol,carvacrol,0.966749,No,35
902,fosfomycin,fosfomycin,0.966749,No,33
903,ibuprofen,ibuprofen,0.966748,No,52
904,cilostazol,cilostazol,0.966744,No,43
905,minodronate,minodronate,0.966743,No,31
906,carvedilol,carvedilol,0.966740,No,40
907,beta-lactams,beta-lactams,0.966738,No,32
908,methylprednisolone_acetate,methylprednisolone acetate,0.966728,No,19
909,geranylgeraniol,geranylgeraniol,0.966725,No,26
910,candesartan,candesartan,0.966725,No,40
911,sesquiterpene,sesquiterpene,0.966720,Yes,29
912,sulindac,sulindac,0.966719,No,32
913,Nitidine_chloride,Nitidine chloride,0.966712,No,26
914,amentoflavone,amentoflavone,0.966707,No,31
915,pantoprazole,pantoprazole,0.966707,No,34
916,silymarin,silymarin,0.966704,No,37
917,ginsenoside_Rh2,ginsenoside Rh2,0.966702,No,31
918,metoprine,metoprine,0.966701,No,23
919,misoprostol,misoprostol,0.966698,No,34
920,ketanserin,ketanserin,0.966694,No,33
921,polycyclic_aromatic_hydrocarbons,polycyclic aromatic hydrocarbons,0.966685,No,36
922,chlorhexidine,chlorhexidine,0.966685,No,29
923,cepharanthine,cepharanthine,0.966684,No,32
924,phosphocholine,phosphocholine,0.966681,No,34
925,wogonoside,wogonoside,0.966677,No,30
926,mirtazapine,mirtazapine,0.966677,No,30
927,filgrastim,filgrastim,0.966670,No,18
928,prazosin,prazosin,0.966669,No,31
929,polydimethylsiloxane,polydimethylsiloxane,0.966667,No,17
930,strontium_ranelate,strontium ranelate,0.966657,No,31
931,doxorubicine,doxorubicine,0.966648,No,16
932,isoproterenol,isoproterenol,0.966645,No,85
933,timolol,timolol,0.966642,No,35
934,furanocoumarins,furanocoumarins,0.966639,No,30
935,Rocaglamide,Rocaglamide,0.966638,No,17
936,bacitracin,bacitracin,0.966635,No,34
937,thiethylperazine,thiethylperazine,0.966633,No,16
938,tetrodotoxin,tetrodotoxin,0.966632,No,40
939,bendamustine,bendamustine,0.966627,No,33
940,fotemustine,fotemustine,0.966625,No,27
941,Methylsulfonylmethane,Methylsulfonylmethane,0.966625,No,25
942,polyamines,polyamines,0.966625,No,57
943,panaxydol,panaxydol,0.966622,No,19
944,quinoline,quinoline,0.966621,Yes,33
945,ethane,ethane,0.966621,No,19
946,axitinib,axitinib,0.966619,No,35
947,PU-H71,PU-H71,0.966617,No,25
948,midazolam,midazolam,0.966613,Yes,35
949,beta-lapachone,beta-lapachone,0.966610,No,32
950,tafenoquine,tafenoquine,0.966609,Yes,16
951,pimozide,pimozide,0.966609,No,35
952,ganciclovir,ganciclovir,0.966607,No,43
953,bifenthrin,bifenthrin,0.966598,Yes,14
954,bazedoxifene,bazedoxifene,0.966597,No,32
955,misonidazole,misonidazole,0.966595,No,19
956,bicarbonate,bicarbonate,0.966593,No,71
957,pimonidazole,pimonidazole,0.966589,No,24
958,boronate,boronate,0.966587,No,8
959,triamcinolone,triamcinolone,0.966586,No,36
960,trimebutine,trimebutine,0.966583,No,24
961,diethyldithiocarbamate,diethyldithiocarbamate,0.966582,No,34
962,sodium_sulfate,sodium sulfate,0.966582,No,38
963,rupatadine,rupatadine,0.966580,No,20
964,nitinol,nitinol,0.966579,No,20
965,magnesium_sulfate,magnesium sulfate,0.966579,No,33
966,aminoglycoside,aminoglycoside,0.966577,No,43
967,isavuconazole,isavuconazole,0.966573,No,23
968,tipifarnib,tipifarnib,0.966570,No,32
969,tetrathiomolybdate,tetrathiomolybdate,0.966565,No,27
970,rosiglitazone,rosiglitazone,0.966565,No,74
971,colestipol,colestipol,0.966561,No,17
972,norfloxacin,norfloxacin,0.966556,No,30
973,nordihydroguaiaretic_acid,nordihydroguaiaretic acid,0.966555,No,34
974,selenium,selenium,0.966552,No,63
975,bunazosin,bunazosin,0.966544,No,21
976,salmeterol,salmeterol,0.966543,No,36
977,Tubeimoside-1,Tubeimoside-1,0.966537,No,15
978,propofol,propofol,0.966530,No,80
979,bosentan,bosentan,0.966529,No,41
980,mexiletine,mexiletine,0.966524,No,33
981,trinitrobenzene_sulfonic_acid,trinitrobenzene sulfonic acid,0.966523,No,32
982,dibutyryl_cAMP,dibutyryl cAMP,0.966520,No,46
983,ephedrine,ephedrine,0.966516,No,29
984,sulfamethoxazole,sulfamethoxazole,0.966515,No,33
985,calcium_chloride,calcium chloride,0.966505,No,31
986,glyoxylate,glyoxylate,0.966505,No,34
987,calcium_citrate,calcium citrate,0.966502,No,19
988,nitrogen_dioxide,nitrogen dioxide,0.966501,No,27
989,estriol,estriol,0.966498,No,35
990,epoxide,epoxide,0.966495,No,34
991,ethambutol,ethambutol,0.966489,No,27
992,fluticasone_propionate,fluticasone propionate,0.966486,No,37
993,linarin,linarin,0.966482,No,22
994,lycopene,lycopene,0.966482,No,36
995,CV-6209,CV-6209,0.966481,No,26
996,tromethamine,tromethamine,0.966476,No,20
997,retinoid,retinoid,0.966475,No,57
998,lipofectamine,lipofectamine,0.966468,No,31
999,calphostin_C,calphostin C,0.966462,No,38
1000,forodesine,forodesine,0.966461,No,21
1001,globotriaosylceramide,globotriaosylceramide,0.966459,No,30
1002,gefitinib,gefitinib,0.966454,No,103
1003,pregabalin,pregabalin,0.966445,No,34
1004,paraformaldehyde,paraformaldehyde,0.966443,No,27
1005,armodafinil,armodafinil,0.966442,No,18
1006,deferoxamine,deferoxamine,0.966439,Yes,48
1007,methotrexate,methotrexate,0.966432,Yes,104
1008,Cetrorelix,Cetrorelix,0.966427,No,30
1009,pomalidomide,pomalidomide,0.966424,No,34
1010,menogaril,menogaril,0.966423,No,16
1011,permanganate,permanganate,0.966420,No,15
1012,caudatin,caudatin,0.966417,No,18
1013,Lipoplatin,Lipoplatin,0.966415,No,19
1014,carbon_dioxide,carbon dioxide,0.966415,No,47
1015,anthracyclines,anthracyclines,0.966413,No,39
1016,thiabendazole,thiabendazole,0.966412,No,25
1017,okadaic_acid,okadaic acid,0.966403,No,59
1018,orlistat,orlistat,0.966403,No,34
1019,hematoporphyrin,hematoporphyrin,0.966391,No,24
1020,triazolopyrimidine,triazolopyrimidine,0.966382,No,14
1021,promethazine,promethazine,0.966381,No,28
1022,pyrene,pyrene,0.966380,No,33
1023,nitrosamines,nitrosamines,0.966373,No,31
1024,resveratrol,resveratrol,0.966367,No,169
1025,naltrindole,naltrindole,0.966363,No,28
1026,palmitoleic_acid,palmitoleic acid,0.966362,No,32
1027,AZD8055,AZD8055,0.966357,No,36
1028,ondansetron,ondansetron,0.966343,No,31
1029,telbivudine,telbivudine,0.966343,No,27
1030,atenolol,atenolol,0.966335,No,45
1031,chlorogenic_acid,chlorogenic acid,0.966334,No,35
1032,isoflurane,isoflurane,0.966334,No,50
1033,dicoumarol,dicoumarol,0.966331,No,34
1034,carbamazepine,carbamazepine,0.966326,No,46
1035,sulfonamides,sulfonamides,0.966324,Yes,38
1036,4-aminopyridine,4-aminopyridine,0.966322,No,32
1037,proanthocyanidins,proanthocyanidins,0.966318,No,36
1038,propranolol,propranolol,0.966316,No,65
1039,tunicamycin,tunicamycin,0.966316,No,59
1040,chondroitin_sulfate,chondroitin sulfate,0.966312,No,41
1041,dovitinib,dovitinib,0.966305,No,38
1042,D-arabinitol,D-arabinitol,0.966304,No,15
1043,iomazenil,iomazenil,0.966294,No,16
1044,Norgestrel,Norgestrel,0.966294,No,14
1045,tetrachloroethylene,tetrachloroethylene,0.966290,No,22
1046,alpha-linolenic_acid,alpha-linolenic acid,0.966287,No,33
1047,oxamniquine,oxamniquine,0.966286,No,19
1048,PI-103,PI-103,0.966282,No,30
1049,succinylcholine,succinylcholine,0.966276,No,33
1050,macrolide,macrolide,0.966276,No,37
1051,phenoxybenzamine,phenoxybenzamine,0.966264,No,31
1052,oxylipins,oxylipins,0.966246,Yes,29
1053,mitoxantrone,mitoxantrone,0.966241,No,50
1054,dexamethasone,dexamethasone,0.966232,No,325
1055,iron,iron,0.966232,Yes,243
1056,leminoprazole,leminoprazole,0.966231,No,11
1057,chlorpromazine,chlorpromazine,0.966226,No,50
1058,auranofin,auranofin,0.966226,No,41
1059,suramin,suramin,0.966225,No,56
1060,anthocyanins,anthocyanins,0.966223,No,38
1061,lumefantrine,lumefantrine,0.966222,Yes,14
1062,tetraethylammonium,tetraethylammonium,0.966220,No,32
1063,EPA,EPA,0.966208,No,55
1064,theobromine,theobromine,0.966205,No,24
1065,3_beta-hydroxysteroid,3 beta-hydroxysteroid,0.966195,No,33
1066,phenytoin,phenytoin,0.966193,Yes,54
1067,gossypol,gossypol,0.966186,No,40
1068,deoxyspergualin,deoxyspergualin,0.966177,No,32
1069,153Sm-EDTMP,153Sm-EDTMP,0.966172,No,16
1070,gadolinium,gadolinium,0.966167,No,46
1071,tranexamic_acid,tranexamic acid,0.966162,No,35
1072,phthalates,phthalates,0.966161,No,34
1073,isoliquiritigenin,isoliquiritigenin,0.966160,No,32
1074,cefsulodin,cefsulodin,0.966160,No,21
1075,permethrin,permethrin,0.966158,Yes,35
1076,domperidone,domperidone,0.966152,No,32
1077,haloperidol,haloperidol,0.966145,No,62
1078,diclazuril,diclazuril,0.966142,No,15
1079,acriflavine,acriflavine,0.966134,No,25
1080,edaravone,edaravone,0.966130,No,36
1081,ranitidine,ranitidine,0.966128,No,36
1082,gamma-tocopherol,gamma-tocopherol,0.966126,No,26
1083,rifaximin,rifaximin,0.966123,No,30
1084,dehydroxymethylepoxyquinomicin,dehydroxymethylepoxyquinomicin,0.966122,No,26
1085,putrescine,putrescine,0.966119,No,45
1086,mevalonate,mevalonate,0.966118,No,39
1087,chlorambucil,chlorambucil,0.966115,No,37
1088,ebselen,ebselen,0.966098,No,32
1089,voriconazole,voriconazole,0.966092,No,50
1090,telomestatin,telomestatin,0.966080,No,19
1091,ursolic_acid,ursolic acid,0.966075,No,40
1092,leukotriene_E4,leukotriene E4,0.966074,No,23
1093,sulforaphane,sulforaphane,0.966072,No,53
1094,tazarotene,tazarotene,0.966070,No,29
1095,temsirolimus,temsirolimus,0.966069,No,41
1096,flavonoids,flavonoids,0.966063,No,54
1097,diethylcarbamazine,diethylcarbamazine,0.966058,No,28
1098,UCN-01,UCN-01,0.966050,No,35
1099,BQ-123,BQ-123,0.966048,No,35
1100,choline,choline,0.966048,No,69
1101,bifonazole,bifonazole,0.966037,No,14
1102,pentostatin,pentostatin,0.966034,No,28
1103,irinotecan,irinotecan,0.966033,No,57
1104,creatinine,creatinine,0.966032,No,129
1105,carbenoxolone,carbenoxolone,0.966030,No,32
1106,8-isoprostane,8-isoprostane,0.966030,No,40
1107,chlordiazepoxide,chlordiazepoxide,0.966028,No,24
1108,cidofovir,cidofovir,0.966026,No,34
1109,zinc_sulphate,zinc sulphate,0.966021,No,31
1110,hydralazine,hydralazine,0.966021,No,37
1111,acteoside,acteoside,0.966018,No,37
1112,methyl-beta-cyclodextrin,methyl-beta-cyclodextrin,0.966017,No,32
1113,phenelzine,phenelzine,0.966008,No,30
1114,amitriptyline,amitriptyline,0.966008,No,45
1115,polymyxin,polymyxin,0.966005,No,15
1116,docetaxel,docetaxel,0.966000,No,75
1117,stiripentol,stiripentol,0.965999,No,20
1118,ampelopsin,ampelopsin,0.965996,No,27
1119,chenodeoxycholic_acid,chenodeoxycholic acid,0.965994,No,35
1120,VX-680,VX-680,0.965991,No,31
1121,trichloroacetic_acid,trichloroacetic acid,0.965984,No,24
1122,monodansylcadaverine,monodansylcadaverine,0.965982,No,27
1123,TAG-72,TAG-72,0.965979,No,30
1124,triclosan,triclosan,0.965977,No,34
1125,cimetidine,cimetidine,0.965977,No,49
1126,U73122,U73122,0.965975,No,38
1127,inositol_phosphates,inositol phosphates,0.965975,No,33
1128,piperazine,piperazine,0.965975,No,25
1129,aflatoxin,aflatoxin,0.965968,No,33
1130,miltefosine,miltefosine,0.965963,No,36
1131,glutamate,glutamate,0.965962,No,216
1132,n-butylidenephthalide,n-butylidenephthalide,0.965960,No,16
1133,triazole,triazole,0.965960,No,35
1134,enilconazole,enilconazole,0.965952,No,17
1135,thiazides,thiazides,0.965950,No,31
1136,angiotensin,angiotensin,0.965948,No,36
1137,99mTc-tetrofosmin,99mTc-tetrofosmin,0.965946,No,20
1138,manzamine_A,manzamine A,0.965945,No,8
1139,pargyline,pargyline,0.965936,No,31
1140,arsenic_trioxide,arsenic trioxide,0.965936,No,72
1141,myristoyl,myristoyl,0.965926,No,33
1142,pravastatin,pravastatin,0.965924,No,44
1143,actinomycin_D,actinomycin D,0.965919,No,78
1144,nitroxides,nitroxides,0.965917,No,25
1145,tocopherol,tocopherol,0.965913,No,34
1146,rivastigmine,rivastigmine,0.965906,No,32
1147,gangliosides,gangliosides,0.965899,No,48
1148,ruthenium,ruthenium,0.965888,No,35
1149,cytosine,cytosine,0.965885,No,51
1150,ginsenoside_Rg3,ginsenoside Rg3,0.965880,No,37
1151,ethacrynic_acid,ethacrynic acid,0.965877,No,31
1152,anastrozole,anastrozole,0.965873,No,33
1153,L-DOPA,L-DOPA,0.965872,No,42
1154,methyl_gallate,methyl gallate,0.965862,No,16
1155,1-methylnicotinamide,1-methylnicotinamide,0.965862,No,24
1156,deferiprone,deferiprone,0.965852,Yes,27
1157,dantrolene,dantrolene,0.965848,No,36
1158,letrozole,letrozole,0.965848,No,34
1159,methanol,methanol,0.965831,No,45
1160,chlorzoxazone,chlorzoxazone,0.965826,No,30
1161,Tricyclic_antidepressants,Tricyclic antidepressants,0.965826,No,15
1162,oxatomide,oxatomide,0.965820,No,31
1163,iopanoic_acid,iopanoic acid,0.965815,No,16
1164,thorium_dioxide,thorium dioxide,0.965813,No,15
1165,mycophenolic_acid,mycophenolic acid,0.965811,No,33
1166,honokiol,honokiol,0.965811,No,39
1167,thiocyanate,thiocyanate,0.965807,No,34
1168,tolbutamide,tolbutamide,0.965804,No,35
1169,digitonin,digitonin,0.965803,No,27
1170,isopropanol,isopropanol,0.965798,No,31
1171,magnesium_citrate,magnesium citrate,0.965794,No,16
1172,brucine,brucine,0.965789,No,31
1173,reaferon,reaferon,0.965782,No,16
1174,doranidazole,doranidazole,0.965779,No,18
1175,sorafenib,sorafenib,0.965776,No,130
1176,diminazene,diminazene,0.965773,No,12
1177,lysergic_acid,lysergic acid,0.965765,No,8
1178,ivabradine,ivabradine,0.965763,No,32
1179,atovaquone,atovaquone,0.965762,Yes,35
1180,nevirapine,nevirapine,0.965751,Yes,32
1181,magnolol,magnolol,0.965739,No,38
1182,technetium_pyrophosphate,technetium pyrophosphate,0.965735,No,12
1183,11C-methionine,11C-methionine,0.965731,No,17
1184,SCH_23390,SCH 23390,0.965726,No,32
1185,CaCO3,CaCO3,0.965724,No,25
1186,aureomycin,aureomycin,0.965713,Yes,28
1187,sulfathiazole,sulfathiazole,0.965710,No,17
1188,Minnelide,Minnelide,0.965710,No,18
1189,turbinamide,turbinamide,0.965709,No,4
1190,dalargin,dalargin,0.965707,No,19
1191,tin_protoporphyrin_IX,tin protoporphyrin IX,0.965707,No,29
1192,lauric_acid,lauric acid,0.965702,No,33
1193,pentagastrin,pentagastrin,0.965696,No,32
1194,riboflavin,riboflavin,0.965693,No,39
1195,prednisolone,prednisolone,0.965691,No,71
1196,spiperone,spiperone,0.965690,No,32
1197,acridine,acridine,0.965684,Yes,24
1198,titanium,titanium,0.965684,No,37
1199,phloretin,phloretin,0.965680,No,35
1200,3-nitropropionic_acid,3-nitropropionic acid,0.965679,No,26
1201,phosphatidylglycerol,phosphatidylglycerol,0.965677,No,31
1202,xanthine,xanthine,0.965674,No,39
1203,heroin,heroin,0.965673,No,42
1204,methenolone,methenolone,0.965672,No,7
1205,CPG_7909,CPG 7909,0.965661,No,21
1206,isopropyl,isopropyl,0.965660,No,14
1207,carnosic_acid,carnosic acid,0.965658,No,31
1208,fluorine-18,fluorine-18,0.965654,No,14
1209,alphaCGRP,alphaCGRP,0.965653,No,20
1210,meclizine,meclizine,0.965640,No,30
1211,edotecarin,edotecarin,0.965638,No,8
1212,flecainide,flecainide,0.965626,No,34
1213,ketamine,ketamine,0.965626,No,58
1214,ammonium_chloride,ammonium chloride,0.965622,No,34
1215,sotalol,sotalol,0.965622,No,20
1216,paraquat,paraquat,0.965620,No,36
1217,bromocriptine,bromocriptine,0.965618,No,38
1218,alloxan,alloxan,0.965618,No,33
1219,beta-hydroxybutyrate,beta-hydroxybutyrate,0.965614,No,32
1220,"inositol_1,4,5-trisphosphate","inositol 1,4,5-trisphosphate",0.965613,No,46
1221,carboxyfluorescein,carboxyfluorescein,0.965607,No,31
1222,heparan_sulphate,heparan sulphate,0.965606,No,31
1223,detomidine,detomidine,0.965605,No,17
1224,clobetasol_propionate,clobetasol propionate,0.965593,No,25
1225,ajoene,ajoene,0.965593,No,29
1226,tofacitinib,tofacitinib,0.965592,No,38
1227,prasugrel,prasugrel,0.965592,No,32
1228,azelastine,azelastine,0.965590,No,30
1229,acetonitrile,acetonitrile,0.965587,No,35
1230,4-ipomeanol,4-ipomeanol,0.965580,No,15
1231,butylparaben,butylparaben,0.965578,No,7
1232,acetazolamide,acetazolamide,0.965577,No,52
1233,arsine,arsine,0.965576,Yes,14
1234,sanguinarine,sanguinarine,0.965576,No,37
1235,perovskite,perovskite,0.965574,No,18
1236,ciclosporin_A,ciclosporin A,0.965573,No,25
1237,sodium_cromoglycate,sodium cromoglycate,0.965570,No,32
1238,carbapenems,carbapenems,0.965568,No,18
1239,cilofungin,cilofungin,0.965564,No,13
1240,2-methoxyestradiol,2-methoxyestradiol,0.965564,No,37
1241,imipramine,imipramine,0.965557,No,43
1242,MIA-602,MIA-602,0.965549,No,19
1243,glyphosate,glyphosate,0.965548,No,32
1244,Clostridium_septicum,Clostridium septicum,0.965539,No,7
1245,benznidazole,benznidazole,0.965532,No,22
1246,prucalopride,prucalopride,0.965524,No,24
1247,DFMO,DFMO,0.965522,No,43
1248,pyronaridine,pyronaridine,0.965521,Yes,14
1249,thioridazine,thioridazine,0.965518,No,37
1250,epoxomicin,epoxomicin,0.965514,No,29
1251,CB-839,CB-839,0.965511,No,17
1252,clarithromycin,clarithromycin,0.965500,No,49
1253,99mTc-HMPAO,99mTc-HMPAO,0.965488,No,19
1254,dioscin,dioscin,0.965483,No,36
1255,sodium_butyrate,sodium butyrate,0.965483,No,65
1256,corosolic_acid,corosolic acid,0.965476,No,27
1257,buthionine_sulfoximine,buthionine sulfoximine,0.965467,No,33
1258,polylysine,polylysine,0.965466,No,34
1259,cortisone,cortisone,0.965463,Yes,55
1260,ambroxol,ambroxol,0.965462,No,32
1261,efinaconazole,efinaconazole,0.965460,No,15
1262,pyrroloquinoline_quinone,pyrroloquinoline quinone,0.965456,No,31
1263,thiamine,thiamine,0.965446,No,37
1264,RRx-001,RRx-001,0.965444,No,19
1265,gamma-tocotrienol,gamma-tocotrienol,0.965429,No,30
1266,N-acylethanolamines,N-acylethanolamines,0.965427,No,30
1267,moxalactam,moxalactam,0.965425,No,22
1268,purine,purine,0.965416,No,54
1269,chalcone,chalcone,0.965415,No,34
1270,retinamide,retinamide,0.965410,No,15
1271,pseudoephedrine,pseudoephedrine,0.965409,No,20
1272,pregnenolone_sulfate,pregnenolone sulfate,0.965408,No,32
1273,GW501516,GW501516,0.965399,No,35
1274,glucosamine,glucosamine,0.965393,No,42
1275,oroxylin_A,oroxylin A,0.965384,No,33
1276,cefotiam,cefotiam,0.965382,No,17
1277,procalcitonin,procalcitonin,0.965380,No,39
1278,ibrutinib,ibrutinib,0.965375,No,47
1279,oxysterols,oxysterols,0.965375,No,37
1280,gemfibrozil,gemfibrozil,0.965366,No,34
1281,caffeine,caffeine,0.965361,Yes,93
1282,mercury,mercury,0.965352,No,51
1283,taurine,taurine,0.965349,No,58
1284,flubendazole,flubendazole,0.965347,No,23
1285,tetracyclines,tetracyclines,0.965346,Yes,32
1286,darinaparsin,darinaparsin,0.965345,No,17
1287,fenitrothion,fenitrothion,0.965343,Yes,25
1288,thiouracil,thiouracil,0.965342,No,19
1289,narciclasine,narciclasine,0.965341,No,12
1290,fenbendazole,fenbendazole,0.965340,No,18
1291,25-hydroxyvitamin_D,25-hydroxyvitamin D,0.965335,No,40
1292,sulfadiazine,sulfadiazine,0.965332,No,20
1293,penclomedine,penclomedine,0.965328,No,14
1294,triterpene,triterpene,0.965325,No,23
1295,anthraquinone,anthraquinone,0.965317,No,30
1296,disaccharides,disaccharides,0.965305,No,31
1297,nitrogen_oxides,nitrogen oxides,0.965305,No,27
1298,phosphate,phosphate,0.965302,No,153
1299,baicalein,baicalein,0.965300,No,61
1300,primaquine,primaquine,0.965296,Yes,34
1301,mibefradil,mibefradil,0.965296,No,32
1302,cefepime,cefepime,0.965295,No,19
1303,diketopiperazines,diketopiperazines,0.965295,No,18
1304,gallic_acid,gallic acid,0.965294,No,38
1305,tetramisole,tetramisole,0.965291,No,17
1306,protoporphyrin,protoporphyrin,0.965289,No,36
1307,cycloguanil,cycloguanil,0.965287,Yes,15
1308,sphingomyelin,sphingomyelin,0.965286,No,43
1309,oxfendazole,oxfendazole,0.965276,No,15
1310,cefodizime,cefodizime,0.965262,No,22
1311,nitrofurazone,nitrofurazone,0.965260,No,22
1312,mechlorethamine,mechlorethamine,0.965259,No,32
1313,thromboxane,thromboxane,0.965259,No,38
1314,cycloleucine,cycloleucine,0.965258,No,20
1315,triamterene,triamterene,0.965257,No,26
1316,udenafil,udenafil,0.965254,No,30
1317,idarubicin,idarubicin,0.965253,No,33
1318,peroxynitrite,peroxynitrite,0.965249,No,52
1319,phenylbutazone,phenylbutazone,0.965240,No,34
1320,ET-18-OCH3,ET-18-OCH3,0.965240,No,34
1321,iodide,iodide,0.965238,No,44
1322,enterotoxin,enterotoxin,0.965233,No,37
1323,diminazene_aceturate,diminazene aceturate,0.965225,No,31
1324,butyrate,butyrate,0.965221,No,82
1325,hydromorphone,hydromorphone,0.965216,No,22
1326,flutamide,flutamide,0.965214,No,36
1327,Ki16425,Ki16425,0.965213,No,34
1328,steroid,steroid,0.965212,No,191
1329,oxytetracycline,oxytetracycline,0.965211,No,32
1330,dequalinium,dequalinium,0.965210,Yes,16
1331,amotosalen,amotosalen,0.965208,No,9
1332,dihydropyridine,dihydropyridine,0.965207,No,34
1333,oxymetholone,oxymetholone,0.965204,No,21
1334,sertraline,sertraline,0.965202,No,37
1335,digoxigenin,digoxigenin,0.965197,No,19
1336,sphingosine,sphingosine,0.965189,No,50
1337,Givinostat,Givinostat,0.965189,No,24
1338,sulfasalazine,sulfasalazine,0.965188,No,40
1339,carbon_monoxide,carbon monoxide,0.965185,No,42
1340,furosemide,furosemide,0.965184,No,45
1341,nitromethane,nitromethane,0.965170,No,11
1342,CDDO-Me,CDDO-Me,0.965159,No,35
1343,quetiapine,quetiapine,0.965155,No,36
1344,iron_oxide,iron oxide,0.965150,No,36
1345,propentofylline,propentofylline,0.965144,No,32
1346,Gastrografin,Gastrografin,0.965144,No,16
1347,pristimerin,pristimerin,0.965135,No,32
1348,ranolazine,ranolazine,0.965134,No,35
1349,malathion,malathion,0.965133,No,34
1350,danazol,danazol,0.965131,No,42
1351,diazoxide,diazoxide,0.965128,No,44
1352,18F-FDG,18F-FDG,0.965127,No,48
1353,acids,acids,0.965125,No,37
1354,echinocandins,echinocandins,0.965123,No,18
1355,vinblastine,vinblastine,0.965123,No,45
1356,neferine,neferine,0.965121,No,32
1357,meropenem,meropenem,0.965119,No,31
1358,cytarabine,cytarabine,0.965118,No,59
1359,galantamine,galantamine,0.965113,No,31
1360,myriocin,myriocin,0.965111,No,31
1361,temozolomide,temozolomide,0.965105,No,111
1362,fluoroquinolones,fluoroquinolones,0.965086,No,35
1363,roxithromycin,roxithromycin,0.965071,No,33
1364,naphthoquinones,naphthoquinones,0.965064,Yes,28
1365,cyanoacrylate,cyanoacrylate,0.965060,No,15
1366,cephalosporins,cephalosporins,0.965057,No,28
1367,troleandomycin,troleandomycin,0.965057,No,32
1368,sugammadex,sugammadex,0.965051,No,19
1369,atropine,atropine,0.965036,No,48
1370,pervanadate,pervanadate,0.965036,No,30
1371,Hormone,Hormone,0.965033,No,29
1372,acetaminophen,acetaminophen,0.965030,Yes,61
1373,neomycin,neomycin,0.965023,No,37
1374,MMI-166,MMI-166,0.965021,No,17
1375,L-glutamine,L-glutamine,0.965014,No,36
1376,gallium_nitrate,gallium nitrate,0.965011,No,28
1377,adenine_nucleotides,adenine nucleotides,0.965010,No,36
1378,linoleic_acid,linoleic acid,0.965006,No,55
1379,aclarubicin,aclarubicin,0.965002,No,29
1380,rofecoxib,rofecoxib,0.965000,No,31
1381,silibinin,silibinin,0.964995,No,49
1382,isoflavonoids,isoflavonoids,0.964973,No,30
1383,dichloroacetate,dichloroacetate,0.964970,Yes,34
1384,oxalic_acid,oxalic acid,0.964967,No,28
1385,DMXAA,DMXAA,0.964960,No,31
1386,furamidine,furamidine,0.964960,No,12
1387,formononetin,formononetin,0.964958,No,34
1388,MgCl2,MgCl2,0.964956,No,32
1389,simvastatin,simvastatin,0.964954,Yes,109
1390,zolpidem,zolpidem,0.964953,No,33
1391,atorvastatin,atorvastatin,0.964950,No,104
1392,clozapine,clozapine,0.964946,No,50
1393,trapidil,trapidil,0.964942,No,31
1394,procaine,procaine,0.964941,No,34
1395,tiopronin,tiopronin,0.964940,No,23
1396,mebendazole,mebendazole,0.964926,No,29
1397,dichloromethane,dichloromethane,0.964926,No,33
1398,HET0016,HET0016,0.964918,No,23
1399,SRT1720,SRT1720,0.964911,No,31
1400,LAQ824,LAQ824,0.964907,No,28
1401,decamethonium,decamethonium,0.964903,No,15
1402,picrotoxin,picrotoxin,0.964900,No,31
1403,apigenin,apigenin,0.964899,No,62
1404,GUO,GUO,0.964897,No,15
1405,boswellic_acid,boswellic acid,0.964896,No,20
1406,deguelin,deguelin,0.964890,No,34
1407,delta-aminolevulinic_acid,delta-aminolevulinic acid,0.964888,No,39
1408,tenoxicam,tenoxicam,0.964887,No,23
1409,chlorpyrifos,chlorpyrifos,0.964886,No,32
1410,glutamine,glutamine,0.964885,No,83
1411,carboplatin,carboplatin,0.964873,No,83
1412,Arimoclomol,Arimoclomol,0.964870,No,16
1413,naringin,naringin,0.964865,No,40
1414,polyunsaturated_fatty_acids,polyunsaturated fatty acids,0.964861,No,56
1415,pyrantel_pamoate,pyrantel pamoate,0.964858,No,14
1416,succinate,succinate,0.964857,No,43
1417,quercetin,quercetin,0.964855,No,104
1418,arachidonate,arachidonate,0.964854,No,47
1419,taxane,taxane,0.964854,No,33
1420,Atiprimod,Atiprimod,0.964854,No,21
1421,steroids,steroids,0.964837,No,168
1422,xanthone,xanthone,0.964836,No,24
1423,VX-770,VX-770,0.964835,No,12
1424,sofosbuvir,sofosbuvir,0.964833,No,25
1425,xanthohumol,xanthohumol,0.964831,No,31
1426,mycophenolate,mycophenolate,0.964829,No,20
1427,carnosine,carnosine,0.964829,No,38
1428,sodium_tanshinone_IIA_sulfonate,sodium tanshinone IIA sulfonate,0.964826,No,22
1429,A23187,A23187,0.964825,Yes,64
1430,enoxacin,enoxacin,0.964822,No,23
1431,theophylline,theophylline,0.964822,No,53
1432,diosmin,diosmin,0.964821,No,23
1433,polyethylene_glycol,polyethylene glycol,0.964819,No,45
1434,lidocaine,lidocaine,0.964804,No,45
1435,palygorskite,palygorskite,0.964800,No,15
1436,Pristanic_acid,Pristanic acid,0.964799,No,8
1437,appetite_suppressants,appetite suppressants,0.964796,No,15
1438,spirogermanium,spirogermanium,0.964793,No,16
1439,Photofrin,Photofrin,0.964789,No,33
1440,aminazin,aminazin,0.964787,No,15
1441,thiopentone,thiopentone,0.964783,No,32
1442,fenofibrate,fenofibrate,0.964783,No,65
1443,Ga-67,Ga-67,0.964780,No,17
1444,polydioxanone,polydioxanone,0.964774,No,13
1445,t-BHP,t-BHP,0.964774,No,33
1446,aztreonam,aztreonam,0.964773,No,26
1447,3-methylcholanthrene,3-methylcholanthrene,0.964755,No,45
1448,polyethylene,polyethylene,0.964755,No,31
1449,ulipristal_acetate,ulipristal acetate,0.964753,No,22
1450,caroverine,caroverine,0.964749,No,14
1451,acridine_orange,acridine orange,0.964748,No,21
1452,rhamnose,rhamnose,0.964742,No,16
1453,propyl_gallate,propyl gallate,0.964742,No,25
1454,8-methoxypsoralen,8-methoxypsoralen,0.964740,No,37
1455,MeHgCl,MeHgCl,0.964740,No,21
1456,SB431542,SB431542,0.964733,No,43
1457,aminoglutethimide,aminoglutethimide,0.964726,No,31
1458,HMG-CoA,HMG-CoA,0.964716,No,44
1459,hydroxyzine,hydroxyzine,0.964716,No,22
1460,oligonucleotides,oligonucleotides,0.964713,No,65
1461,lubeluzole,lubeluzole,0.964712,No,19
1462,17-AAG,17-AAG,0.964709,No,51
1463,polypropylene,polypropylene,0.964706,No,26
1464,BCNU,BCNU,0.964704,No,46
1465,roscovitine,roscovitine,0.964698,No,48
1466,parthenolide,parthenolide,0.964686,No,39
1467,PKC412,PKC412,0.964685,No,36
1468,pentose_phosphate,pentose phosphate,0.964675,No,31
1469,pentoxyl,pentoxyl,0.964674,No,15
1470,oleic_acid,oleic acid,0.964665,No,53
1471,cerulenin,cerulenin,0.964665,No,33
1472,argon,argon,0.964656,No,29
1473,selenocysteine,selenocysteine,0.964643,No,34
1474,carbogen,carbogen,0.964641,No,24
1475,hydroxydione,hydroxydione,0.964640,No,11
1476,oxide,oxide,0.964640,No,29
1477,zanoterone,zanoterone,0.964639,No,6
1478,landiolol,landiolol,0.964638,No,24
1479,b-alanine,b-alanine,0.964635,No,31
1480,10-hydroxycamptothecin,10-hydroxycamptothecin,0.964631,No,22
1481,sodium_arsenite,sodium arsenite,0.964628,No,39
1482,plumbagin,plumbagin,0.964620,No,41
1483,probenecid,probenecid,0.964612,No,38
1484,clofarabine,clofarabine,0.964610,No,32
1485,ribonucleic_acid,ribonucleic acid,0.964608,No,52
1486,N-ethylmaleimide,N-ethylmaleimide,0.964606,No,38
1487,homoarginine,homoarginine,0.964604,No,25
1488,artesunate,artesunate,0.964601,Yes,50
1489,chloride,chloride,0.964591,No,93
1490,losartan,losartan,0.964579,No,63
1491,metyrapone,metyrapone,0.964579,No,36
1492,indocyanine_green,indocyanine green,0.964577,No,33
1493,SP600125,SP600125,0.964574,No,58
1494,calcium_oxalate,calcium oxalate,0.964573,No,33
1495,ABT-510,ABT-510,0.964566,No,19
1496,exemestane,exemestane,0.964565,No,34
1497,veralipride,veralipride,0.964559,No,16
1498,lanatoside_C,lanatoside C,0.964547,No,19
1499,flurbiprofen,flurbiprofen,0.964545,No,34
1500,oleanolic_acid,oleanolic acid,0.964541,Yes,39
1501,Tubastatin_A,Tubastatin A,0.964539,No,28
1502,bisabolol,bisabolol,0.964531,No,10
1503,tinidazole,tinidazole,0.964529,No,20
1504,tryptamine,tryptamine,0.964527,No,31
1505,carnosol,carnosol,0.964512,No,31
1506,thyroid_hormones,thyroid hormones,0.964511,No,28
1507,kynurenic_acid,kynurenic acid,0.964509,No,37
1508,tiotropium,tiotropium,0.964499,No,30
1509,phosphine,phosphine,0.964499,Yes,20
1510,chrysoeriol,chrysoeriol,0.964492,No,16
1511,lawsone,lawsone,0.964486,Yes,15
1512,paromomycin,paromomycin,0.964486,No,27
1513,8-azaguanine,8-azaguanine,0.964485,No,25
1514,quinine,quinine,0.964476,Yes,46
1515,hamycin,hamycin,0.964472,No,14
1516,aldehydes,aldehydes,0.964470,No,38
1517,amoxicillin,amoxicillin,0.964470,No,32
1518,8-aminoquinoline,8-aminoquinoline,0.964468,Yes,14
1519,nitrate,nitrate,0.964464,No,49
1520,aldehyde,aldehyde,0.964464,No,55
1521,linezolid,linezolid,0.964461,No,24
1522,TEA,TEA,0.964455,No,34
1523,D-lactate,D-lactate,0.964448,No,33
1524,leucovorin,leucovorin,0.964447,No,36
1525,safingol,safingol,0.964445,No,31
1526,methoprene,methoprene,0.964438,No,21
1527,d-tubocurarine,d-tubocurarine,0.964428,No,31
1528,atomoxetine,atomoxetine,0.964427,No,33
1529,linalool,linalool,0.964426,No,29
1530,antihistamine,antihistamine,0.964422,Yes,23
1531,dipyridamole,dipyridamole,0.964419,No,35
1532,CX-4945,CX-4945,0.964400,No,29
1533,dihydrofolate,dihydrofolate,0.964374,No,34
1534,kenpaullone,kenpaullone,0.964374,No,21
1535,macrolides,macrolides,0.964373,No,39
1536,25-hydroxycholesterol,25-hydroxycholesterol,0.964371,No,33
1537,bromide,bromide,0.964369,No,37
1538,sulfadoxine-pyrimethamine,sulfadoxine-pyrimethamine,0.964368,Yes,22
1539,cycloserine,cycloserine,0.964363,No,15
1540,PEI,PEI,0.964359,No,35
1541,nitroxoline,nitroxoline,0.964358,No,24
1542,miconazole,miconazole,0.964357,No,34
1543,bromine,bromine,0.964355,No,26
1544,didanosine,didanosine,0.964342,No,21
1545,hexosamine,hexosamine,0.964334,No,34
1546,6-gingerol,6-gingerol,0.964333,No,32
1547,PEITC,PEITC,0.964322,No,38
1548,asiatic_acid,asiatic acid,0.964322,No,33
1549,enoximone,enoximone,0.964321,No,16
1550,mithramycin_A,mithramycin A,0.964310,No,35
1551,pancuronium,pancuronium,0.964307,No,26
1552,niclosamide,niclosamide,0.964306,No,39
1553,imidazole,imidazole,0.964305,No,34
1554,tacrolimus,tacrolimus,0.964292,No,99
1555,cyclosporine,cyclosporine,0.964291,Yes,163
1556,chalcones,chalcones,0.964286,Yes,32
1557,Tc-99m,Tc-99m,0.964285,No,24
1558,oligosaccharides,oligosaccharides,0.964283,No,30
1559,beryllium,beryllium,0.964276,No,33
1560,MgSO4,MgSO4,0.964275,No,34
1561,trans-chalcone,trans-chalcone,0.964265,No,26
1562,glycosylphosphatidylinositol,glycosylphosphatidylinositol,0.964254,No,63
1563,benorylate,benorylate,0.964245,No,14
1564,pentose,pentose,0.964244,No,15
1565,lysophosphatidylcholine,lysophosphatidylcholine,0.964237,No,46
1566,prostaglandin,prostaglandin,0.964234,No,65
1567,acylcarnitine,acylcarnitine,0.964226,No,36
1568,karenitecin,karenitecin,0.964223,No,14
1569,guanethidine,guanethidine,0.964223,No,30
1570,tetrac,tetrac,0.964219,No,24
1571,glucosamine-6-phosphate,glucosamine-6-phosphate,0.964217,No,18
1572,5-fluouracil,5-fluouracil,0.964215,No,19
1573,benzathine_penicillin_G,benzathine penicillin G,0.964214,No,20
1574,fusidic_acid,fusidic acid,0.964214,No,31
1575,anidulafungin,anidulafungin,0.964212,No,21
1576,benzene,benzene,0.964210,No,45
1577,nimodipine,nimodipine,0.964207,No,36
1578,sulfonamide,sulfonamide,0.964206,Yes,31
1579,artemisone,artemisone,0.964202,No,10
1580,pentosan_polysulfate,pentosan polysulfate,0.964200,No,22
1581,irsogladine,irsogladine,0.964195,No,24
1582,phosphatidic_acid,phosphatidic acid,0.964195,No,47
1583,atrazine,atrazine,0.964188,No,33
1584,antidepressant,antidepressant,0.964178,No,31
1585,monoamine,monoamine,0.964177,No,50
1586,aldosterone,aldosterone,0.964174,No,122
1587,maltitol,maltitol,0.964174,No,12
1588,demeclocycline,demeclocycline,0.964173,No,22
1589,imidacloprid,imidacloprid,0.964168,No,30
1590,noscapine,noscapine,0.964166,No,33
1591,Augmentin,Augmentin,0.964164,No,18
1592,para-aminosalicylic_acid,para-aminosalicylic acid,0.964153,No,21
1593,ganglioside_GM3,ganglioside GM3,0.964152,No,33
1594,ceftazidime,ceftazidime,0.964150,No,40
1595,fucoidan,fucoidan,0.964148,No,36
1596,phenformin,phenformin,0.964146,No,36
1597,ethinyl_estradiol,ethinyl estradiol,0.964144,No,34
1598,methacrylate,methacrylate,0.964136,No,18
1599,ethylestrenol,ethylestrenol,0.964135,No,10
1600,benzyl_alcohol,benzyl alcohol,0.964134,No,31
1601,Vaccines,Vaccines,0.964128,Yes,23
1602,1-butanol,1-butanol,0.964104,No,30
1603,acetylstrophanthidin,acetylstrophanthidin,0.964094,No,15
1604,hexylresorcinol,hexylresorcinol,0.964092,No,17
1605,hydrocortisone_acetate,hydrocortisone acetate,0.964090,No,19
1606,6-OH-BDE-47,6-OH-BDE-47,0.964089,No,10
1607,calcium_hydroxide,calcium hydroxide,0.964085,No,26
1608,triazoles,triazoles,0.964081,No,32
1609,nitrite,nitrite,0.964079,No,56
1610,pyrethroids,pyrethroids,0.964077,Yes,31
1611,boron,boron,0.964075,No,42
1612,methionine,methionine,0.964073,No,87
1613,mahanine,mahanine,0.964053,No,26
1614,lutein,lutein,0.964053,No,39
1615,cefazolin,cefazolin,0.964050,No,29
1616,etidronate,etidronate,0.964048,No,31
1617,cypermethrin,cypermethrin,0.964048,Yes,31
1618,fusicoccin,fusicoccin,0.964037,No,10
1619,aspartate,aspartate,0.964032,No,66
1620,epigallocatechin-3-gallate,epigallocatechin-3-gallate,0.964029,No,53
1621,fumonisin_B1,fumonisin B1,0.964015,No,28
1622,phenolphthalein,phenolphthalein,0.964015,No,22
1623,diazinon,diazinon,0.964014,No,31
1624,asenapine,asenapine,0.964007,No,25
1625,alitretinoin,alitretinoin,0.963994,No,31
1626,sodium_chloride,sodium chloride,0.963986,No,42
1627,eupatilin,eupatilin,0.963973,No,32
1628,dexrazoxane,dexrazoxane,0.963969,No,28
1629,palbociclib,palbociclib,0.963968,No,42
1630,L-leucine,L-leucine,0.963964,No,32
1631,SKF_38393,SKF 38393,0.963961,No,32
1632,prostaglandins,prostaglandins,0.963961,No,86
1633,oxaliplatin,oxaliplatin,0.963960,No,69
1634,NaHS,NaHS,0.963954,No,40
1635,lercanidipine,lercanidipine,0.963952,No,22
1636,lithium,lithium,0.963948,No,77
1637,dobutamine,dobutamine,0.963938,No,37
1638,trifluoroacetic_acid,trifluoroacetic acid,0.963931,No,20
1639,Cytokines,Cytokines,0.963931,No,12
1640,CHS_828,CHS 828,0.963930,No,21
1641,mimosine,mimosine,0.963926,No,32
1642,vinorelbine,vinorelbine,0.963922,No,36
1643,nimesulide,nimesulide,0.963920,No,32
1644,emetine,emetine,0.963919,No,32
1645,lactone,lactone,0.963918,No,35
1646,xenon,xenon,0.963918,No,30
1647,dapsone,dapsone,0.963918,Yes,40
1648,FT-207,FT-207,0.963916,No,15
1649,acetylcholine,acetylcholine,0.963913,No,102
1650,doxazosin,doxazosin,0.963910,No,36
1651,ABT-888,ABT-888,0.963905,No,31
1652,betulinic_acid,betulinic acid,0.963897,No,35
1653,dimethylglycine,dimethylglycine,0.963894,No,19
1654,benserazide,benserazide,0.963876,No,31
1655,dimethylarsinous_acid,dimethylarsinous acid,0.963873,No,6
1656,3H-thymidine,3H-thymidine,0.963871,No,35
1657,clofibrate,clofibrate,0.963868,No,34
1658,diphenhydramine,diphenhydramine,0.963862,No,30
1659,Salvianolic_acid_B,Salvianolic acid B,0.963862,No,33
1660,triazine,triazine,0.963861,No,21
1661,buprenorphine,buprenorphine,0.963859,No,33
1662,U-74389G,U-74389G,0.963858,No,27
1663,ZOL,ZOL,0.963856,No,39
1664,talaporfin_sodium,talaporfin sodium,0.963850,No,16
1665,ramipril,ramipril,0.963844,No,34
1666,natamycin,natamycin,0.963843,No,24
1667,bicuculline,bicuculline,0.963843,No,34
1668,sorbitol,sorbitol,0.963841,No,36
1669,fluoride,fluoride,0.963826,No,51
1670,MK886,MK886,0.963824,No,32
1671,ethyl_acetate,ethyl acetate,0.963822,No,33
1672,benzamil,benzamil,0.963816,No,22
1673,apomorphine,apomorphine,0.963805,No,35
1674,cytarabine_ocfosfate,cytarabine ocfosfate,0.963791,No,15
1675,CP-31398,CP-31398,0.963788,No,31
1676,NaCl,NaCl,0.963786,No,72
1677,cocaine,cocaine,0.963783,No,100
1678,AMD3100,AMD3100,0.963780,No,47
1679,D2O,D2O,0.963777,No,29
1680,thallium,thallium,0.963773,No,28
1681,cefoperazone,cefoperazone,0.963769,No,22
1682,disaccharide,disaccharide,0.963764,No,30
1683,thallium_acetate,thallium acetate,0.963757,No,9
1684,hematoporphyrin_monomethyl_ether,hematoporphyrin monomethyl ether,0.963757,No,18
1685,dieckol,dieckol,0.963747,No,30
1686,aspirin,aspirin,0.963730,No,124
1687,cystathionine,cystathionine,0.963729,No,32
1688,donepezil,donepezil,0.963728,No,33
1689,enalapril,enalapril,0.963722,No,41
1690,cardamonin,cardamonin,0.963718,No,34
1691,acyclovir,acyclovir,0.963717,No,34
1692,diallyl_trisulfide,diallyl trisulfide,0.963711,No,32
1693,polyacetylenes,polyacetylenes,0.963704,No,16
1694,serine,serine,0.963698,Yes,554
1695,irofulven,irofulven,0.963698,No,25
1696,ajmaline,ajmaline,0.963697,No,21
1697,pipecolic_acid,pipecolic acid,0.963685,No,29
1698,sodium_phosphate,sodium phosphate,0.963677,No,33
1699,dimethyl_fumarate,dimethyl fumarate,0.963674,No,35
1700,ONO-4007,ONO-4007,0.963673,No,25
1701,colchicine,colchicine,0.963671,No,74
1702,prostacyclin,prostacyclin,0.963670,No,48
1703,8-hydroxyquinoline,8-hydroxyquinoline,0.963664,No,21
1704,pentacyclic_triterpenoid,pentacyclic triterpenoid,0.963661,No,19
1705,3-aminobenzamide,3-aminobenzamide,0.963658,No,31
1706,vorinostat,vorinostat,0.963656,No,51
1707,cysteinyl,cysteinyl,0.963647,No,32
1708,boldine,boldine,0.963646,No,22
1709,perchloric_acid,perchloric acid,0.963642,No,21
1710,nitrous_oxide,nitrous oxide,0.963636,No,32
1711,SKF96365,SKF96365,0.963635,No,31
1712,G3139,G3139,0.963633,No,30
1713,cytochalasin_B,cytochalasin B,0.963632,No,35
1714,Arg-Gly-Asp,Arg-Gly-Asp,0.963626,No,38
1715,spermidine,spermidine,0.963624,No,41
1716,luliconazole,luliconazole,0.963622,No,15
1717,chloroquine_phosphate,chloroquine phosphate,0.963621,Yes,17
1718,calycosin,calycosin,0.963611,No,33
1719,zolmitriptan,zolmitriptan,0.963609,No,29
1720,sulfides,sulfides,0.963592,No,20
1721,azacitidine,azacitidine,0.963587,No,63
1722,puromycin,puromycin,0.963582,No,34
1723,L-NAME,L-NAME,0.963575,No,35
1724,carbazole,carbazole,0.963568,No,22
1725,sialic_acids,sialic acids,0.963567,No,35
1726,pregnenolone,pregnenolone,0.963563,No,37
1727,lincomycin,lincomycin,0.963561,No,21
1728,etoposide,etoposide,0.963556,No,102
1729,trifluralin,trifluralin,0.963542,No,13
1730,hydroxamic_acid,hydroxamic acid,0.963538,No,32
1731,phthalocyanine,phthalocyanine,0.963538,No,20
1732,nucleoside,nucleoside,0.963535,No,52
1733,silver_nitrate,silver nitrate,0.963523,No,21
1734,18F-fluorocholine,18F-fluorocholine,0.963516,No,18
1735,N-methyl-D-aspartate,N-methyl-D-aspartate,0.963509,No,44
1736,vecuronium,vecuronium,0.963507,No,26
1737,cyclophosphamide,cyclophosphamide,0.963506,No,106
1738,arsenite,arsenite,0.963501,No,69
1739,clioquinol,clioquinol,0.963493,No,35
1740,imatinib,imatinib,0.963489,No,139
1741,KOS-862,KOS-862,0.963484,No,16
1742,morusin,morusin,0.963479,No,30
1743,agmatine,agmatine,0.963473,No,36
1744,RSU-1069,RSU-1069,0.963470,No,17
1745,hexane,hexane,0.963442,No,33
1746,clonidine,clonidine,0.963441,No,46
1747,TBT,TBT,0.963431,No,32
1748,sialic_acid,sialic acid,0.963417,Yes,72
1749,isometamidium_chloride,isometamidium chloride,0.963413,No,16
1750,MnTBAP,MnTBAP,0.963411,No,30
1751,kanamycin,kanamycin,0.963409,No,30
1752,FOY-305,FOY-305,0.963406,No,33
1753,DMN,DMN,0.963404,No,34
1754,bafilomycin_A1,bafilomycin A1,0.963401,No,35
1755,ilimaquinone,ilimaquinone,0.963397,No,11
1756,chromium,chromium,0.963397,No,34
1757,baclofen,baclofen,0.963396,No,38
1758,phenols,phenols,0.963389,No,35
1759,retinoids,retinoids,0.963385,No,70
1760,tivantinib,tivantinib,0.963378,No,30
1761,apocynin,apocynin,0.963368,No,11
1762,dimethylformamide,dimethylformamide,0.963365,No,30
1763,LMWH,LMWH,0.963362,No,28
1764,Flavokawain_B,Flavokawain B,0.963361,No,19
1765,guanine,guanine,0.963360,No,66
1766,alanine,alanine,0.963359,No,99
1767,tetracycline,tetracycline,0.963355,Yes,65
1768,ergonovine,ergonovine,0.963350,No,24
1769,trientine,trientine,0.963348,No,22
1770,zerumbone,zerumbone,0.963337,No,34
1771,lysine,lysine,0.963333,No,210
1772,thiazole,thiazole,0.963326,No,30
1773,captopril,captopril,0.963320,No,52
1774,marinobufagenin,marinobufagenin,0.963310,No,18
1775,lopinavir,lopinavir,0.963308,No,32
1776,nitrogen,nitrogen,0.963307,No,63
1777,digoxin,digoxin,0.963300,No,41
1778,desipramine,desipramine,0.963294,No,39
1779,fexinidazole,fexinidazole,0.963292,No,12
1780,naltriben,naltriben,0.963290,No,10
1781,acylglycerols,acylglycerols,0.963283,No,29
1782,SU11274,SU11274,0.963281,No,29
1783,calcium_hopantenate,calcium hopantenate,0.963280,No,17
1784,propionic_acid,propionic acid,0.963278,No,30
1785,naloxone,naloxone,0.963276,No,47
1786,ferric_ammonium_citrate,ferric ammonium citrate,0.963273,No,24
1787,technetium,technetium,0.963271,No,34
1788,lapachol,lapachol,0.963270,No,20
1789,methylene_blue,methylene blue,0.963252,Yes,42
1790,U87MG,U87MG,0.963247,No,40
1791,gemcitabine,gemcitabine,0.963246,No,137
1792,phorbol_ester,phorbol ester,0.963242,No,79
1793,lysophosphatidylserine,lysophosphatidylserine,0.963225,No,14
1794,amine,amine,0.963219,No,43
1795,Tc-99m_DMSA,Tc-99m DMSA,0.963206,No,18
1796,AG1478,AG1478,0.963204,No,41
1797,interferon,interferon,0.963200,No,57
1798,AG490,AG490,0.963199,No,48
1799,sterols,sterols,0.963199,No,46
1800,terbinafine,terbinafine,0.963197,No,36
1801,5-fluorocytosine,5-fluorocytosine,0.963197,No,33
1802,cholic_acid,cholic acid,0.963178,No,34
1803,tryptophan,tryptophan,0.963177,No,93
1804,copper,copper,0.963176,No,107
1805,disulfide,disulfide,0.963171,No,109
1806,PABA,PABA,0.963170,No,34
1807,emodin,emodin,0.963166,No,52
1808,PEG,PEG,0.963164,No,42
1809,interferon-alpha,interferon-alpha,0.963161,No,76
1810,veratridine,veratridine,0.963156,No,33
1811,nickel_subsulfide,nickel subsulfide,0.963149,No,19
1812,nitrates,nitrates,0.963146,No,32
1813,Pseudolaric_acid_B,Pseudolaric acid B,0.963141,No,24
1814,DTPA,DTPA,0.963139,No,32
1815,quinidine,quinidine,0.963133,Yes,37
1816,inosine,inosine,0.963133,No,36
1817,L-AmB,L-AmB,0.963104,No,14
1818,monastrol,monastrol,0.963088,No,16
1819,nickel,nickel,0.963083,No,51
1820,aminochrome,aminochrome,0.963064,No,19
1821,liarozole,liarozole,0.963063,No,26
1822,calcium,calcium,0.963057,No,723
1823,pyrophosphate,pyrophosphate,0.963046,No,39
1824,dianhydrogalactitol,dianhydrogalactitol,0.963043,No,16
1825,forskolin,forskolin,0.963035,No,111
1826,bepotastine,bepotastine,0.963027,No,19
1827,cystamine,cystamine,0.963021,Yes,37
1828,cyclic_nucleotide,cyclic nucleotide,0.963011,No,35
1829,PVA,PVA,0.963010,No,32
1830,morphine,morphine,0.963010,No,106
1831,PEEP,PEEP,0.963002,No,30
1832,hydroxyapatite,hydroxyapatite,0.962997,No,42
1833,glycitein,glycitein,0.962988,No,15
1834,omega-3_fatty_acids,omega-3 fatty acids,0.962986,No,37
1835,kynurenine,kynurenine,0.962981,No,42
1836,MK-801,MK-801,0.962977,No,44
1837,ergosterol_peroxide,ergosterol peroxide,0.962977,No,16
1838,topotecan,topotecan,0.962976,No,39
1839,epirubicin,epirubicin,0.962971,No,46
1840,reserpine,reserpine,0.962968,No,37
1841,tamoxifen,tamoxifen,0.962963,No,186
1842,risperidone,risperidone,0.962962,No,41
1843,alcuronium,alcuronium,0.962954,No,17
1844,staurosporine,staurosporine,0.962948,No,81
1845,fluoxetine,fluoxetine,0.962945,No,58
1846,vinpocetine,vinpocetine,0.962938,No,32
1847,clofazimine,clofazimine,0.962928,No,34
1848,hydroxyl,hydroxyl,0.962920,No,17
1849,thymol,thymol,0.962908,No,34
1850,sulfonylurea,sulfonylurea,0.962904,No,36
1851,antipyrine,antipyrine,0.962904,No,29
1852,ascomycin,ascomycin,0.962899,No,16
1853,benzoic_acid,benzoic acid,0.962897,No,32
1854,"1,3-butadiene","1,3-butadiene",0.962892,No,23
1855,tributyltin,tributyltin,0.962875,No,32
1856,neridronate,neridronate,0.962873,No,18
1857,isoleucine,isoleucine,0.962873,No,41
1858,sodium,sodium,0.962869,No,176
1859,dolichol,dolichol,0.962867,No,30
1860,ethylenethiourea,ethylenethiourea,0.962860,No,21
1861,phenylacetate,phenylacetate,0.962855,No,29
1862,thymine_glycol,thymine glycol,0.962853,No,10
1863,6-OHDA,6-OHDA,0.962843,No,52
1864,perillyl_alcohol,perillyl alcohol,0.962840,No,28
1865,acyl-CoA,acyl-CoA,0.962832,No,59
1866,AmB,AmB,0.962815,No,36
1867,PTA,PTA,0.962815,No,34
1868,methyl_methanesulfonate,methyl methanesulfonate,0.962812,No,38
1869,N-methyl-N-nitrosourea,N-methyl-N-nitrosourea,0.962809,No,37
1870,ionomycin,ionomycin,0.962808,No,55
1871,DAPT,DAPT,0.962806,No,36
1872,sulfones,sulfones,0.962805,No,25
1873,actinonin,actinonin,0.962792,No,24
1874,atrium,atrium,0.962790,No,19
1875,octreotide,octreotide,0.962789,No,66
1876,propidium_iodide,propidium iodide,0.962780,No,34
1877,PDGF-BB,PDGF-BB,0.962759,No,27
1878,lead_acetate,lead acetate,0.962758,No,31
1879,bupivacaine,bupivacaine,0.962753,No,41
1880,minocycline,minocycline,0.962752,No,48
1881,triethylene_melamine,triethylene melamine,0.962752,No,16
1882,lithium_carbonate,lithium carbonate,0.962743,No,25
1883,adipic_acid,adipic acid,0.962736,No,9
1884,sildenafil,sildenafil,0.962726,No,50
1885,ampicillin,ampicillin,0.962715,No,32
1886,rutin,rutin,0.962703,No,35
1887,N-acetylcysteine,N-acetylcysteine,0.962701,Yes,78
1888,farnesyl,farnesyl,0.962698,No,32
1889,ASO,ASO,0.962693,No,32
1890,oxycodone,oxycodone,0.962690,No,34
1891,chondroitin_sulphate,chondroitin sulphate,0.962688,No,25
1892,hyperforin,hyperforin,0.962683,No,31
1893,terpenes,terpenes,0.962674,Yes,32
1894,pamidronate,pamidronate,0.962662,No,38
1895,metronidazole,metronidazole,0.962647,No,39
1896,monosaccharide,monosaccharide,0.962624,No,32
1897,AZQ,AZQ,0.962624,No,29
1898,glucose,glucose,0.962619,Yes,870
1899,Na2S,Na2S,0.962608,No,21
1900,glutaraldehyde,glutaraldehyde,0.962602,No,36
1901,vincristine,vincristine,0.962602,No,64
1902,L-arginine,L-arginine,0.962595,Yes,119
1903,abscisic_acid,abscisic acid,0.962571,No,36
1904,pramipexole,pramipexole,0.962568,No,33
1905,pyruvate,pyruvate,0.962560,No,89
1906,citalopram,citalopram,0.962550,No,41
1907,tetrabenazine,tetrabenazine,0.962545,No,25
1908,chlorophenol,chlorophenol,0.962533,No,12
1909,triolein,triolein,0.962526,No,31
1910,testosterone,testosterone,0.962517,No,165
1911,APR-246,APR-246,0.962507,No,30
1912,DMSO,DMSO,0.962504,No,78
1913,thromboxane_B2,thromboxane B2,0.962498,No,33
1914,mitomycin_C,mitomycin C,0.962497,No,57
1915,rolipram,rolipram,0.962487,No,34
1916,mefloquine,mefloquine,0.962476,Yes,43
1917,Mn-TPPS,Mn-TPPS,0.962465,No,15
1918,motexafin_gadolinium,motexafin gadolinium,0.962462,No,17
1919,carbachol,carbachol,0.962460,No,60
1920,nitric_oxide,nitric oxide,0.962455,Yes,314
1921,phenyl,phenyl,0.962454,No,31
1922,isoprene,isoprene,0.962450,No,24
1923,nuciferine,nuciferine,0.962449,No,23
1924,salbutamol,salbutamol,0.962436,No,47
1925,danthron,danthron,0.962435,No,21
1926,carnitine,carnitine,0.962425,No,53
1927,TTX,TTX,0.962402,No,31
1928,vitamin_K,vitamin K,0.962400,Yes,47
1929,"2,3-dimercaptopropanol","2,3-dimercaptopropanol",0.962391,No,25
1930,indole_alkaloids,indole alkaloids,0.962388,No,10
1931,dioxin,dioxin,0.962383,No,35
1932,vitamin_D2,vitamin D2,0.962378,No,32
1933,methylglyoxal,methylglyoxal,0.962374,No,37
1934,novobiocin,novobiocin,0.962374,No,32
1935,polyamidoamine,polyamidoamine,0.962350,No,10
1936,ganglioside_GM1,ganglioside GM1,0.962338,No,36
1937,rotenone,rotenone,0.962330,No,36
1938,vitamin_K1,vitamin K1,0.962321,No,34
1939,calcium_carbonate,calcium carbonate,0.962313,No,31
1940,uridine,uridine,0.962310,No,35
1941,L-histidine,L-histidine,0.962292,No,32
1942,phosphatidylethanolamine,phosphatidylethanolamine,0.962289,No,43
1943,alcohols,alcohols,0.962262,No,34
1944,erythromycin,erythromycin,0.962253,No,52
1945,PEG-IFN,PEG-IFN,0.962251,No,26
1946,gallium,gallium,0.962247,No,32
1947,PBDEs,PBDEs,0.962233,No,32
1948,hyaluronate,hyaluronate,0.962229,No,36
1949,indoleamine,indoleamine,0.962223,No,34
1950,aminothiadiazole,aminothiadiazole,0.962222,No,14
1951,polyamine,polyamine,0.962215,No,57
1952,vitamin_E,vitamin E,0.962213,No,71
1953,decitabine,decitabine,0.962206,No,74
1954,MNG,MNG,0.962189,No,23
1955,aluminum_fluoride,aluminum fluoride,0.962176,No,17
1956,rocuronium,rocuronium,0.962164,No,22
1957,fluorescein,fluorescein,0.962158,No,61
1958,psorospermin,psorospermin,0.962157,No,5
1959,Timentin,Timentin,0.962152,No,15
1960,deferasirox,deferasirox,0.962151,No,30
1961,ACNU,ACNU,0.962151,No,38
1962,vitamin_B12,vitamin B12,0.962149,No,50
1963,beta-lactam,beta-lactam,0.962133,No,30
1964,paxilline,paxilline,0.962129,No,21
1965,netilmicin,netilmicin,0.962123,No,22
1966,TXL,TXL,0.962120,No,33
1967,diacylglycerol,diacylglycerol,0.962107,No,53
1968,boronic_acid,boronic acid,0.962106,No,20
1969,silica,silica,0.962103,No,59
1970,calcitriol,calcitriol,0.962101,No,93
1971,clofilium,clofilium,0.962101,No,20
1972,triacsin_C,triacsin C,0.962096,No,20
1973,dehydroepiandrosterone_sulfate,dehydroepiandrosterone sulfate,0.962096,No,38
1974,ammonia,ammonia,0.962091,No,85
1975,cannabidiol,cannabidiol,0.962082,No,40
1976,phenylalanine,phenylalanine,0.962078,No,83
1977,hydride,hydride,0.962074,No,30
1978,TCNU,TCNU,0.962067,No,16
1979,etanidazole,etanidazole,0.962065,No,16
1980,vitamins,vitamins,0.962063,No,34
1981,matrine,matrine,0.962060,No,50
1982,thioester,thioester,0.962056,No,28
1983,alcohol,alcohol,0.962056,No,171
1984,meloxicam,meloxicam,0.962047,No,36
1985,pneumolysin,pneumolysin,0.962037,No,22
1986,dibutyltin_dichloride,dibutyltin dichloride,0.962028,No,15
1987,dipeptides,dipeptides,0.962026,No,36
1988,methylmercury,methylmercury,0.962023,No,34
1989,crocetin,crocetin,0.962019,No,34
1990,Lithium_salts,Lithium salts,0.962018,No,16
1991,amprolium,amprolium,0.961988,No,15
1992,purines,purines,0.961984,No,39
1993,ethidium_bromide,ethidium bromide,0.961982,No,31
1994,omega-3_fatty_acid,omega-3 fatty acid,0.961977,No,32
1995,sulpiride,sulpiride,0.961976,No,33
1996,doxorubicin,doxorubicin,0.961969,No,249
1997,midodrine,midodrine,0.961966,No,23
1998,bleomycin,bleomycin,0.961964,No,70
1999,juglone,juglone,0.961961,No,33
2000,hyaluronic_acid,hyaluronic acid,0.961960,No,42
2001,perfluorobutane,perfluorobutane,0.961956,No,13
2002,KB-R7943,KB-R7943,0.961949,No,30
2003,dioxins,dioxins,0.961947,No,37
2004,vitamin_A,vitamin A,0.961908,Yes,114
2005,zinc_phthalocyanine,zinc phthalocyanine,0.961897,No,11
2006,nadolol,nadolol,0.961893,No,31
2007,polyphyllin_D,polyphyllin D,0.961889,No,17
2008,ascorbate,ascorbate,0.961887,No,49
2009,nerolidol,nerolidol,0.961885,No,14
2010,cyproterone_acetate,cyproterone acetate,0.961878,No,32
2011,clofibric_acid,clofibric acid,0.961865,No,32
2012,quassinoids,quassinoids,0.961860,Yes,9
2013,DSCG,DSCG,0.961852,No,23
2014,"fructose-1,6-bisphosphate","fructose-1,6-bisphosphate",0.961851,No,34
2015,Hispidulin,Hispidulin,0.961848,No,21
2016,rapamycin,rapamycin,0.961845,No,201
2017,alloantigen,alloantigen,0.961837,No,29
2018,arsenic,arsenic,0.961832,Yes,73
2019,stilbamidine,stilbamidine,0.961826,No,12
2020,BDE-47,BDE-47,0.961826,No,33
2021,5-fluorouridine,5-fluorouridine,0.961825,No,17
2022,LY341495,LY341495,0.961822,No,27
2023,chlorophenols,chlorophenols,0.961812,No,11
2024,biguanide,biguanide,0.961804,No,24
2025,acitretin,acitretin,0.961802,No,35
2026,curcumin,curcumin,0.961800,No,245
2027,talampanel,talampanel,0.961797,No,17
2028,glycopyrrolate,glycopyrrolate,0.961790,No,18
2029,hydroquinidine,hydroquinidine,0.961782,No,14
2030,glutamic_acid,glutamic acid,0.961770,No,90
2031,patupilone,patupilone,0.961768,No,30
2032,temocillin,temocillin,0.961760,No,15
2033,piperonyl_butoxide,piperonyl butoxide,0.961756,No,31
2034,thyroid_hormone,thyroid hormone,0.961754,No,51
2035,thyroxine,thyroxine,0.961750,No,58
2036,hydrogen_cyanide,hydrogen cyanide,0.961749,No,18
2037,rhodamine_123,rhodamine 123,0.961748,No,38
2038,embelin,embelin,0.961740,No,35
2039,nafamostat_mesilate,nafamostat mesilate,0.961735,No,33
2040,methyltestosterone,methyltestosterone,0.961731,No,17
2041,ICA,ICA,0.961721,No,33
2042,trabectedin,trabectedin,0.961711,No,37
2043,BDD,BDD,0.961704,No,33
2044,fumagillin,fumagillin,0.961703,No,32
2045,cysteamine,cysteamine,0.961703,Yes,46
2046,239PuO2,239PuO2,0.961690,No,15
2047,scutellarein,scutellarein,0.961684,No,19
2048,triglycerides,triglycerides,0.961675,No,119
2049,PNP,PNP,0.961670,No,86
2050,dichlorodifluoromethane,dichlorodifluoromethane,0.961667,No,9
2051,paraoxon,paraoxon,0.961642,No,32
2052,milrinone,milrinone,0.961627,No,33
2053,ONO-1301,ONO-1301,0.961626,No,26
2054,alvogyl,alvogyl,0.961624,No,5
2055,U937,U937,0.961615,No,32
2056,saralasin,saralasin,0.961604,No,29
2057,MHPG,MHPG,0.961601,No,30
2058,gallamine,gallamine,0.961598,No,20
2059,fructose,fructose,0.961565,No,50
2060,PBD,PBD,0.961558,No,34
2061,calmidazolium,calmidazolium,0.961556,No,26
2062,carumonam,carumonam,0.961554,No,11
2063,dihydroxyacetone,dihydroxyacetone,0.961544,No,23
2064,PTCA,PTCA,0.961530,No,26
2065,thiobencarb,thiobencarb,0.961495,No,7
2066,nitrogen_oxide,nitrogen oxide,0.961488,No,23
2067,sucrose,sucrose,0.961484,No,50
2068,doxycycline,doxycycline,0.961471,Yes,104
2069,citrulline,citrulline,0.961466,No,43
2070,sulfate,sulfate,0.961464,No,139
2071,erucylphosphocholine,erucylphosphocholine,0.961457,No,8
2072,ether,ether,0.961456,No,33
2073,glycosaminoglycans,glycosaminoglycans,0.961456,No,34
2074,carbon,carbon,0.961452,No,83
2075,zinc,zinc,0.961447,Yes,299
2076,MMA,MMA,0.961442,No,67
2077,proscillaridin_A,proscillaridin A,0.961440,No,14
2078,PCI-24781,PCI-24781,0.961439,No,22
2079,acetone,acetone,0.961437,No,36
2080,99mTc-diphosphonate,99mTc-diphosphonate,0.961420,No,17
2081,phosphorus,phosphorus,0.961412,No,58
2082,beta-sitosterol,beta-sitosterol,0.961411,No,31
2083,perospirone,perospirone,0.961406,No,24
2084,alendronate,alendronate,0.961393,No,41
2085,MNNG,MNNG,0.961391,No,37
2086,lactose,lactose,0.961381,No,46
2087,asparagine,asparagine,0.961379,No,58
2088,ABA,ABA,0.961368,No,40
2089,CUDC-907,CUDC-907,0.961359,No,27
2090,endotoxin,endotoxin,0.961358,No,31
2091,aromatic_amino_acids,aromatic amino acids,0.961355,No,31
2092,macrocyclic_lactones,macrocyclic lactones,0.961351,No,14
2093,octanoic_acid,octanoic acid,0.961325,No,33
2094,sulfite,sulfite,0.961323,No,33
2095,furegrelate,furegrelate,0.961316,No,11
2096,uric_acid,uric acid,0.961307,No,69
2097,squalene,squalene,0.961295,No,33
2098,cerulein,cerulein,0.961295,No,40
2099,DMTU,DMTU,0.961294,No,31
2100,"1,1,1-trichloroethane","1,1,1-trichloroethane",0.961291,No,15
2101,manganese,manganese,0.961275,No,52
2102,monensin,monensin,0.961272,No,40
2103,lidamycin,lidamycin,0.961271,No,30
2104,polyene,polyene,0.961232,No,16
2105,stearate,stearate,0.961229,No,19
2106,NNN,NNN,0.961226,No,18
2107,methane,methane,0.961214,No,33
2108,MVA,MVA,0.961212,No,26
2109,kerosene,kerosene,0.961190,No,15
2110,6-thioguanine,6-thioguanine,0.961175,No,34
2111,cholesterol,cholesterol,0.961169,No,336
2112,antroquinonol,antroquinonol,0.961161,No,23
2113,penicillin_G,penicillin G,0.961149,No,38
2114,HOCl,HOCl,0.961130,No,37
2115,triterpenoid_saponins,triterpenoid saponins,0.961120,No,27
2116,propionate,propionate,0.961110,No,31
2117,somatomedin,somatomedin,0.961108,No,27
2118,chlorproguanil-dapsone,chlorproguanil-dapsone,0.961098,Yes,7
2119,WP1066,WP1066,0.961092,No,31
2120,arginine,arginine,0.961086,No,191
2121,phosphatidylinositol,phosphatidylinositol,0.961072,No,135
2122,brazilin,brazilin,0.961072,No,29
2123,NB-DNJ,NB-DNJ,0.961068,No,11
2124,pyrazoloacridine,pyrazoloacridine,0.961062,No,19
2125,radium,radium,0.961062,No,19
2126,guanfacine,guanfacine,0.961057,No,30
2127,cantharidin,cantharidin,0.961048,No,32
2128,vitamin_C,vitamin C,0.961046,No,105
2129,carbocysteine,carbocysteine,0.961039,No,17
2130,copper_sulfate,copper sulfate,0.961037,No,26
2131,ammonium_acetate,ammonium acetate,0.961026,No,35
2132,thujone,thujone,0.961012,No,7
2133,triglyceride,triglyceride,0.961010,No,93
2134,PLA,PLA,0.960997,No,36
2135,paclitaxel,paclitaxel,0.960991,No,180
2136,gimatecan,gimatecan,0.960985,No,13
2137,coformycin,coformycin,0.960982,No,12
2138,AN-215,AN-215,0.960977,No,19
2139,chloramphenicol,chloramphenicol,0.960976,Yes,42
2140,99mTc-DTPA,99mTc-DTPA,0.960974,No,17
2141,ammonium,ammonium,0.960974,No,42
2142,ketones,ketones,0.960971,No,31
2143,guanidine,guanidine,0.960961,No,43
2144,vitamin_D,vitamin D,0.960941,Yes,162
2145,rifamycin,rifamycin,0.960931,No,22
2146,everolimus,everolimus,0.960912,No,56
2147,acetic_acid,acetic acid,0.960906,No,44
2148,cladribine,cladribine,0.960893,No,39
2149,UDCA,UDCA,0.960882,No,32
2150,pitavastatin,pitavastatin,0.960878,No,8
2151,fosmidomycin,fosmidomycin,0.960877,Yes,17
2152,homocysteine,homocysteine,0.960877,No,81
2153,GnRHa,GnRHa,0.960874,No,32
2154,PP242,PP242,0.960869,No,31
2155,borrelidin,borrelidin,0.960863,Yes,21
2156,acridines,acridines,0.960859,No,13
2157,polyimide,polyimide,0.960852,No,13
2158,nucleotide,nucleotide,0.960850,No,831
2159,5-hydroxydecanoate,5-hydroxydecanoate,0.960818,No,19
2160,rottlerin,rottlerin,0.960814,No,50
2161,15d-PGJ2,15d-PGJ2,0.960803,No,38
2162,mefenamic_acid,mefenamic acid,0.960799,No,27
2163,melarsoprol,melarsoprol,0.960797,No,17
2164,propargylglycine,propargylglycine,0.960776,No,12
2165,TMA,TMA,0.960773,No,35
2166,silver_sulfadiazine,silver sulfadiazine,0.960765,No,25
2167,genistein,genistein,0.960763,No,114
2168,HgCl2,HgCl2,0.960747,No,38
2169,tocoretinate,tocoretinate,0.960745,No,10
2170,luteolin,luteolin,0.960723,No,65
2171,sodium_oxybate,sodium oxybate,0.960722,No,26
2172,catechin,catechin,0.960720,No,39
2173,potassium,potassium,0.960718,No,185
2174,MMI,MMI,0.960718,No,33
2175,porphyrins,porphyrins,0.960710,No,38
2176,cinchonine,cinchonine,0.960702,Yes,10
2177,amrinone,amrinone,0.960693,No,31
2178,pirarubicin,pirarubicin,0.960675,No,21
2179,ZnO,ZnO,0.960674,No,31
2180,dicarboxylic_acids,dicarboxylic acids,0.960668,No,30
2181,brefeldin_A,brefeldin A,0.960663,No,53
2182,Lipopolysaccharide,Lipopolysaccharide,0.960659,No,35
2183,DMB,DMB,0.960649,No,22
2184,oleuropein,oleuropein,0.960649,No,33
2185,PDTC,PDTC,0.960644,No,45
2186,BIBR1532,BIBR1532,0.960643,No,20
2187,YM155,YM155,0.960637,No,38
2188,IPA,IPA,0.960628,No,33
2189,aluminium_phosphide,aluminium phosphide,0.960624,No,20
2190,hydroxylamine,hydroxylamine,0.960621,No,32
2191,ouabain,ouabain,0.960619,No,50
2192,tumstatin,tumstatin,0.960610,No,8
2193,diethylstilbestrol_diphosphate,diethylstilbestrol diphosphate,0.960603,No,18
2194,tropacin,tropacin,0.960600,No,8
2195,amphetamine,amphetamine,0.960571,No,58
2196,valproic_acid,valproic acid,0.960567,No,90
2197,phorbol_12-myristate_13-acetate,phorbol 12-myristate 13-acetate,0.960551,No,80
2198,deoxyribonucleic_acid,deoxyribonucleic acid,0.960548,No,34
2199,farnesyl_diphosphate,farnesyl diphosphate,0.960535,No,34
2200,AMPs,AMPs,0.960528,No,22
2201,GdCl3,GdCl3,0.960527,No,35
2202,superoxide,superoxide,0.960526,No,119
2203,PUFAs,PUFAs,0.960525,No,55
2204,poly-L-lactic_acid,poly-L-lactic acid,0.960508,No,19
2205,curcumol,curcumol,0.960504,No,30
2206,carbonyl,carbonyl,0.960493,No,53
2207,iberiotoxin,iberiotoxin,0.960472,No,28
2208,DA-125,DA-125,0.960466,No,10
2209,PD153035,PD153035,0.960464,No,32
2210,progestins,progestins,0.960464,No,35
2211,phenol,phenol,0.960454,No,33
2212,isocitrate,isocitrate,0.960431,No,52
2213,oxalate,oxalate,0.960415,No,22
2214,DHA,DHA,0.960407,Yes,108
2215,amide,amide,0.960391,No,53
2216,ARA,ARA,0.960381,No,31
2217,acetate,acetate,0.960377,No,50
2218,polydatin,polydatin,0.960372,No,34
2219,SSRI,SSRI,0.960371,No,16
2220,ibandronate,ibandronate,0.960353,No,29
2221,lorazepam,lorazepam,0.960330,Yes,27
2222,glycolic_acid,glycolic acid,0.960327,No,33
2223,alpha-galactosylceramide,alpha-galactosylceramide,0.960320,No,31
2224,serpentine,serpentine,0.960314,No,26
2225,simvastatin_hydroxy_acid,simvastatin hydroxy acid,0.960313,No,9
2226,AEA,AEA,0.960306,No,24
2227,5-hydroxymethylcytosine,5-hydroxymethylcytosine,0.960294,No,32
2228,ENU,ENU,0.960294,No,32
2229,INNO-406,INNO-406,0.960292,No,21
2230,thymidine,thymidine,0.960292,No,75
2231,chetomin,chetomin,0.960281,No,14
2232,BW373U86,BW373U86,0.960276,No,7
2233,organic_acid,organic acid,0.960275,No,20
2234,acarbose,acarbose,0.960273,No,36
2235,Fe3O4,Fe3O4,0.960254,No,23
2236,oxylipin,oxylipin,0.960253,No,19
2237,metrizamide,metrizamide,0.960232,No,28
2238,alkylating_agents,alkylating agents,0.960227,No,30
2239,IFN,IFN,0.960201,No,98
2240,teleocidin,teleocidin,0.960198,No,23
2241,NAA,NAA,0.960194,No,36
2242,silver,silver,0.960188,No,55
2243,thiotepa,thiotepa,0.960180,No,22
2244,PX-866,PX-866,0.960179,No,18
2245,FK866,FK866,0.960171,No,34
2246,polysialic_acid,polysialic acid,0.960158,No,35
2247,bismuth,bismuth,0.960149,No,29
2248,4-aminoquinoline,4-aminoquinoline,0.960114,Yes,15
2249,NMMA,NMMA,0.960100,No,29
2250,ITF2357,ITF2357,0.960086,No,29
2251,AgNO3,AgNO3,0.960083,No,19
2252,Ro_31-8220,Ro 31-8220,0.960082,No,35
2253,Y-27632,Y-27632,0.960070,No,50
2254,risedronate,risedronate,0.960066,No,35
2255,cyclocreatine,cyclocreatine,0.960066,No,14
2256,palladium,palladium,0.960063,No,27
2257,Fe-NTA,Fe-NTA,0.960062,No,30
2258,clorgyline,clorgyline,0.960062,No,31
2259,peroxide,peroxide,0.960055,No,36
2260,polyphyllin_I,polyphyllin I,0.960042,No,17
2261,fluconazole,fluconazole,0.960042,No,50
2262,siramesine,siramesine,0.960036,No,12
2263,indatraline,indatraline,0.960005,No,5
2264,DMA,DMA,0.959984,No,32
2265,HMBA,HMBA,0.959983,No,34
2266,myo-inositol,myo-inositol,0.959975,No,46
2267,retinoic_acid,retinoic acid,0.959964,No,308
2268,8-CPT-cAMP,8-CPT-cAMP,0.959959,No,14
2269,DMI,DMI,0.959957,No,35
2270,AmBisome,AmBisome,0.959949,No,14
2271,7-dehydrocholesterol,7-dehydrocholesterol,0.959944,No,30
2272,4-phenylbutyrate,4-phenylbutyrate,0.959936,No,34
2273,androgen,androgen,0.959921,No,212
2274,Li,Li,0.959917,No,28
2275,lathosterol,lathosterol,0.959915,No,28
2276,ADO,ADO,0.959895,No,34
2277,thiol,thiol,0.959879,No,70
2278,sodium_alginate,sodium alginate,0.959863,No,25
2279,GSNO,GSNO,0.959861,No,38
2280,TMP,TMP,0.959858,No,44
2281,2-CdA,2-CdA,0.959847,No,23
2282,oxygen,oxygen,0.959835,No,380
2283,LY294002,LY294002,0.959826,No,126
2284,H2O2,H2O2,0.959821,No,150
2285,AP_12009,AP 12009,0.959817,No,18
2286,nimustine_hydrochloride,nimustine hydrochloride,0.959809,No,10
2287,iloperidone,iloperidone,0.959802,No,22
2288,18F-DOPA,18F-DOPA,0.959794,No,20
2289,cyclic_GMP,cyclic GMP,0.959786,No,41
2290,NDGA,NDGA,0.959777,No,35
2291,calcium_phosphate,calcium phosphate,0.959776,No,38
2292,sulfadoxine,sulfadoxine,0.959766,Yes,15
2293,PK11195,PK11195,0.959756,No,31
2294,PEM,PEM,0.959749,No,29
2295,imidocarb_dipropionate,imidocarb dipropionate,0.959747,No,11
2296,fentanyl,fentanyl,0.959735,No,41
2297,mizoribine,mizoribine,0.959724,No,33
2298,OSU-03012,OSU-03012,0.959714,No,31
2299,DEHP,DEHP,0.959709,No,44
2300,iodine,iodine,0.959704,Yes,52
2301,CNI-1493,CNI-1493,0.959703,No,30
2302,cardiolipin,cardiolipin,0.959703,No,47
2303,leucine,leucine,0.959698,No,162
2304,8-cyclopentyltheophylline,8-cyclopentyltheophylline,0.959676,No,16
2305,alpha-lipoic_acid,alpha-lipoic acid,0.959658,No,38
2306,cisplatin,cisplatin,0.959654,No,543
2307,tungsten,tungsten,0.959654,No,26
2308,PBO,PBO,0.959647,Yes,27
2309,CYT387,CYT387,0.959646,No,25
2310,GSK126,GSK126,0.959638,No,23
2311,bilirubin,bilirubin,0.959622,No,70
2312,S-nitrosothiols,S-nitrosothiols,0.959603,No,31
2313,PQQ,PQQ,0.959580,No,32
2314,TPEN,TPEN,0.959569,No,30
2315,LiCl,LiCl,0.959534,No,57
2316,fucose,fucose,0.959522,No,34
2317,vidarabine,vidarabine,0.959520,No,32
2318,As2O3,As2O3,0.959519,No,58
2319,bufalin,bufalin,0.959516,No,42
2320,Ki-67,Ki-67,0.959514,No,22
2321,FDA,FDA,0.959512,No,17
2322,HMF,HMF,0.959509,No,27
2323,THA,THA,0.959503,No,70
2324,glucosylceramide,glucosylceramide,0.959500,No,36
2325,"fructose_2,6-bisphosphate","fructose 2,6-bisphosphate",0.959491,No,33
2326,hypoxanthine,hypoxanthine,0.959469,No,41
2327,hexose,hexose,0.959452,No,34
2328,folate,folate,0.959437,Yes,91
2329,polyphosphate,polyphosphate,0.959432,No,31
2330,carboxamides,carboxamides,0.959419,No,19
2331,L-proline,L-proline,0.959418,No,30
2332,hydrogen,hydrogen,0.959416,No,58
2333,chaetocin,chaetocin,0.959414,No,33
2334,"1,4-dioxane","1,4-dioxane",0.959406,No,27
2335,2-ME,2-ME,0.959401,No,41
2336,amodiaquine,amodiaquine,0.959397,Yes,31
2337,rhein,rhein,0.959387,No,32
2338,iridoids,iridoids,0.959387,No,18
2339,NPI-0052,NPI-0052,0.959383,No,23
2340,bepridil,bepridil,0.959382,No,33
2341,pancreolauryl,pancreolauryl,0.959374,No,12
2342,phenothiazine,phenothiazine,0.959374,No,33
2343,deoxyadenosine,deoxyadenosine,0.959327,No,30
2344,MZ-5-156,MZ-5-156,0.959315,No,16
2345,sterol,sterol,0.959301,No,44
2346,afamelanotide,afamelanotide,0.959285,No,16
2347,triptolide,triptolide,0.959268,No,65
2348,hypocretin,hypocretin,0.959238,No,22
2349,N2O,N2O,0.959212,No,34
2350,DPA,DPA,0.959210,No,35
2351,TAA,TAA,0.959196,No,38
2352,NPA,NPA,0.959192,No,30
2353,pyriproxyfen,pyriproxyfen,0.959190,No,16
2354,AGs,AGs,0.959184,No,24
2355,pingyangmycin,pingyangmycin,0.959175,No,19
2356,flavonoid,flavonoid,0.959151,No,40
2357,L-glutamic_acid,L-glutamic acid,0.959148,No,31
2358,ethylene_glycol_monomethyl_ether,ethylene glycol monomethyl ether,0.959129,No,23
2359,azole,azole,0.959124,No,33
2360,HVA,HVA,0.959108,No,34
2361,vindesine,vindesine,0.959106,No,25
2362,neodymium,neodymium,0.959100,No,16
2363,retinyl_palmitate,retinyl palmitate,0.959100,Yes,29
2364,peroxides,peroxides,0.959091,Yes,36
2365,DEAE-dextran,DEAE-dextran,0.959091,No,9
2366,pinosylvin,pinosylvin,0.959085,No,24
2367,capsazepine,capsazepine,0.959084,No,31
2368,99mTc-HM-PAO,99mTc-HM-PAO,0.959083,No,14
2369,ramosetron,ramosetron,0.959076,No,18
2370,ethanol,ethanol,0.959074,No,230
2371,PT-100,PT-100,0.959065,No,20
2372,poly-ICLC,poly-ICLC,0.959047,No,20
2373,PFA,PFA,0.959038,No,29
2374,A-192621,A-192621,0.959033,No,14
2375,Fe2O3,Fe2O3,0.959032,No,19
2376,phytol,phytol,0.959013,No,31
2377,ZD6126,ZD6126,0.959007,No,15
2378,palmitate,palmitate,0.959002,No,72
2379,dibutyryl_cyclic_AMP,dibutyryl cyclic AMP,0.959001,No,54
2380,biochanin_A,biochanin A,0.959000,No,37
2381,doxepin,doxepin,0.958985,No,28
2382,DOM,DOM,0.958981,No,30
2383,heme,heme,0.958979,Yes,101
2384,alkylglycerols,alkylglycerols,0.958946,No,20
2385,4-PBA,4-PBA,0.958935,No,30
2386,KCC009,KCC009,0.958925,No,13
2387,estradiol,estradiol,0.958909,No,288
2388,unoprostone,unoprostone,0.958903,No,26
2389,lonidamine,lonidamine,0.958881,No,27
2390,Bay_K_8644,Bay K 8644,0.958878,No,31
2391,PCL,PCL,0.958876,No,34
2392,HCH,HCH,0.958864,Yes,45
2393,TPA,TPA,0.958856,No,135
2394,cystine,cystine,0.958855,No,39
2395,ellipticine,ellipticine,0.958845,No,31
2396,DMSA,DMSA,0.958843,No,28
2397,chloroquine,chloroquine,0.958833,Yes,74
2398,mannose,mannose,0.958832,No,63
2399,aflatoxin_B1,aflatoxin B1,0.958832,No,33
2400,bergenin,bergenin,0.958815,No,31
2401,ozone,ozone,0.958799,No,51
2402,DHT,DHT,0.958785,No,62
2403,SR_48692,SR 48692,0.958775,No,28
2404,5-HTP,5-HTP,0.958748,No,33
2405,imidocarb,imidocarb,0.958730,No,8
2406,inositol_hexaphosphate,inositol hexaphosphate,0.958730,No,36
2407,DMPS,DMPS,0.958722,No,32
2408,lead,lead,0.958722,No,38
2409,titanium_dioxide,titanium dioxide,0.958708,No,30
2410,arteether,arteether,0.958705,Yes,13
2411,DPT,DPT,0.958695,No,32
2412,imidazoline,imidazoline,0.958692,No,32
2413,primary_amines,primary amines,0.958649,No,24
2414,metformin,metformin,0.958645,No,172
2415,A77_1726,A77 1726,0.958640,No,27
2416,DMC,DMC,0.958635,No,40
2417,vitamin_D3,vitamin D3,0.958629,No,57
2418,chlormadinone_acetate,chlormadinone acetate,0.958610,No,18
2419,hydrogen_peroxide,hydrogen peroxide,0.958603,No,140
2420,AH6809,AH6809,0.958593,No,23
2421,MDA,MDA,0.958590,Yes,79
2422,alliin,alliin,0.958575,No,17
2423,sulfamide,sulfamide,0.958559,No,20
2424,colistin_methanesulfonate,colistin methanesulfonate,0.958553,No,15
2425,chloroform,chloroform,0.958549,No,34
2426,estrogen,estrogen,0.958506,No,481
2427,GSH,GSH,0.958505,Yes,96
2428,R-568,R-568,0.958485,No,30
2429,polyestradiol_phosphate,polyestradiol phosphate,0.958478,No,9
2430,oridonin,oridonin,0.958474,No,42
2431,OKN-007,OKN-007,0.958466,No,14
2432,PGE2,PGE2,0.958437,No,159
2433,digitoxin,digitoxin,0.958431,No,34
2434,tachykinin,tachykinin,0.958430,No,41
2435,8-bromo-cAMP,8-bromo-cAMP,0.958429,No,35
2436,Endocrine,Endocrine,0.958424,No,6
2437,SNS-032,SNS-032,0.958422,No,25
2438,HCPT,HCPT,0.958417,No,31
2439,3-bromopyruvate,3-bromopyruvate,0.958406,No,33
2440,cyanide,cyanide,0.958404,No,39
2441,DEC,DEC,0.958384,No,27
2442,CLO,CLO,0.958383,No,28
2443,vardenafil,vardenafil,0.958369,No,34
2444,fatty_acid,fatty acid,0.958368,No,188
2445,N-methylprotoporphyrin,N-methylprotoporphyrin,0.958367,No,5
2446,vancomycin,vancomycin,0.958365,No,42
2447,LPA,LPA,0.958364,No,94
2448,melatonin,melatonin,0.958350,No,139
2449,bitoscanate,bitoscanate,0.958344,No,6
2450,LAM,LAM,0.958341,No,70
2451,etretinate,etretinate,0.958327,No,26
2452,BI_6727,BI 6727,0.958323,No,22
2453,duramycin,duramycin,0.958318,No,8
2454,Gln,Gln,0.958316,No,61
2455,Durabolin,Durabolin,0.958314,No,11
2456,phosphocreatine,phosphocreatine,0.958300,No,32
2457,carboxylic_acid,carboxylic acid,0.958253,No,31
2458,methylazoxymethanol_acetate,methylazoxymethanol acetate,0.958237,No,18
2459,2-hydroxyglutarate,2-hydroxyglutarate,0.958233,No,31
2460,IBMX,IBMX,0.958232,No,35
2461,citrate,citrate,0.958228,Yes,66
2462,kallidin,kallidin,0.958227,No,22
2463,histamine,histamine,0.958223,Yes,139
2464,BH4,BH4,0.958215,No,36
2465,colistin,colistin,0.958215,No,37
2466,MO,MO,0.958209,No,23
2467,pipobroman,pipobroman,0.958201,No,15
2468,IdB_1016,IdB 1016,0.958195,No,11
2469,DNP,DNP,0.958186,No,30
2470,GA,GA,0.958178,No,64
2471,8-OHdG,8-OHdG,0.958176,No,51
2472,PVC,PVC,0.958173,No,31
2473,4-methylimidazole,4-methylimidazole,0.958171,No,10
2474,pantothenic_acid,pantothenic acid,0.958170,No,31
2475,MMF,MMF,0.958161,No,52
2476,PCBs,PCBs,0.958146,No,44
2477,HCB,HCB,0.958140,No,31
2478,borocaptate_sodium,borocaptate sodium,0.958138,No,4
2479,GNA,GNA,0.958122,No,13
2480,TEM,TEM,0.958119,No,29
2481,glycerol,glycerol,0.958109,No,56
2482,thapsigargin,thapsigargin,0.958089,No,45
2483,PGE1,PGE1,0.958088,No,49
2484,CYP,CYP,0.958050,No,205
2485,DEET,DEET,0.958045,No,33
2486,AN-162,AN-162,0.958029,No,14
2487,lamotrigine,lamotrigine,0.958017,No,35
2488,bupropion,bupropion,0.957943,No,32
2489,potassium_citrate,potassium citrate,0.957928,No,16
2490,antifolate,antifolate,0.957921,Yes,15
2491,tyrosine,tyrosine,0.957920,No,895
2492,phosphatidylcholine,phosphatidylcholine,0.957915,No,67
2493,tubercidin,tubercidin,0.957909,No,12
2494,VNB,VNB,0.957908,No,11
2495,allylamine,allylamine,0.957898,No,18
2496,Phen,Phen,0.957862,No,20
2497,clomiphene_citrate,clomiphene citrate,0.957807,No,47
2498,DENSPM,DENSPM,0.957772,No,21
2499,aluminium,aluminium,0.957770,No,36
2500,MS-8209,MS-8209,0.957747,No,10
2501,silicone,silicone,0.957738,No,38
2502,selenite,selenite,0.957738,No,43
2503,BI_2536,BI 2536,0.957698,No,31
2504,hydroxyurea,hydroxyurea,0.957697,Yes,65
2505,bavachin,bavachin,0.957685,No,8
2506,piplartine,piplartine,0.957664,No,13
2507,L-NMMA,L-NMMA,0.957663,No,36
2508,carbapenem,carbapenem,0.957653,No,32
2509,Gla,Gla,0.957622,No,34
2510,chlorfenapyr,chlorfenapyr,0.957618,No,7
2511,geranylgeranyl_diphosphate,geranylgeranyl diphosphate,0.957616,No,25
2512,phosphoinositide,phosphoinositide,0.957600,No,44
2513,cadmium,cadmium,0.957585,No,90
2514,8-chloroadenosine,8-chloroadenosine,0.957551,No,17
2515,histidine,histidine,0.957540,Yes,101
2516,magnesium,magnesium,0.957537,No,76
2517,PFOA,PFOA,0.957523,No,33
2518,prolyl,prolyl,0.957515,No,43
2519,cystatins,cystatins,0.957506,No,30
2520,MET,MET,0.957489,No,29
2521,bisulfite,bisulfite,0.957462,No,34
2522,2-AG,2-AG,0.957449,No,34
2523,11C-PIB,11C-PIB,0.957440,No,8
2524,isoniazid,isoniazid,0.957430,No,36
2525,formalin,formalin,0.957421,No,53
2526,etomidate,etomidate,0.957413,No,32
2527,NMDA,NMDA,0.957388,No,94
2528,K7174,K7174,0.957376,No,9
2529,magnesium_oxide,magnesium oxide,0.957365,No,18
2530,ivermectin,ivermectin,0.957360,Yes,44
2531,5-FU,5-FU,0.957348,No,205
2532,PMMA,PMMA,0.957339,No,35
2533,AZD9291,AZD9291,0.957337,No,20
2534,sestamibi,sestamibi,0.957328,No,35
2535,MMC,MMC,0.957320,No,47
2536,20-HETE,20-HETE,0.957309,No,33
2537,propylthiouracil,propylthiouracil,0.957306,No,36
2538,spermine,spermine,0.957275,No,40
2539,polyurethane,polyurethane,0.957216,No,26
2540,sulfaguanidine,sulfaguanidine,0.957213,No,9
2541,dGTP,dGTP,0.957208,No,26
2542,TPN,TPN,0.957199,No,31
2543,DDAVP,DDAVP,0.957156,No,38
2544,AZT,AZT,0.957154,No,44
2545,3-methylcrotonyl-CoA,3-methylcrotonyl-CoA,0.957131,No,12
2546,DADLE,DADLE,0.957123,No,29
2547,ryanodine,ryanodine,0.957117,No,43
2548,pentacyclic_triterpenes,pentacyclic triterpenes,0.957107,No,19
2549,vanadate,vanadate,0.957107,No,46
2550,BNP,BNP,0.957084,No,122
2551,BzATP,BzATP,0.957071,No,31
2552,PVB,PVB,0.957023,No,18
2553,vinylsulfone,vinylsulfone,0.957022,No,9
2554,Dox,Dox,0.957015,No,31
2555,TAC,TAC,0.957014,No,51
2556,bile_acids,bile acids,0.957010,No,77
2557,O6-methylguanine,O6-methylguanine,0.957003,No,29
2558,DES,DES,0.956994,No,55
2559,cis-parinaric_acid,cis-parinaric acid,0.956989,No,10
2560,guanine_nucleotide,guanine nucleotide,0.956986,No,142
2561,ONC201,ONC201,0.956972,No,30
2562,lipopolysaccharide,lipopolysaccharide,0.956968,No,62
2563,THC,THC,0.956959,No,74
2564,aluminum_phthalocyanine,aluminum phthalocyanine,0.956923,No,12
2565,H-89,H-89,0.956920,No,42
2566,avasimibe,avasimibe,0.956880,No,20
2567,aluminum,aluminum,0.956869,No,44
2568,xylitol,xylitol,0.956843,No,33
2569,SarCNU,SarCNU,0.956833,No,13
2570,MCA,MCA,0.956826,No,35
2571,CNU,CNU,0.956818,No,8
2572,cyclic_AMP,cyclic AMP,0.956811,No,140
2573,DPPE,DPPE,0.956809,No,28
2574,quinolone,quinolone,0.956796,No,34
2575,K,K,0.956750,No,39
2576,LA,LA,0.956701,No,34
2577,Asp,Asp,0.956689,No,75
2578,SCH58261,SCH58261,0.956675,No,30
2579,xanthatin,xanthatin,0.956670,No,22
2580,creatine,creatine,0.956633,No,90
2581,C2-ceramide,C2-ceramide,0.956630,No,34
2582,ALN,ALN,0.956609,No,28
2583,glycerol_phosphate,glycerol phosphate,0.956606,No,15
2584,gamma-carboxyglutamic_acid,gamma-carboxyglutamic acid,0.956603,No,32
2585,Micheliolide,Micheliolide,0.956593,No,10
2586,SCH_39304,SCH 39304,0.956592,No,17
2587,PMA,PMA,0.956566,No,164
2588,lomustine,lomustine,0.956565,No,33
2589,taxanes,taxanes,0.956559,No,41
2590,merbarone,merbarone,0.956534,No,15
2591,o-phthalaldehyde,o-phthalaldehyde,0.956532,No,9
2592,AAs,AAs,0.956514,No,32
2593,THP,THP,0.956503,No,49
2594,CH2O,CH2O,0.956476,No,19
2595,kaolin,kaolin,0.956469,No,31
2596,NaF,NaF,0.956445,No,32
2597,OH,OH,0.956427,No,63
2598,butein,butein,0.956400,No,33
2599,phosphotyrosine,phosphotyrosine,0.956374,No,83
2600,graphene,graphene,0.956370,No,38
2601,ATO,ATO,0.956351,No,48
2602,vitamin_B6,vitamin B6,0.956341,No,38
2603,TSA,TSA,0.956309,No,95
2604,MSA,MSA,0.956281,Yes,69
2605,glicentin,glicentin,0.956272,No,20
2606,MPA,MPA,0.956229,No,39
2607,cobalt,cobalt,0.956228,No,43
2608,pyoverdine,pyoverdine,0.956228,No,10
2609,SB216763,SB216763,0.956225,No,35
2610,PHT,PHT,0.956215,No,50
2611,MSG,MSG,0.956203,No,34
2612,fatty_acids,fatty acids,0.956190,No,158
2613,glycine,glycine,0.956157,No,90
2614,adenosine,adenosine,0.956124,No,154
2615,mithramycin,mithramycin,0.956122,No,39
2616,sphingosine-1-phosphate,sphingosine-1-phosphate,0.956079,No,53
2617,molybdenum,molybdenum,0.956063,No,36
2618,tachyplesin_I,tachyplesin I,0.956061,No,14
2619,hydrate,hydrate,0.956029,No,19
2620,proanthocyanidin,proanthocyanidin,0.956027,No,29
2621,5-methyltetrahydrofolate,5-methyltetrahydrofolate,0.956021,No,30
2622,DPG,DPG,0.955946,No,24
2623,SDS,SDS,0.955919,No,82
2624,3-methyladenine,3-methyladenine,0.955888,No,42
2625,DOX,DOX,0.955885,No,76
2626,methyl,methyl,0.955879,No,52
2627,methicillin,methicillin,0.955867,No,19
2628,IDA,IDA,0.955853,No,21
2629,DOPS,DOPS,0.955851,No,15
2630,naltrexone,naltrexone,0.955847,No,34
2631,RG7388,RG7388,0.955838,No,12
2632,GDP,GDP,0.955819,No,69
2633,smoking,smoking,0.955819,No,35
2634,EDL-155,EDL-155,0.955818,No,6
2635,TCN,TCN,0.955803,No,26
2636,CHO,CHO,0.955780,No,49
2637,MIBG,MIBG,0.955779,No,37
2638,silicon,silicon,0.955761,No,39
2639,acetyl,acetyl,0.955752,No,41
2640,BAPN,BAPN,0.955725,No,32
2641,"3,4-benzpyrene","3,4-benzpyrene",0.955719,No,15
2642,"D,L-methadone","D,L-methadone",0.955715,No,6
2643,ZnCl2,ZnCl2,0.955713,No,31
2644,almitrine,almitrine,0.955706,No,23
2645,DOTA,DOTA,0.955697,No,12
2646,paraffin,paraffin,0.955628,No,28
2647,MDMA,MDMA,0.955596,No,35
2648,ATZ,ATZ,0.955595,No,30
2649,NVP-BEZ235,NVP-BEZ235,0.955568,No,45
2650,AA,AA,0.955564,No,117
2651,tricetin,tricetin,0.955557,No,18
2652,Gelofusine,Gelofusine,0.955536,Yes,14
2653,NO2,NO2,0.955517,No,40
2654,"2,3-diphosphoglycerate","2,3-diphosphoglycerate",0.955455,No,30
2655,DMBA,DMBA,0.955447,No,39
2656,6-MP,6-MP,0.955429,No,31
2657,secretin,secretin,0.955425,No,127
2658,NAs,NAs,0.955399,No,30
2659,progestin,progestin,0.955374,No,11
2660,artesunic_acid,artesunic acid,0.955365,No,5
2661,PPi,PPi,0.955338,No,35
2662,AVA,AVA,0.955317,No,15
2663,SCIO-469,SCIO-469,0.955315,No,13
2664,TTFCA,TTFCA,0.955298,No,13
2665,phosphoglyceride,phosphoglyceride,0.955295,No,7
2666,AS602868,AS602868,0.955294,No,21
2667,triclabendazole,triclabendazole,0.955289,No,16
2668,bephenium_hydroxynaphthoate,bephenium hydroxynaphthoate,0.955241,No,11
2669,1-beta-D-arabinofuranosylcytosine,1-beta-D-arabinofuranosylcytosine,0.955233,No,30
2670,CoQ10,CoQ10,0.955228,No,44
2671,terpenoid,terpenoid,0.955218,No,17
2672,amino,amino,0.955205,No,186
2673,LPC,LPC,0.955195,No,36
2674,HPA,HPA,0.955193,No,29
2675,PTX,PTX,0.955173,No,51
2676,VX-809,VX-809,0.955162,No,14
2677,8-nitro-cGMP,8-nitro-cGMP,0.955159,No,9
2678,dipotassium_clorazepate,dipotassium clorazepate,0.955105,No,15
2679,OCS,OCS,0.955074,No,31
2680,O6-benzylguanine,O6-benzylguanine,0.955067,No,24
2681,PD173074,PD173074,0.955024,No,32
2682,4-OHT,4-OHT,0.955020,No,30
2683,CBZ,CBZ,0.954994,No,37
2684,DDC,DDC,0.954977,No,35
2685,piperacillin,piperacillin,0.954968,No,28
2686,8-Cl-cAMP,8-Cl-cAMP,0.954921,No,31
2687,avibactam,avibactam,0.954914,No,12
2688,CMP,CMP,0.954866,No,64
2689,biperiden,biperiden,0.954857,No,19
2690,99mTc-pyrophosphate,99mTc-pyrophosphate,0.954854,No,18
2691,PH,PH,0.954853,No,37
2692,AZD1152,AZD1152,0.954846,No,27
2693,GDC-0980,GDC-0980,0.954837,No,18
2694,SB366791,SB366791,0.954827,No,16
2695,Z-VAD-FMK,Z-VAD-FMK,0.954825,No,18
2696,methylhydrazine,methylhydrazine,0.954747,No,15
2697,sarcosine,sarcosine,0.954676,No,32
2698,EGCG,EGCG,0.954587,No,111
2699,SDX-308,SDX-308,0.954523,No,8
2700,phenazines,phenazines,0.954522,No,10
2701,HPH,HPH,0.954512,No,22
2702,AVP,AVP,0.954499,No,105
2703,porphyran,porphyran,0.954464,No,11
2704,7beta-hydroxycholesterol,7beta-hydroxycholesterol,0.954459,No,30
2705,polyenes,polyenes,0.954437,No,16
2706,BDA,BDA,0.954426,No,18
2707,DEX,DEX,0.954401,No,70
2708,calcitonin,calcitonin,0.954391,No,77
2709,dopamine,dopamine,0.954350,No,192
2710,CBA,CBA,0.954339,No,30
2711,Ro5-4864,Ro5-4864,0.954339,No,31
2712,2-deoxy-D-glucose,2-deoxy-D-glucose,0.954315,No,52
2713,FFA,FFA,0.954307,No,37
2714,"16,16-dimethyl_prostaglandin_E2","16,16-dimethyl prostaglandin E2",0.954266,No,22
2715,TET,TET,0.954258,No,32
2716,fura-2,fura-2,0.954256,No,34
2717,5-FC,5-FC,0.954223,No,23
2718,PFO,PFO,0.954213,No,25
2719,HIDA,HIDA,0.954208,No,14
2720,TiO2,TiO2,0.954186,No,34
2721,polyvinylpyridine-N-oxide,polyvinylpyridine-N-oxide,0.954100,No,13
2722,CsCl,CsCl,0.954079,No,19
2723,TJN-101,TJN-101,0.954054,No,25
2724,L-T4,L-T4,0.953962,No,33
2725,MLN4924,MLN4924,0.953949,No,36
2726,AS1411,AS1411,0.953889,No,22
2727,N-butyl-2-cyanoacrylate,N-butyl-2-cyanoacrylate,0.953882,No,16
2728,isoprenoid,isoprenoid,0.953861,No,34
2729,dapivirine,dapivirine,0.953853,No,8
2730,"D,L-carnitine","D,L-carnitine",0.953841,No,11
2731,polystyrene,polystyrene,0.953815,No,33
2732,Tween_80,Tween 80,0.953806,No,3
2733,PJ34,PJ34,0.953792,No,34
2734,DMPC,DMPC,0.953756,No,31
2735,TPT,TPT,0.953715,No,35
2736,D-xylose,D-xylose,0.953707,No,33
2737,TXA,TXA,0.953706,No,33
2738,NB-506,NB-506,0.953706,No,8
2739,papaverine,papaverine,0.953677,No,35
2740,ethylnitrosourea,ethylnitrosourea,0.953666,No,33
2741,IPP,IPP,0.953657,No,18
2742,CaCl2,CaCl2,0.953628,No,35
2743,MTT,MTT,0.953611,No,78
2744,choleragenoid,choleragenoid,0.953606,No,8
2745,coumarin,coumarin,0.953559,No,39
2746,germacrone,germacrone,0.953555,No,19
2747,TRAM-34,TRAM-34,0.953467,No,31
2748,citrates,citrates,0.953446,No,10
2749,BDA-410,BDA-410,0.953445,No,8
2750,TMZ,TMZ,0.953444,No,96
2751,NH4Cl,NH4Cl,0.953415,No,33
2752,crizotinib,crizotinib,0.953414,No,47
2753,MNU,MNU,0.953363,No,35
2754,SB203580,SB203580,0.953357,No,73
2755,cyclopamine,cyclopamine,0.953337,No,48
2756,PGA,PGA,0.953327,No,34
2757,cyclopentenyl_cytosine,cyclopentenyl cytosine,0.953286,No,16
2758,SAs,SAs,0.953281,No,23
2759,bacteriocin,bacteriocin,0.953260,No,37
2760,TMPyP4,TMPyP4,0.953249,No,21
2761,metomidate,metomidate,0.953230,No,7
2762,ethyleneimine,ethyleneimine,0.953227,No,17
2763,NH2,NH2,0.953210,No,42
2764,BaCl2,BaCl2,0.953184,No,26
2765,AT-101,AT-101,0.953174,No,23
2766,SGI-1776,SGI-1776,0.953155,No,23
2767,sulfamate,sulfamate,0.953146,No,8
2768,betaine,betaine,0.953135,No,35
2769,BAs,BAs,0.953099,No,34
2770,PpIX,PpIX,0.953088,No,45
2771,PPG,PPG,0.953053,No,72
2772,valacyclovir,valacyclovir,0.953040,No,25
2773,ceftolozane,ceftolozane,0.953030,No,5
2774,KRN8602,KRN8602,0.953025,No,22
2775,xyloketal_B,xyloketal B,0.953001,No,17
2776,calcein,calcein,0.952966,No,24
2777,Mg,Mg,0.952931,No,36
2778,NaHCO3,NaHCO3,0.952929,No,30
2779,ZSTK474,ZSTK474,0.952925,No,31
2780,GaAs,GaAs,0.952920,No,25
2781,HCl,HCl,0.952877,No,39
2782,GF120918,GF120918,0.952839,No,23
2783,PVP,PVP,0.952826,No,32
2784,CMX,CMX,0.952801,No,17
2785,IBU,IBU,0.952792,No,18
2786,glucose-6-phosphate,glucose-6-phosphate,0.952786,No,40
2787,Mal,Mal,0.952774,No,43
2788,VPA,VPA,0.952754,No,79
2789,combretastatin_A4_phosphate,combretastatin A4 phosphate,0.952701,No,24
2790,4-hydroperoxycyclophosphamide,4-hydroperoxycyclophosphamide,0.952660,No,20
2791,platinum,platinum,0.952605,No,67
2792,PDA,PDA,0.952556,No,35
2793,MDP,MDP,0.952550,No,38
2794,N-tert-butyl-alpha-phenylnitrone,N-tert-butyl-alpha-phenylnitrone,0.952518,No,24
2795,methyl-CCNU,methyl-CCNU,0.952512,No,18
2796,ISIS_2302,ISIS 2302,0.952505,No,7
2797,MGd,MGd,0.952498,No,18
2798,BIX-01294,BIX-01294,0.952497,No,29
2799,urea,urea,0.952456,No,66
2800,OH-2,OH-2,0.952427,No,13
2801,berbamine,berbamine,0.952414,No,31
2802,cycloplatam,cycloplatam,0.952397,No,6
2803,KCl,KCl,0.952393,No,43
2804,RC-3095,RC-3095,0.952384,No,30
2805,barium,barium,0.952360,No,33
2806,CoQ,CoQ,0.952353,No,33
2807,SAM,SAM,0.952350,No,49
2808,Soyasaponin_Ab,Soyasaponin Ab,0.952327,No,8
2809,PBN,PBN,0.952326,No,34
2810,BKM120,BKM120,0.952306,No,37
2811,AMP,AMP,0.952302,No,62
2812,provitamin_A,provitamin A,0.952290,No,7
2813,BrdU,BrdU,0.952277,No,72
2814,TCE,TCE,0.952258,No,35
2815,TNBS,TNBS,0.952253,No,34
2816,CUS,CUS,0.952240,No,21
2817,MeOH,MeOH,0.952182,No,27
2818,N-formyl-methionyl-leucyl-phenylalanine,N-formyl-methionyl-leucyl-phenylalanine,0.952166,No,34
2819,ASA,ASA,0.952156,No,49
2820,TLN-4601,TLN-4601,0.952155,No,9
2821,technetium-99m_methylene_diphosphonate,technetium-99m methylene diphosphonate,0.952148,No,12
2822,PTC,PTC,0.952142,No,213
2823,DOCA,DOCA,0.952128,No,34
2824,ceramide,ceramide,0.952116,No,129
2825,D-serine,D-serine,0.952115,No,35
2826,amines,amines,0.952111,No,46
2827,oestrogen,oestrogen,0.952062,No,86
2828,Glaucocalyxin_A,Glaucocalyxin A,0.952037,No,11
2829,azoles,azoles,0.952030,No,32
2830,PGP,PGP,0.952001,No,19
2831,DE,DE,0.951998,No,19
2832,DiI,DiI,0.951997,No,12
2833,SU1498,SU1498,0.951990,No,22
2834,neoarsphenamine,neoarsphenamine,0.951976,Yes,8
2835,Fluosol,Fluosol,0.951973,No,19
2836,dihydropteroate,dihydropteroate,0.951956,Yes,13
2837,BIIL_284,BIIL 284,0.951939,No,9
2838,25-hydroxyvitamin_D3,25-hydroxyvitamin D3,0.951934,No,36
2839,BAY_11-7082,BAY 11-7082,0.951930,No,43
2840,SNX-2112,SNX-2112,0.951907,No,28
2841,benzylthiouracil,benzylthiouracil,0.951887,No,9
2842,tubacin,tubacin,0.951828,No,23
2843,2-hydroxyoleic_acid,2-hydroxyoleic acid,0.951802,No,5
2844,PR-957,PR-957,0.951783,No,17
2845,ATP,ATP,0.951779,No,522
2846,importazole,importazole,0.951725,No,5
2847,Rolitetracycline,Rolitetracycline,0.951594,No,7
2848,fat,fat,0.951524,No,26
2849,CKD-602,CKD-602,0.951442,No,17
2850,allophycocyanin,allophycocyanin,0.951426,No,5
2851,PD0325901,PD0325901,0.951404,No,31
2852,clothianidin,clothianidin,0.951397,Yes,6
2853,NSC23766,NSC23766,0.951372,No,32
2854,rucaparib,rucaparib,0.951354,No,24
2855,LBW242,LBW242,0.951304,No,9
2856,mucopolysaccharide,mucopolysaccharide,0.951289,No,14
2857,CX-659S,CX-659S,0.951255,No,11
2858,olaparib,olaparib,0.951225,No,35
2859,amoscanate,amoscanate,0.951215,No,8
2860,pheromone,pheromone,0.951143,No,34
2861,nikkomycin_Z,nikkomycin Z,0.951134,No,11
2862,nystatin,nystatin,0.951120,No,30
2863,PAF,PAF,0.951085,No,152
2864,AG3340,AG3340,0.951085,No,19
2865,DMPP,DMPP,0.951065,No,30
2866,DABA,DABA,0.950982,No,5
2867,MK-2206,MK-2206,0.950961,No,36
2868,CoCl2,CoCl2,0.950930,No,49
2869,benoxaprofen,benoxaprofen,0.950909,No,19
2870,oxytocin,oxytocin,0.950903,No,142
2871,AK-2123,AK-2123,0.950861,No,18
2872,BA,BA,0.950850,No,66
2873,serotonin,serotonin,0.950794,No,167
2874,MK-1775,MK-1775,0.950784,No,23
2875,L-fucose,L-fucose,0.950775,No,31
2876,cysteine,cysteine,0.950740,No,257
2877,MGBG,MGBG,0.950740,No,24
2878,HNE,HNE,0.950693,No,35
2879,SNP,SNP,0.950559,No,67
2880,PPS,PPS,0.950518,No,52
2881,dieldrin,dieldrin,0.950477,Yes,29
2882,TG101348,TG101348,0.950476,No,19
2883,Apomine,Apomine,0.950442,No,13
2884,AMPA,AMPA,0.950431,No,66
2885,Cys,Cys,0.950403,No,60
2886,Na2EDTA,Na2EDTA,0.950386,No,15
2887,TFO,TFO,0.950384,No,16
2888,MC540,MC540,0.950354,No,18
2889,PAP,PAP,0.950346,No,120
2890,biotin,biotin,0.950218,No,44
2891,d-lysergic_acid_diethylamide,d-lysergic acid diethylamide,0.950190,No,10
2892,Tau,Tau,0.950153,No,40
2893,HS-1793,HS-1793,0.950114,No,21
2894,FH,FH,0.950091,No,116
2895,proline,proline,0.950020,No,83
2896,2H-chromen-2-one,2H-chromen-2-one,0.949990,No,5
2897,etofenprox,etofenprox,0.949986,Yes,4
2898,CTX,CTX,0.949983,Yes,101
2899,CY,CY,0.949976,No,38
2900,Hcy,Hcy,0.949974,No,47
2901,MMS,MMS,0.949928,No,39
2902,TRH,TRH,0.949795,No,188
2903,amino_acids,amino acids,0.949714,Yes,904
2904,1-EBIO,1-EBIO,0.949690,No,9
2905,SI-27,SI-27,0.949663,No,10
2906,RA,RA,0.949657,No,536
2907,LPO,LPO,0.949635,No,86
2908,FDG,FDG,0.949576,No,17
2909,PCN,PCN,0.949467,No,33
2910,dichlorodiphenyltrichloroethane,dichlorodiphenyltrichloroethane,0.949397,Yes,18
2911,DEB,DEB,0.949334,No,27
2912,Ardipusilloside_I,Ardipusilloside I,0.949324,No,10
2913,TBG,TBG,0.949320,No,72
2914,melflufen,melflufen,0.949288,No,10
2915,AZD7762,AZD7762,0.949267,No,27
2916,CDCA,CDCA,0.949264,No,34
2917,DHAP,DHAP,0.949256,No,27
2918,NADPH,NADPH,0.949229,No,170
2919,Malarone,Malarone,0.949218,Yes,9
2920,CF3,CF3,0.949202,No,15
2921,diphenoxylate,diphenoxylate,0.949194,No,14
2922,TCA,TCA,0.949089,No,39
2923,busulfan,busulfan,0.949074,No,37
2924,1-desamino-8-D-arginine_vasopressin,1-desamino-8-D-arginine vasopressin,0.949065,No,21
2925,didemnin_B,didemnin B,0.949060,No,22
2926,PGE,PGE,0.949059,No,46
2927,ACN,ACN,0.949053,No,37
2928,5-hydroxymethyl-2-furfural,5-hydroxymethyl-2-furfural,0.948929,No,23
2929,PTC124,PTC124,0.948871,No,12
2930,VCZ,VCZ,0.948849,No,14
2931,NTP,NTP,0.948770,No,38
2932,amino_acid,amino acid,0.948753,No,1446
2933,sulfur,sulfur,0.948719,No,44
2934,CPX,CPX,0.948713,No,30
2935,morin,morin,0.948694,No,33
2936,CNP,CNP,0.948690,No,85
2937,shikonin,shikonin,0.948688,No,50
2938,ADMA,ADMA,0.948675,No,65
2939,FK565,FK565,0.948614,No,22
2940,PAMAM,PAMAM,0.948553,No,27
2941,TAU,TAU,0.948544,No,11
2942,Dyazide,Dyazide,0.948502,No,5
2943,puerarin,puerarin,0.948485,No,39
2944,FA,FA,0.948450,No,106
2945,BH3,BH3,0.948438,No,46
2946,NAD,NAD,0.948418,No,140
2947,EFA,EFA,0.948417,No,18
2948,PCB,PCB,0.948393,No,123
2949,MTX,MTX,0.948315,No,142
2950,capsaicin,capsaicin,0.948312,No,59
2951,TG101209,TG101209,0.948297,No,12
2952,PLGA,PLGA,0.948232,No,37
2953,5-iodo-2-deoxyuridine,5-iodo-2-deoxyuridine,0.948212,No,9
2954,thaliblastine,thaliblastine,0.948153,No,12
2955,ANCA,ANCA,0.948115,No,21
2956,triphenylethylene,triphenylethylene,0.948111,No,9
2957,D-glucosamine,D-glucosamine,0.947980,No,19
2958,myricetin,myricetin,0.947969,No,40
2959,isochaihulactone,isochaihulactone,0.947961,No,7
2960,PLL,PLL,0.947957,No,39
2961,GHB,GHB,0.947924,No,33
2962,N-acetylglucosamine,N-acetylglucosamine,0.947871,No,37
2963,pO2,pO2,0.947807,No,43
2964,DB-67,DB-67,0.947788,No,7
2965,6-azauridine,6-azauridine,0.947710,No,11
2966,TAM,TAM,0.947704,No,87
2967,MCC,MCC,0.947622,No,93
2968,gadobutrol,gadobutrol,0.947604,No,16
2969,PC,PC,0.947597,No,74
2970,BMS309403,BMS309403,0.947573,No,15
2971,PTH,PTH,0.947489,No,307
2972,ENMD-2076,ENMD-2076,0.947434,No,20
2973,PM00104,PM00104,0.947357,No,12
2974,dibromomannitol,dibromomannitol,0.947284,No,10
2975,MBT,MBT,0.947125,No,26
2976,M6G,M6G,0.947094,No,30
2977,triphenyltetrazolium_chloride,triphenyltetrazolium chloride,0.947084,No,18
2978,BSH,BSH,0.947067,No,22
2979,CPT,CPT,0.947055,No,115
2980,KHG26377,KHG26377,0.947024,No,5
2981,Pomolic_acid,Pomolic acid,0.946993,No,10
2982,SO2,SO2,0.946978,No,32
2983,iron_chelate,iron chelate,0.946909,No,5
2984,GCDH,GCDH,0.946880,No,46
2985,BGT226,BGT226,0.946852,No,12
2986,FP,FP,0.946824,No,14
2987,CBL0137,CBL0137,0.946571,No,8
2988,arctiin,arctiin,0.946512,No,22
2989,TNB,TNB,0.946402,No,21
2990,GABA,GABA,0.946307,No,111
2991,PAN,PAN,0.946304,No,40
2992,HCN,HCN,0.946280,No,74
2993,TCDD,TCDD,0.946259,No,75
2994,nickel_sulfide,nickel sulfide,0.946247,No,7
2995,IAA,IAA,0.946209,No,33
2996,AEE788,AEE788,0.946184,No,27
2997,antimony_potassium_tartrate,antimony potassium tartrate,0.946141,No,4
2998,lipofuscin,lipofuscin,0.946132,No,24
2999,CH-11,CH-11,0.946118,No,27
3000,HE2000,HE2000,0.946045,Yes,6
3001,caprine,caprine,0.946026,No,26
3002,rhein_lysinate,rhein lysinate,0.945846,No,3
3003,cilastatin,cilastatin,0.945796,No,20
3004,PEG-IFN_alpha-2b,PEG-IFN alpha-2b,0.945749,No,20
3005,LY2109761,LY2109761,0.945745,No,30
3006,LUT,LUT,0.945676,No,22
3007,MLN2238,MLN2238,0.945652,No,15
3008,GSSG,GSSG,0.945637,No,40
3009,adrenalin,adrenalin,0.945631,No,31
3010,AAC,AAC,0.945611,No,76
3011,Gly,Gly,0.945597,No,42
3012,TTP,TTP,0.945518,No,170
3013,ubiquinone,ubiquinone,0.945500,No,33
3014,PAH,PAH,0.945476,No,129
3015,BG,BG,0.945441,No,13
3016,PPD,PPD,0.945433,No,72
3017,RG,RG,0.945420,No,19
3018,punicic_acid,punicic acid,0.945349,No,8
3019,AMD,AMD,0.945335,No,192
3020,GH,GH,0.945265,No,344
3021,CTA,CTA,0.945218,No,19
3022,68Ga-DOTANOC,68Ga-DOTANOC,0.945214,No,4
3023,AG1296,AG1296,0.945097,No,25
3024,ALT,ALT,0.945082,No,125
3025,ONYX-015,ONYX-015,0.944975,No,19
3026,enediyne,enediyne,0.944973,No,6
3027,sulfamonomethoxine,sulfamonomethoxine,0.944967,Yes,5
3028,NBP,NBP,0.944803,No,61
3029,SCN,SCN,0.944685,No,93
3030,SMX,SMX,0.944679,No,18
3031,LEV,LEV,0.944602,No,29
3032,CTAB,CTAB,0.944530,No,23
3033,APC,APC,0.944496,No,225
3034,zeolite,zeolite,0.944473,No,33
3035,"5,10-methylenetetrahydrofolate","5,10-methylenetetrahydrofolate",0.944446,No,30
3036,Antihistamines,Antihistamines,0.944392,No,25
3037,Xestospongin_C,Xestospongin C,0.944381,No,17
3038,N-acetyl-L-aspartate,N-acetyl-L-aspartate,0.944294,No,8
3039,MLN8237,MLN8237,0.944253,No,28
3040,MDC-1112,MDC-1112,0.944229,No,4
3041,LCL161,LCL161,0.944192,No,32
3042,AAA,AAA,0.944177,No,166
3043,DEAE-D,DEAE-D,0.944074,No,11
3044,polyvinylpyrrolidone,polyvinylpyrrolidone,0.944061,No,24
3045,TH,TH,0.944051,No,113
3046,2-aminophenoxazine-3-one,2-aminophenoxazine-3-one,0.944041,No,8
3047,BMS-754807,BMS-754807,0.944018,No,22
3048,oroxyloside,oroxyloside,0.944002,No,5
3049,ACh,ACh,0.943904,No,64
3050,Sudan_III,Sudan III,0.943897,No,8
3051,ZD0473,ZD0473,0.943877,No,16
3052,TAS-115,TAS-115,0.943867,No,18
3053,cinchona_alkaloids,cinchona alkaloids,0.943814,No,5
3054,Hg,Hg,0.943802,No,30
3055,polysaccharopeptide,polysaccharopeptide,0.943765,No,5
3056,BAY_60-6583,BAY 60-6583,0.943750,No,19
3057,IA,IA,0.943745,No,9
3058,68Ga-DOTATATE,68Ga-DOTATATE,0.943694,No,16
3059,ketone,ketone,0.943577,No,5
3060,DDS,DDS,0.943540,No,54
3061,p-boronophenylalanine,p-boronophenylalanine,0.943526,No,8
3062,CPFA,CPFA,0.943516,No,12
3063,Tc-99m_hydroxymethylene_diphosphonate,Tc-99m hydroxymethylene diphosphonate,0.943488,No,15
3064,99mTc-phosphate,99mTc-phosphate,0.943442,No,4
3065,imide,imide,0.943433,No,8
3066,BMS-536924,BMS-536924,0.943433,No,15
3067,ACTH,ACTH,0.943368,No,224
3068,HA,HA,0.943264,No,66
3069,ascorbyl_palmitate,ascorbyl palmitate,0.943248,No,7
3070,PAX3-FKHR,PAX3-FKHR,0.943231,No,35
3071,DB289,DB289,0.943163,No,7
3072,"WIN_55,212-2","WIN 55,212-2",0.943017,No,31
3073,CPP,CPP,0.942922,No,32
3074,GlcNAc,GlcNAc,0.942916,No,42
3075,DOXO-EMCH,DOXO-EMCH,0.942914,No,10
3076,GM1,GM1,0.942880,No,100
3077,Val,Val,0.942818,No,39
3078,PDT,PDT,0.942657,No,33
3079,KW-2478,KW-2478,0.942562,No,9
3080,oleandomycin,oleandomycin,0.942559,No,8
3081,CpG-ODN,CpG-ODN,0.942464,No,37
3082,OA,OA,0.942410,No,261
3083,PSA,PSA,0.942388,No,191
3084,HCC,HCC,0.942388,No,1956
3085,Ferrochloroquine,Ferrochloroquine,0.942246,Yes,0
3086,decursin,decursin,0.942200,No,33
3087,ADP,ADP,0.941978,No,144
3088,chebulagic_acid,chebulagic acid,0.941865,No,6
3089,PFOB,PFOB,0.941822,No,19
3090,STX-0119,STX-0119,0.941386,No,14
3091,hydroxyitraconazole,hydroxyitraconazole,0.941349,No,5
3092,H2S,H2S,0.941156,No,116
3093,AEZS-108,AEZS-108,0.940374,No,24
3094,CO2,CO2,0.940357,No,292
3095,Dx,Dx,0.940164,No,5
3096,AITC,AITC,0.940158,No,32
3097,3-O-methylglucose,3-O-methylglucose,0.940154,No,30
3098,Gadofluorine,Gadofluorine,0.940140,No,5
3099,PF-8380,PF-8380,0.940057,No,5
3100,HBsAg,HBsAg,0.939911,No,53
3101,CoA,CoA,0.939899,No,54
3102,PEP,PEP,0.939884,No,101
3103,PTN,PTN,0.939861,No,111
3104,PPO,PPO,0.939718,No,83
3105,ACY-1215,ACY-1215,0.939714,No,21
3106,CTP,CTP,0.939645,No,39
3107,PPF,PPF,0.939558,No,33
3108,GM3,GM3,0.939370,No,81
3109,aloperine,aloperine,0.939315,No,17
3110,reumycin,reumycin,0.939281,No,3
3111,MPD,MPD,0.939144,No,69
3112,TAE226,TAE226,0.939110,No,30
3113,alfaxalone,alfaxalone,0.939013,No,18
3114,OXA,OXA,0.939011,No,36
3115,zeranol,zeranol,0.938950,No,25
3116,AN-238,AN-238,0.938949,No,24
3117,PEEK,PEEK,0.938888,No,16
3118,FITC,FITC,0.938657,No,35
3119,Am80,Am80,0.938505,No,37
3120,icaritin,icaritin,0.938427,No,34
3121,CEA,CEA,0.938401,No,213
3122,SU9516,SU9516,0.938270,No,10
3123,PHA-848125,PHA-848125,0.938195,No,8
3124,hydrocarbon,hydrocarbon,0.938194,No,32
3125,TZD18,TZD18,0.938168,No,24
3126,NU1025,NU1025,0.937913,No,10
3127,SRL,SRL,0.937790,No,61
3128,TRA-8,TRA-8,0.937744,No,11
3129,GTP,GTP,0.937743,No,154
3130,MCNU,MCNU,0.937709,No,14
3131,phosphorus-32,phosphorus-32,0.937278,No,6
3132,zinc_phthalocyanine_disulfonate,zinc phthalocyanine disulfonate,0.937260,No,4
3133,FL,FL,0.936984,No,107
3134,KU-60019,KU-60019,0.936927,No,10
3135,methoxyamine,methoxyamine,0.936875,No,9
3136,NVP-AEW541,NVP-AEW541,0.936807,No,31
3137,VO2,VO2,0.936802,No,30
3138,NCC,NCC,0.936737,No,59
3139,"3,5-DHPG","3,5-DHPG",0.936667,No,5
3140,salicylic_acid,salicylic acid,0.936663,No,33
3141,calprotectin,calprotectin,0.936476,No,37
3142,ABPA,ABPA,0.936428,No,42
3143,BENC-511,BENC-511,0.936357,No,9
3144,Cotrifazid,Cotrifazid,0.936202,Yes,0
3145,ALA,ALA,0.936165,No,51
3146,statin,statin,0.936153,No,40
3147,AT9283,AT9283,0.935797,No,21
3148,CI-980,CI-980,0.935676,No,12
3149,Tc-99m-diethyl-IDA,Tc-99m-diethyl-IDA,0.935672,No,7
3150,HPO,HPO,0.935582,No,10
3151,PKF115-584,PKF115-584,0.935272,No,14
3152,HAL,HAL,0.935250,No,77
3153,SMA,SMA,0.934789,No,175
3154,alpha-cyano-4-hydroxycinnamate,alpha-cyano-4-hydroxycinnamate,0.934595,No,8
3155,solasonine,solasonine,0.934368,No,5
3156,CYT997,CYT997,0.934363,No,10
3157,glyoxalate,glyoxalate,0.934219,No,5
3158,PCP,PCP,0.934089,No,140
3159,CH2,CH2,0.933965,No,32
3160,GMF,GMF,0.933883,No,72
3161,SAR405838,SAR405838,0.933648,No,12
3162,cefclidin,cefclidin,0.933554,No,5
3163,PAM,PAM,0.933329,No,94
3164,adaphostin,adaphostin,0.933329,No,20
3165,"phosphatidylinositol_4,5-bisphosphate","phosphatidylinositol 4,5-bisphosphate",0.933265,No,27
3166,Met,Met,0.933209,No,43
3167,TJ-960,TJ-960,0.933209,No,7
3168,E1210,E1210,0.933194,No,8
3169,NE-10790,NE-10790,0.933110,No,7
3170,PCHO,PCHO,0.933019,No,5
3171,zone,zone,0.932949,No,6
3172,lutropin,lutropin,0.932902,No,4
3173,chrysin,chrysin,0.932695,No,38
3174,AT7519,AT7519,0.932674,No,12
3175,SAH,SAH,0.932552,No,107
3176,PTC-209,PTC-209,0.932279,No,12
3177,albumin,albumin,0.932242,No,110
3178,Hematide,Hematide,0.932232,No,6
3179,TCC,TCC,0.931933,No,116
3180,ginsenoside_Rb1,ginsenoside Rb1,0.931822,No,7
3181,ACA,ACA,0.931603,No,13
3182,SAA,SAA,0.931573,No,104
3183,ADA,ADA,0.931361,No,141
3184,KRN5500,KRN5500,0.931290,No,17
3185,PGG,PGG,0.931261,No,36
3186,BCFA,BCFA,0.931184,No,11
3187,ASC,ASC,0.931167,No,98
3188,LY2157299,LY2157299,0.931162,No,19
3189,GANT61,GANT61,0.931162,No,32
3190,PWT-458,PWT-458,0.930934,No,5
3191,VER-155008,VER-155008,0.930912,No,25
3192,POH,POH,0.930764,No,8
3193,GMP,GMP,0.930734,No,112
3194,kallikrein,kallikrein,0.930645,No,130
3195,ACV,ACV,0.930461,No,25
3196,diazo,diazo,0.930311,No,6
3197,DDE,DDE,0.930192,No,34
3198,aplysin,aplysin,0.930178,No,5
3199,PEDOT,PEDOT,0.929970,No,18
3200,ABO,ABO,0.929858,No,74
3201,"L-744,832","L-744,832",0.929853,No,9
3202,LY500307,LY500307,0.929754,No,7
3203,ambruticin,ambruticin,0.929753,No,3
3204,12-O-tetradecanoylphorbol-13-acetate,12-O-tetradecanoylphorbol-13-acetate,0.929747,No,86
3205,GW5074,GW5074,0.929579,No,21
3206,trypanothione,trypanothione,0.929507,No,9
3207,PEF,PEF,0.929439,No,12
3208,ABH,ABH,0.929383,No,40
3209,ABC294640,ABC294640,0.929370,No,32
3210,QLT0267,QLT0267,0.929340,No,16
3211,FG-4095,FG-4095,0.928880,No,4
3212,selenazofurin,selenazofurin,0.928678,No,3
3213,CAA,CAA,0.928630,No,74
3214,HDC,HDC,0.928262,No,84
3215,TPP,TPP,0.928207,No,38
3216,Ologen,Ologen,0.928051,No,7
3217,BFP,BFP,0.927711,No,47
3218,S_5682,S 5682,0.927683,No,8
3219,"3,5-diethoxycarbonyl-1,4-dihydrocollidine","3,5-diethoxycarbonyl-1,4-dihydrocollidine",0.927162,No,17
3220,somatostatin,somatostatin,0.927073,No,217
3221,PTP,PTP,0.927023,No,105
3222,PFOS,PFOS,0.927009,No,35
3223,TF,TF,0.926686,No,168
3224,YM881,YM881,0.926670,No,8
3225,BSc2118,BSc2118,0.926520,No,7
3226,5-CT,5-CT,0.926332,No,7
3227,CsA,CsA,0.926332,No,186
3228,F14512,F14512,0.926170,No,11
3229,JNJ-26481585,JNJ-26481585,0.926119,No,18
3230,ethers,ethers,0.926099,No,6
3231,hexacosanoic_acid,hexacosanoic acid,0.926058,No,10
3232,PFD,PFD,0.925866,No,46
3233,TGA,TGA,0.925780,No,124
3234,PCA,PCA,0.925483,No,74
3235,UK1,UK1,0.925398,No,13
3236,HPPH,HPPH,0.925173,No,15
3237,eNO,eNO,0.925089,No,10
3238,LY186641,LY186641,0.924985,No,13
3239,APN,APN,0.924965,No,59
3240,S1P,S1P,0.924815,No,138
3241,PDQ,PDQ,0.924712,No,16
3242,PCNU,PCNU,0.924596,No,9
3243,NVP-AUY922,NVP-AUY922,0.924286,No,34
3244,APG,APG,0.924196,No,6
3245,MPG,MPG,0.924182,No,73
3246,8-Aminoadenosine,8-Aminoadenosine,0.924125,No,4
3247,harmol,harmol,0.924063,No,8
3248,S14161,S14161,0.924058,No,10
3249,PLD,PLD,0.923518,No,178
3250,marchantin_C,marchantin C,0.923337,No,4
3251,MPO,MPO,0.923218,No,248
3252,sulphadoxine,sulphadoxine,0.922549,Yes,8
3253,MIA,MIA,0.922491,No,62
3254,LIG,LIG,0.922453,No,35
3255,toloxatone,toloxatone,0.922441,No,9
3256,BaP,BaP,0.922353,No,118
3257,bendiocarb,bendiocarb,0.922283,No,4
3258,vasopressin,vasopressin,0.921961,No,235
3259,DMAMCL,DMAMCL,0.921786,No,9
3260,AQ4N,AQ4N,0.921554,Yes,18
3261,NO3,NO3,0.921209,No,104
3262,carbazoles,carbazoles,0.921042,No,9
3263,Chrysamine-G,Chrysamine-G,0.920882,No,3
3264,MCP,MCP,0.920873,No,87
3265,NAG,NAG,0.920755,No,113
3266,RO4929097,RO4929097,0.920633,No,23
3267,heptafluorobutyric_acid,heptafluorobutyric acid,0.920502,No,4
3268,GIA,GIA,0.919508,Yes,0
3269,Titanocene_Y,Titanocene Y,0.918689,No,5
3270,APE,APE,0.918244,No,8
3271,N-methyl-glucamine,N-methyl-glucamine,0.917875,No,9
3272,melanin,melanin,0.917832,No,23
3273,RMP-7,RMP-7,0.917788,No,20
3274,BMS-214662,BMS-214662,0.917578,No,10
3275,YIT9018,YIT9018,0.916946,No,7
3276,PLG,PLG,0.916789,No,64
3277,azlocillin_sodium,azlocillin sodium,0.916394,No,0
3278,amodiaquine-artesunate,amodiaquine-artesunate,0.915998,Yes,0
3279,DDT,DDT,0.915969,Yes,95
3280,LY2228820,LY2228820,0.915946,No,8
3281,Aroclor_1016,Aroclor 1016,0.915924,No,5
3282,NG,NG,0.915910,No,21
3283,calcineurin,calcineurin,0.915862,No,76
3284,STF-083010,STF-083010,0.915388,No,12
3285,lysomustine,lysomustine,0.914500,No,2
3286,MST-312,MST-312,0.914319,No,11
3287,PPH,PPH,0.913888,No,12
3288,DBP,DBP,0.913774,No,133
3289,Osthole,Osthole,0.913742,No,31
3290,norfenefrine,norfenefrine,0.913722,No,7
3291,CaMKII,CaMKII,0.913646,No,152
3292,LEE011,LEE011,0.913646,No,8
3293,ANG1005,ANG1005,0.913643,No,6
3294,O2,O2,0.913420,No,72
3295,orexin,orexin,0.913374,No,87
3296,MOPC_104E,MOPC 104E,0.913213,No,5
3297,CGP57380,CGP57380,0.913191,No,13
3298,DCC,DCC,0.912970,No,104
3299,chlorofluorocarbons,chlorofluorocarbons,0.912513,No,5
3300,TGX-221,TGX-221,0.912474,No,15
3301,FK973,FK973,0.912317,No,11
3302,ADC,ADC,0.912275,No,70
3303,endostatin,endostatin,0.911029,No,120
3304,cercosporin,cercosporin,0.911016,No,5
3305,hemin,hemin,0.911014,Yes,31
3306,90Y-DOTA-lanreotide,90Y-DOTA-lanreotide,0.910656,No,6
3307,PKA,PKA,0.910632,No,127
3308,Pd-bacteriopheophorbide,Pd-bacteriopheophorbide,0.910389,No,5
3309,UAB30,UAB30,0.910304,No,15
3310,TNF,TNF,0.910048,No,126
3311,TES,TES,0.910047,No,58
3312,RSR13,RSR13,0.910022,No,16
3313,BMP,BMP,0.909995,No,153
3314,PTMA,PTMA,0.909066,No,48
3315,XL765,XL765,0.909029,No,7
3316,PACAP38,PACAP38,0.908746,No,40
3317,Prolastin,Prolastin,0.907913,No,20
3318,MICA,MICA,0.907883,No,92
3319,TS,TS,0.907690,No,214
3320,cobalt_sulfate,cobalt sulfate,0.907616,No,6
3321,Hydroxypiperaquine_phosphate,Hydroxypiperaquine phosphate,0.907290,Yes,1
3322,CSP,CSP,0.906992,No,78
3323,CCT,CCT,0.906700,No,98
3324,galanin,galanin,0.906490,No,111
3325,UTP,UTP,0.906288,No,39
3326,ETA,ETA,0.906007,No,120
3327,VIP,VIP,0.905996,No,200
3328,K11777,K11777,0.905969,No,9
3329,APP,APP,0.905673,No,302
3330,hydrogen_sulfide,hydrogen sulfide,0.905663,No,11
3331,MCI-826,MCI-826,0.905657,No,5
3332,triamcinolone_diacetate,triamcinolone diacetate,0.905427,No,5
3333,Rg1,Rg1,0.905406,No,97
3334,CYC,CYC,0.905363,No,38
3335,imino,imino,0.905142,No,7
3336,PLA2,PLA2,0.905044,No,179
3337,MAO,MAO,0.904761,No,127
3338,CDH,CDH,0.904454,No,88
3339,cAMP,cAMP,0.904188,No,354
3340,OPG,OPG,0.904041,No,148
3341,MDL101731,MDL101731,0.903781,No,5
3342,ACE,ACE,0.903686,No,223
3343,CTB,CTB,0.903349,No,78
3344,AF38469,AF38469,0.903331,No,4
3345,Palomid_529,Palomid 529,0.902523,No,11
3346,heparin,heparin,0.902240,No,52
3347,IgA,IgA,0.901247,No,69
3348,picroliv,picroliv,0.901044,No,7
3349,SCFA,SCFA,0.900424,No,33
3350,foretinib,foretinib,0.900072,No,31
3351,PSP,PSP,0.899488,No,122
3352,METVAN,METVAN,0.899154,No,6
3353,CDP,CDP,0.898844,No,96
3354,B12,B12,0.898752,No,84
3355,TRAP,TRAP,0.898726,No,105
3356,TSC,TSC,0.897772,No,54
3357,RO5126766,RO5126766,0.897700,No,6
3358,PSC,PSC,0.897580,No,78
3359,arecaidine,arecaidine,0.897488,No,7
3360,ornidazole,ornidazole,0.897476,No,17
3361,SAG,SAG,0.897467,No,69
3362,IgG,IgG,0.897089,No,59
3363,erlotinib,erlotinib,0.897079,No,67
3364,Sec,Sec,0.896670,No,52
3365,ADI-PEG20,ADI-PEG20,0.896609,No,21
3366,STA2,STA2,0.895865,No,21
3367,alphastatin,alphastatin,0.895165,No,6
3368,bean,bean,0.894952,No,42
3369,Ro11-3128,Ro11-3128,0.894822,No,5
3370,brivudine,brivudine,0.894595,No,8
3371,BCAA,BCAA,0.893731,No,70
3372,PP2,PP2,0.893125,No,103
3373,GRN163,GRN163,0.892040,No,8
3374,hydrocolloid,hydrocolloid,0.891472,Yes,4
3375,MPTP,MPTP,0.891416,No,111
3376,neurotoxin,neurotoxin,0.890571,No,34
3377,SB743921,SB743921,0.890480,No,10
3378,CUDC-305,CUDC-305,0.888860,No,8
3379,IPT,IPT,0.888809,No,36
3380,ascorbyl_esters,ascorbyl esters,0.888798,No,3
3381,resoquine,resoquine,0.887605,Yes,3
3382,PDI,PDI,0.887527,No,107
3383,MRA,MRA,0.887374,No,14
3384,PBF,PBF,0.887213,No,73
3385,cephalotaxine,cephalotaxine,0.886956,No,3
3386,RFP,RFP,0.886884,No,72
3387,norethisterone,norethisterone,0.886249,No,3
3388,Ca,Ca,0.885604,No,51
3389,decoquinate,decoquinate,0.885210,No,4
3390,ARRY-520,ARRY-520,0.884745,No,9
3391,BLZ945,BLZ945,0.884468,No,7
3392,TCR,TCR,0.883449,No,147
3393,PHA-767491,PHA-767491,0.882771,No,9
3394,AMPH-B,AMPH-B,0.882293,No,7
3395,GW2974,GW2974,0.881768,No,11
3396,melarsen_oxide,melarsen oxide,0.881453,Yes,3
3397,PBS-1086,PBS-1086,0.880539,No,4
3398,hepatitis_B_vaccine,hepatitis B vaccine,0.879599,No,5
3399,dihydro-5-azacytidine,dihydro-5-azacytidine,0.879437,No,6
3400,LY364947,LY364947,0.879110,No,11
3401,pirimiphos-methyl,pirimiphos-methyl,0.878569,Yes,6
3402,lepadiformine,lepadiformine,0.878319,No,2
3403,IDO,IDO,0.877180,No,121
3404,bioflorin,bioflorin,0.876529,No,4
3405,tesmilifene,tesmilifene,0.876343,No,7
3406,BO-1051,BO-1051,0.874941,No,5
3407,RAP,RAP,0.874260,No,96
3408,RX871024,RX871024,0.873669,No,4
3409,chlorproguanil,chlorproguanil,0.873357,Yes,5
3410,PCFT,PCFT,0.872797,No,66
3411,adrenomedullin,adrenomedullin,0.872793,No,138
3412,CEP-18770,CEP-18770,0.872597,No,6
3413,GX15-070,GX15-070,0.871908,No,27
3414,BZ,BZ,0.871180,No,1
3415,Rh2,Rh2,0.870937,No,91
3416,coma,coma,0.870492,No,69
3417,TDZD-8,TDZD-8,0.870469,No,11
3418,TEL,TEL,0.868474,No,69
3419,RG108,RG108,0.867373,No,18
3420,GnRH,GnRH,0.866688,No,252
3421,Inositol_trispyrophosphate,Inositol trispyrophosphate,0.865740,No,5
3422,tetramesyl-mannite,tetramesyl-mannite,0.865509,No,2
3423,polyribosylribitol_phosphate,polyribosylribitol phosphate,0.865384,No,5
3424,PGDH,PGDH,0.862955,No,70
3425,MSI,MSI,0.862339,No,120
3426,Ceftazidime-Avibactam,Ceftazidime-Avibactam,0.860863,No,3
3427,cGMP,cGMP,0.860293,No,84
3428,calcium_fluoride,calcium fluoride,0.859963,No,4
3429,Didox,Didox,0.858825,No,12
3430,D-carnitine,D-carnitine,0.858816,No,5
3431,melittin,melittin,0.858479,No,96
3432,methyldiazepinone,methyldiazepinone,0.857788,No,3
3433,tricarballylate,tricarballylate,0.857502,No,3
3434,glaucarubinone,glaucarubinone,0.856742,Yes,5
3435,HGFA,HGFA,0.856486,No,61
3436,CFH,CFH,0.855116,No,108
3437,D-met,D-met,0.854857,No,5
3438,MG132,MG132,0.852568,No,124
3439,Lin,Lin,0.852322,No,26
3440,PSCA,PSCA,0.851545,No,67
3441,ferroquine,ferroquine,0.851350,Yes,4
3442,BSP,BSP,0.849601,No,82
3443,placental_lactogen,placental lactogen,0.849278,No,76
3444,TG02,TG02,0.848864,No,9
3445,NVP-HSP990,NVP-HSP990,0.848653,No,5
3446,antimony_dimercaptosuccinate,antimony dimercaptosuccinate,0.847993,No,5
3447,aluminum_hydroxide,aluminum hydroxide,0.847596,No,4
3448,TBP,TBP,0.847384,No,130
3449,gp130,gp130,0.845662,No,124
3450,AMG_232,AMG 232,0.845184,No,8
3451,SSAO,SSAO,0.843613,No,81
3452,TPO,TPO,0.843232,No,133
3453,FAP,FAP,0.841438,No,133
3454,erythropoietin,erythropoietin,0.840854,No,194
3455,aminoquinolines,aminoquinolines,0.840298,No,5
3456,FAD,FAD,0.840165,No,35
3457,neovibsanin_B,neovibsanin B,0.839431,No,4
3458,MDR,MDR,0.839171,No,10
3459,AICAR,AICAR,0.839071,No,104
3460,LGK974,LGK974,0.839063,No,10
3461,EZN-2968,EZN-2968,0.838947,No,8
3462,AFA,AFA,0.838781,No,13
3463,NVP-BEP800,NVP-BEP800,0.838654,No,8
3464,POR,POR,0.838486,No,84
3465,P276-00,P276-00,0.836930,No,7
3466,CGP_56697,CGP 56697,0.836379,Yes,7
3467,adiponectin,adiponectin,0.835168,No,236
3468,Ca2,Ca2,0.835164,No,201
3469,Flutropium_bromide,Flutropium bromide,0.834411,No,1
3470,HECNU,HECNU,0.832467,No,5
3471,Staphylolysin,Staphylolysin,0.832311,No,3
3472,"2,4,6-trichlorophenol","2,4,6-trichlorophenol",0.831480,No,5
3473,PTB,PTB,0.830206,No,94
3474,bile_acid,bile acid,0.829996,No,122
3475,WR_33063,WR 33063,0.829260,No,4
3476,CHM,CHM,0.828778,No,79
3477,GGC,GGC,0.827454,No,55
3478,m-tyrosine,m-tyrosine,0.826444,No,5
3479,bradykinin,bradykinin,0.824531,No,215
3480,dimidin,dimidin,0.824004,No,0
3481,BKT140,BKT140,0.823942,No,14
3482,insulin,insulin,0.823398,No,534
3483,D-24851,D-24851,0.823157,No,5
3484,CRH,CRH,0.823035,No,167
3485,OTC,OTC,0.820688,No,82
3486,FMISO,FMISO,0.817734,No,17
3487,GSK343,GSK343,0.817653,No,8
3488,meta-chloridine,meta-chloridine,0.817331,Yes,0
3489,CTD,CTD,0.815152,No,64
3490,pyrroxan,pyrroxan,0.814823,No,5
3491,MRI,MRI,0.812007,No,91
3492,ovalbumin,ovalbumin,0.811463,No,95
3493,"L-2,4_diaminobutyric_acid","L-2,4 diaminobutyric acid",0.810136,No,5
3494,GPT,GPT,0.808342,No,70
3495,PLP,PLP,0.805927,No,83
3496,benzalkonium_chloride,benzalkonium chloride,0.805603,No,1
3497,JNJ-26854165,JNJ-26854165,0.805388,No,12
3498,carbodiimides,carbodiimides,0.805364,No,6
3499,epoxiconazole,epoxiconazole,0.804686,No,4
3500,brucellin,brucellin,0.804052,No,3
3501,SF6,SF6,0.803565,No,7
3502,prolactin,prolactin,0.802644,No,295
3503,longikaurin_A,longikaurin A,0.800365,No,6
3504,CFI,CFI,0.797872,No,61
3505,DHEAS,DHEAS,0.797166,No,120
3506,NBS,NBS,0.796283,No,40
3507,petroleum,petroleum,0.795506,No,4
3508,silver_carbonate,silver carbonate,0.794036,No,2
3509,FLAG,FLAG,0.793404,No,7
3510,KM-233,KM-233,0.793392,No,4
3511,GSK1838705A,GSK1838705A,0.790981,No,8
3512,INCB16562,INCB16562,0.790809,No,7
3513,ATX,ATX,0.790341,No,85
3514,N-tritylmorpholine,N-tritylmorpholine,0.790175,No,4
3515,TNM,TNM,0.789177,No,57
3516,GSK2334470,GSK2334470,0.787614,No,7
3517,CHOP,CHOP,0.787510,No,169
3518,diclofenamide,diclofenamide,0.786779,No,3
3519,DNT,DNT,0.785957,No,52
3520,Lycobetaine,Lycobetaine,0.785886,No,3
3521,menoctone,menoctone,0.785627,Yes,2
3522,NMO,NMO,0.784960,No,29
3523,methoxy,methoxy,0.784825,No,7
3524,SAP,SAP,0.783327,No,122
3525,scytonemin,scytonemin,0.782344,No,5
3526,substance_P,substance P,0.781560,No,169
3527,RPE,RPE,0.781537,No,261
3528,amopyroquin,amopyroquin,0.780688,Yes,1
3529,dehydrotestosterone,dehydrotestosterone,0.779646,No,3
3530,diosgenone,diosgenone,0.773908,Yes,0
3531,osteopontin,osteopontin,0.773650,No,97
3532,IgH,IgH,0.773482,No,62
3533,PPHP,PPHP,0.772074,No,12
3534,Cbl,Cbl,0.770624,No,139
3535,quinidine_bisulfate,quinidine bisulfate,0.770276,No,4
3536,DRA,DRA,0.768443,No,72
3537,7-epiclusianone,7-epiclusianone,0.768257,No,4
3538,sporotrichin,sporotrichin,0.767332,No,3
3539,dimetinur,dimetinur,0.765742,No,2
3540,EPO,EPO,0.762995,No,138
3541,166Ho-DOTMP,166Ho-DOTMP,0.762222,No,0
3542,flavonol,flavonol,0.761655,No,1
3543,myostatin,myostatin,0.755938,No,122
3544,thioxanthone,thioxanthone,0.754247,No,0
3545,TM1,TM1,0.753791,No,35
3546,GCAP,GCAP,0.752552,No,51
3547,AMI,AMI,0.749938,No,11
3548,ASM,ASM,0.749868,No,172
3549,tritium,tritium,0.746391,No,3
3550,TNFR_p55,TNFR p55,0.744975,No,18
3551,ON123300,ON123300,0.742815,No,4
3552,glutaconyl-CoA,glutaconyl-CoA,0.740702,No,5
3553,eupomatenoid-5,eupomatenoid-5,0.737921,No,0
3554,WP1193,WP1193,0.737395,No,4
3555,alpha_2-macroglobulin,alpha 2-macroglobulin,0.736914,No,102
3556,disophenol,disophenol,0.733013,No,2
3557,WR-151327,WR-151327,0.732991,No,3
3558,MK571,MK571,0.731009,No,7
3559,meglumine_antimonate,meglumine antimonate,0.729954,No,1
3560,GC_B,GC B,0.727412,No,74
3561,KAE609,KAE609,0.721378,Yes,2
3562,MAG,MAG,0.720991,No,78
3563,ACMP,ACMP,0.720571,No,3
3564,16-acetylgitoxin,16-acetylgitoxin,0.720379,No,2
3565,Th2,Th2,0.719289,No,105
3566,RHD,RHD,0.719104,No,69
3567,BN_52063,BN 52063,0.718616,No,5
3568,APCs,APCs,0.712858,No,107
3569,AAT,AAT,0.711721,No,152
3570,spiromustine,spiromustine,0.710166,No,3
3571,angiotensin_II,angiotensin II,0.705294,No,424
3572,CCNU,CCNU,0.704141,No,65
3573,NMS-E973,NMS-E973,0.702919,No,3
3574,ferrociphenol,ferrociphenol,0.701436,No,2
3575,9-deazainosine,9-deazainosine,0.699234,No,3
3576,CFSE,CFSE,0.697018,No,8
3577,GLA,GLA,0.694059,No,79
3578,picene,picene,0.691603,No,2
3579,neurotensin,neurotensin,0.690324,No,152
3580,adenosine_deaminase,adenosine deaminase,0.687122,No,88
3581,MR,MR,0.684513,No,84
3582,BeSO4,BeSO4,0.683133,No,5
3583,quinidine_phenylethylbarbiturate,quinidine phenylethylbarbiturate,0.683129,No,3
3584,beta-thromboglobulin,beta-thromboglobulin,0.682169,No,81
3585,LTP,LTP,0.679450,No,20
3586,MCO,MCO,0.675643,No,6
3587,paramethasone,paramethasone,0.674514,No,3
3588,NS-123,NS-123,0.673472,No,3
3589,CRP,CRP,0.670179,No,341
3590,GO-203,GO-203,0.669736,No,4
3591,IFN-gamma,IFN-gamma,0.668158,No,681
3592,cycloguanil_pamoate,cycloguanil pamoate,0.660488,Yes,3
3593,transferrin,transferrin,0.657153,No,218
3594,thioredoxin,thioredoxin,0.656430,No,174
3595,EPZ015666,EPZ015666,0.656008,No,5
3596,beta_2-adrenoceptor,beta 2-adrenoceptor,0.653349,No,66
3597,duocarmycin_SA,duocarmycin SA,0.652808,No,2
3598,IH,IH,0.652020,No,42
3599,2-hydroxybutyrate,2-hydroxybutyrate,0.651419,No,3
3600,enkephalin,enkephalin,0.649982,No,125
3601,NASH,NASH,0.649089,No,114
3602,PDH,PDH,0.648273,No,78
3603,metakelfin,metakelfin,0.647977,Yes,2
3604,AID,AID,0.647688,No,114
3605,MRK003,MRK003,0.647423,No,11
3606,C2H2,C2H2,0.644600,No,26
3607,BAL30072,BAL30072,0.643754,No,3
3608,ribonucleoside_diphosphate,ribonucleoside diphosphate,0.640141,No,3
3609,NPD,NPD,0.637082,No,3
3610,beta3-adrenoceptor,beta3-adrenoceptor,0.636859,No,54
3611,6-methyladenine,6-methyladenine,0.635684,No,3
3612,RCP,RCP,0.633814,No,57
3613,CIL-102,CIL-102,0.630188,No,4
3614,chotosan,chotosan,0.629926,No,3
3615,Th1,Th1,0.626792,No,162
3616,Pomiferin,Pomiferin,0.626399,No,5
3617,EDA,EDA,0.625247,No,105
3618,IDR-1018,IDR-1018,0.622593,No,2
3619,FMF,FMF,0.618160,No,132
3620,NVP-BSK805,NVP-BSK805,0.617800,No,6
3621,quinpirole,quinpirole,0.617557,No,3
3622,GAD,GAD,0.616038,No,90
3623,genipin,genipin,0.614391,No,39
3624,MMAB,MMAB,0.611868,No,37
3625,TMX,TMX,0.611518,No,38
3626,SPP,SPP,0.609399,No,44
3627,tetrahexylammonium,tetrahexylammonium,0.608970,No,0
3628,RANK-Fc,RANK-Fc,0.604723,No,5
3629,tentoxin,tentoxin,0.603101,No,5
3630,tolazoline,tolazoline,0.602597,No,1
3631,amylin,amylin,0.602318,No,109
3632,Allopurinol_riboside,Allopurinol riboside,0.601975,No,2
3633,chromomycin,chromomycin,0.599506,No,5
3634,SCH_28191,SCH 28191,0.598347,No,2
3635,SAR,SAR,0.593507,No,65
3636,prostasin,prostasin,0.589237,No,70
3637,IDE,IDE,0.588986,No,76
3638,tiagabine,tiagabine,0.585828,No,2
3639,PrP,PrP,0.582505,No,127
3640,podoplanin,podoplanin,0.579906,No,88
3641,KHS101,KHS101,0.579607,No,9
3642,Co-trimazine,Co-trimazine,0.574603,No,5
3643,ASAQ,ASAQ,0.572929,Yes,5
3644,sigetin,sigetin,0.570363,No,3
3645,MK,MK,0.570163,No,104
3646,tissue_plasminogen_activator,tissue plasminogen activator,0.568693,No,77
3647,cinchonidine,cinchonidine,0.565729,Yes,2
3648,TnT,TnT,0.563066,No,67
3649,eckol,eckol,0.561772,No,12
3650,naphthalene_diimide,naphthalene diimide,0.559001,No,3
3651,INS37217,INS37217,0.558124,No,6
3652,PACAP,PACAP,0.556040,No,117
3653,AChE,AChE,0.550974,No,316
3654,Prolyl,Prolyl,0.550738,No,5
3655,triheptanoin,triheptanoin,0.550179,No,2
3656,yatein,yatein,0.549259,No,2
3657,LAT,LAT,0.549044,No,88
3658,MLC,MLC,0.548914,No,128
3659,sex,sex,0.545595,No,54
3660,NNC_55-0396,NNC 55-0396,0.544730,No,5
3661,tert-amyl_alcohol,tert-amyl alcohol,0.543850,No,1
3662,ibotenic_acid,ibotenic acid,0.543797,No,1
3663,CAD,CAD,0.542984,No,109
3664,IMD,IMD,0.541135,No,65
3665,ST1926,ST1926,0.535788,No,25
3666,BET,BET,0.535704,No,89
3667,haptoglobin,haptoglobin,0.531976,No,93
3668,dolastatin_15,dolastatin 15,0.531916,No,4
3669,APG101,APG101,0.524910,No,4
3670,estragole,estragole,0.524554,No,1
3671,JNJ-10198409,JNJ-10198409,0.522290,No,2
3672,L-733560,L-733560,0.522231,No,3
3673,hycanthone_sulfamate,hycanthone sulfamate,0.521592,No,0
3674,HR,HR,0.519536,No,137
3675,DCX,DCX,0.519454,No,91
3676,MDM,MDM,0.519035,No,103
3677,Phenithionate,Phenithionate,0.517406,No,0
3678,LPL,LPL,0.514822,No,147
3679,osteocalcin,osteocalcin,0.513325,No,153
3680,MPL,MPL,0.512313,No,72
3681,C-peptide,C-peptide,0.507744,No,52
3682,SB-656933,SB-656933,0.507387,No,4
3683,AST,AST,0.506316,No,105
3684,HDAC,HDAC,0.504767,No,113
3685,pancreatic_polypeptide,pancreatic polypeptide,0.502858,No,83
3686,LAP,LAP,0.498997,No,93
3687,PDE4_inhibitors,PDE4 inhibitors,0.498596,No,5
3688,vitronectin,vitronectin,0.496423,No,105
3689,Denbinobin,Denbinobin,0.495060,No,14
3690,polidocanol,polidocanol,0.491431,No,1
3691,KIN-193,KIN-193,0.490985,No,4
3692,ibopamine,ibopamine,0.487228,No,2
3693,EED,EED,0.485663,No,56
3694,XPC,XPC,0.484140,No,108
3695,MOG,MOG,0.481987,No,68
3696,SCC,SCC,0.480356,No,86
3697,globularifolin,globularifolin,0.479713,No,2
3698,desethylamodiaquine,desethylamodiaquine,0.478080,Yes,3
3699,GPC,GPC,0.476681,No,7
3700,Plg,Plg,0.476315,No,68
3701,endrin,endrin,0.474920,Yes,8
3702,MGP,MGP,0.474485,No,81
3703,Pentaquine,Pentaquine,0.472463,Yes,1
3704,RDS,RDS,0.469882,No,91
3705,BIBF_1000,BIBF 1000,0.469131,No,2
3706,spirobromine,spirobromine,0.468557,No,2
3707,kallistatin,kallistatin,0.453281,No,4
3708,meglumine_gadoterate,meglumine gadoterate,0.450123,No,1
3709,Ro_42-1611,Ro 42-1611,0.445289,Yes,3
3710,cevimeline,cevimeline,0.441292,No,1
3711,Shanchol,Shanchol,0.441015,No,5
3712,JTP-70902,JTP-70902,0.436308,No,5
3713,mytatrienediol,mytatrienediol,0.433080,No,1
3714,allopregnanolone,allopregnanolone,0.431786,No,3
3715,Mos,Mos,0.429203,No,63
3716,quassinoid,quassinoid,0.426855,Yes,1
3717,Qualaquin,Qualaquin,0.425545,Yes,0
3718,brinzolamide,brinzolamide,0.421473,No,2
3719,bombesin,bombesin,0.417931,No,154
3720,11C-PK11195,11C-PK11195,0.416878,No,4
3721,co-amilozide,co-amilozide,0.416407,No,1
3722,HGD,HGD,0.413731,No,36
3723,MK-0991,MK-0991,0.412058,No,8
3724,benzamidoacetonitrile,benzamidoacetonitrile,0.408888,No,1
3725,monolysocardiolipin,monolysocardiolipin,0.406345,No,2
3726,GSK2256098,GSK2256098,0.405479,No,5
3727,renin,renin,0.402877,No,235
3728,alpha-sarcoglycan,alpha-sarcoglycan,0.401315,No,53
3729,FLT-monophosphate,FLT-monophosphate,0.401159,No,3
3730,J-508,J-508,0.399258,No,3
3731,VX-944,VX-944,0.398569,No,2
3732,SAHH,SAHH,0.398053,No,72
3733,crocin,crocin,0.396638,No,4
3734,PF-1355,PF-1355,0.395927,No,6
3735,GHRH,GHRH,0.394710,No,117
3736,CIN,CIN,0.390312,No,120
3737,Z-50,Z-50,0.386880,No,1
3738,ETFA,ETFA,0.386547,No,5
3739,nucleoside_phosphates,nucleoside phosphates,0.386500,No,2
3740,3-alpha-methyl-digitoxigenin_glucoside,3-alpha-methyl-digitoxigenin glucoside,0.383605,No,1
3741,E-4IB,E-4IB,0.383208,No,3
3742,lutecium,lutecium,0.373028,No,0
3743,QN254,QN254,0.372817,Yes,0
3744,E7010,E7010,0.372663,No,3
3745,tetraethyl_orthosilicate,tetraethyl orthosilicate,0.370725,No,1
3746,amocarzine,amocarzine,0.367350,No,2
3747,BML-275,BML-275,0.364881,No,5
3748,POSS,POSS,0.359405,No,4
3749,methemoglobin,methemoglobin,0.358238,No,91
3750,artelinic_acid,artelinic acid,0.350113,Yes,3
3751,iNOS,iNOS,0.348859,No,446
3752,lactoferrin,lactoferrin,0.348331,No,106
3753,PSMA,PSMA,0.342799,No,89
3754,G17,G17,0.337595,No,3
3755,cyclohexane,cyclohexane,0.337539,No,1
3756,canavanine,canavanine,0.334325,No,3
3757,TGR,TGR,0.332316,No,80
3758,EMT,EMT,0.328970,No,214
3759,ECM,ECM,0.324250,No,73
3760,ardipusilloside_III,ardipusilloside III,0.323522,No,1
3761,CAR,CAR,0.321045,No,135
3762,F30066,F30066,0.320792,No,2
3763,3-deazaneplanocin_A,3-deazaneplanocin A,0.318725,No,4
3764,ECP,ECP,0.313375,No,81
3765,CTMP,CTMP,0.312839,No,53
3766,LBT613,LBT613,0.310136,No,2
3767,3-deazaadenosine,3-deazaadenosine,0.309974,No,3
3768,resolvin_D1,resolvin D1,0.306891,No,3
3769,IFN-alpha,IFN-alpha,0.305952,No,215
3770,serglycin,serglycin,0.299658,No,45
3771,pHi,pHi,0.288978,No,106
3772,glycophorin_A,glycophorin A,0.288650,No,78
3773,estradiol_cypionate,estradiol cypionate,0.288080,No,2
3774,FG-4497,FG-4497,0.287419,No,2
3775,TIR-203,TIR-203,0.285780,No,6
3776,quinones,quinones,0.285307,No,2
3777,anfibatide,anfibatide,0.285123,No,1
3778,BAY_n7133,BAY n7133,0.282034,No,3
3779,TNF-alpha,TNF-alpha,0.273699,No,1165
3780,febrifugine,febrifugine,0.273459,Yes,1
3781,GAS-KO,GAS-KO,0.266135,No,3
3782,XPG,XPG,0.259964,No,78
3783,SM-4470,SM-4470,0.257460,No,1
3784,PEG-PLA,PEG-PLA,0.257104,No,5
3785,quinocide,quinocide,0.255086,Yes,2
3786,TOX,TOX,0.252901,No,54
3787,FSA,FSA,0.251768,No,2
3788,11-hydroxysteroids,11-hydroxysteroids,0.251567,No,2
3789,roxarsone,roxarsone,0.251043,No,1
3790,Gd-EOB-DTPA,Gd-EOB-DTPA,0.246202,No,3
3791,hCG,hCG,0.244037,No,120
3792,3G3,3G3,0.241723,No,2
3793,GCC,GCC,0.241456,No,64
3794,thrombin,thrombin,0.240865,No,333
3795,GBP,GBP,0.238152,No,62
3796,B7-H3_and_B7-H1,B7-H3 and B7-H1,0.236771,No,4
3797,H3,H3,0.233872,No,40
3798,beta_2-microglobulin,beta 2-microglobulin,0.226564,No,126
3799,cetirizine,cetirizine,0.223426,No,3
3800,methionine_sulfoxide,methionine sulfoxide,0.219242,No,2
3801,DCB,DCB,0.219058,No,1
3802,ceruloplasmin,ceruloplasmin,0.217614,No,114
3803,PUFA,PUFA,0.217128,No,79
3804,OGC,OGC,0.216986,No,21
3805,selenomethionine,selenomethionine,0.216795,No,1
3806,TNF-beta,TNF-beta,0.209396,No,88
3807,mononucleotide,mononucleotide,0.208555,No,3
3808,isoamyl_acetate,isoamyl acetate,0.208024,No,3
3809,TUB,TUB,0.206779,No,29
3810,MMV008138,MMV008138,0.204895,Yes,0
3811,MAX,MAX,0.203931,No,22
3812,MITOX,MITOX,0.203217,No,4
3813,RET,RET,0.201825,No,147
3814,mefloquine-sulfadoxine-pyrimethamine,mefloquine-sulfadoxine-pyrimethamine,0.200952,Yes,1
3815,hexanal,hexanal,0.199468,No,1
3816,scopolamine,scopolamine,0.199401,No,3
3817,ERW1227B,ERW1227B,0.197393,No,2
3818,PTEN,PTEN,0.195088,No,385
3819,GalNAc,GalNAc,0.194291,No,7
3820,OPN,OPN,0.193164,No,209
3821,uPA,uPA,0.192220,No,186
3822,pamaquine,pamaquine,0.191873,Yes,2
3823,"2-Methyl-thiazolidine-2,4-dicarboxylic_acid","2-Methyl-thiazolidine-2,4-dicarboxylic acid",0.191564,No,2
3824,cystatin_C,cystatin C,0.189715,No,119
3825,WR_30090,WR 30090,0.188400,Yes,1
3826,IL-5,IL-5,0.187919,No,129
3827,Anthiomaline,Anthiomaline,0.183276,No,1
3828,fibrinogen,fibrinogen,0.181954,No,170
3829,gastrin,gastrin,0.181075,No,195
3830,sulfonate,sulfonate,0.180570,No,2
3831,calcineurin_inhibitor,calcineurin inhibitor,0.180277,No,70
3832,adropin,adropin,0.176458,No,61
3833,GRN,GRN,0.174050,No,94
3834,pristanal,pristanal,0.173955,No,1
3835,perlecan,perlecan,0.172304,No,53
3836,NSC_338258,NSC 338258,0.167522,No,1
3837,PKM,PKM,0.163655,No,60
3838,SOD,SOD,0.163369,No,168
3839,BLU,BLU,0.158128,No,52
3840,esculetin,esculetin,0.156852,No,2
3841,ABC,ABC,0.156096,No,80
3842,thiolutin,thiolutin,0.155976,No,2
3843,MK-4815,MK-4815,0.152743,Yes,1
3844,Visaline,Visaline,0.151258,No,1
3845,UII,UII,0.150332,No,77
3846,NTE,NTE,0.149669,No,72
3847,PIF,PIF,0.149638,No,72
3848,SSB,SSB,0.146928,No,66
3849,NEO212,NEO212,0.145838,No,5
3850,coproporphyrinogen_oxidase,coproporphyrinogen oxidase,0.145514,No,53
3851,IgAN,IgAN,0.143896,No,91
3852,FR-900098,FR-900098,0.143170,No,2
3853,helianthin,helianthin,0.143044,No,2
3854,LVS,LVS,0.141448,No,8
3855,TNAP,TNAP,0.140423,No,77
3856,Gd-TPPS,Gd-TPPS,0.139454,No,1
3857,TAPS,TAPS,0.139375,Yes,3
3858,P10,P10,0.138499,No,73
3859,betamethasone_dipropionate,betamethasone dipropionate,0.135894,No,1
3860,TOM,TOM,0.133670,No,53
3861,AR,AR,0.132883,No,444
3862,sodium_bromide,sodium bromide,0.131861,No,1
3863,soluble_liver_antigen,soluble liver antigen,0.129801,No,25
3864,beta_2m,beta 2m,0.128285,No,66
3865,benzotrifluoride,benzotrifluoride,0.126599,No,0
3866,hepcidin,hepcidin,0.124402,No,121
3867,MBL,MBL,0.122445,No,113
3868,bruceine_A,bruceine A,0.122387,No,1
3869,BiP,BiP,0.121737,No,77
3870,LaF3,LaF3,0.121382,No,5
3871,eNOS,eNOS,0.121085,No,156
3872,gamma-glutamyl_transpeptidase,gamma-glutamyl transpeptidase,0.117290,No,103
3873,BX471,BX471,0.114629,No,2
3874,MxA,MxA,0.111783,No,83
3875,MPB-91,MPB-91,0.110265,No,2
3876,FAAH,FAAH,0.109829,No,99
3877,TSG,TSG,0.104636,No,80
3878,ruthenium-106,ruthenium-106,0.104074,No,1
3879,vinylidene,vinylidene,0.102976,No,1
3880,Plasmodium_sporozoite,Plasmodium sporozoite,0.099359,Yes,0
3881,ALDH,ALDH,0.096500,No,96
3882,STX,STX,0.094049,No,4
3883,Lobarstin,Lobarstin,0.093546,No,2
3884,aluminium_hydroxide,aluminium hydroxide,0.092897,No,1
3885,NXY-059,NXY-059,0.090616,No,1
3886,furin,furin,0.089402,No,93
3887,MADD,MADD,0.089389,No,95
3888,FOG,FOG,0.087838,No,65
3889,phthalate_esters,phthalate esters,0.087709,No,2
3890,SCYX-7158,SCYX-7158,0.087000,No,1
3891,S-antigen,S-antigen,0.086079,No,54
3892,tissue_kallikrein,tissue kallikrein,0.083847,No,41
3893,PDLLA,PDLLA,0.083328,No,1
3894,Nagilactone_C,Nagilactone C,0.080118,No,1
3895,BOR,BOR,0.079250,No,6
3896,SEW2871,SEW2871,0.078170,No,3
3897,FACS,FACS,0.077359,No,54
3898,CPI203,CPI203,0.075935,No,1
3899,LSD,LSD,0.074547,No,3
3900,PHTS,PHTS,0.074353,No,20
3901,LADA,LADA,0.073209,No,45
3902,cytoglobin,cytoglobin,0.069844,No,65
3903,Ruthenium_Red,Ruthenium Red,0.068827,No,1
3904,drebrin,drebrin,0.066565,No,54
3905,octasaccharides,octasaccharides,0.066447,No,1
3906,Tax,Tax,0.064964,No,116
3907,BDNF,BDNF,0.064816,No,395
3908,exotoxin_inhibitors,exotoxin inhibitors,0.064441,No,1
3909,lysozyme,lysozyme,0.064128,No,111
3910,S-sulpiride,S-sulpiride,0.063715,No,1
3911,PCB_153,PCB 153,0.063432,No,2
3912,NF115,NF115,0.062906,No,2
3913,ATM,ATM,0.062167,No,175
3914,thrombomodulin,thrombomodulin,0.062129,No,105
3915,nNOS,nNOS,0.060168,No,156
3916,TNF-a,TNF-a,0.059663,No,732
3917,adipsin,adipsin,0.059049,No,7
3918,titin,titin,0.058932,No,75
3919,DB829,DB829,0.058652,No,2
3920,BG9015,BG9015,0.058476,No,1
3921,cystatin_B,cystatin B,0.057979,No,68
3922,MEK,MEK,0.057364,No,153
3923,tTG,tTG,0.057051,No,105
3924,DCTD,DCTD,0.056436,No,41
3925,IFN-beta,IFN-beta,0.055093,No,209
3926,NSC_239851,NSC 239851,0.052283,No,1
3927,merulin_A,merulin A,0.051772,No,0
3928,BLM,BLM,0.051454,No,59
3929,Deacetylravidomycin_N-oxide,Deacetylravidomycin N-oxide,0.050802,No,0
3930,imidazotetrazine_prodrug,imidazotetrazine prodrug,0.050572,No,0
3931,GM-CSF,GM-CSF,0.049140,No,303
3932,LAR,LAR,0.049057,No,72
3933,PCNA,PCNA,0.049050,No,282
3934,1-octyne,1-octyne,0.048555,No,1
3935,iododiflunisal,iododiflunisal,0.047358,No,1
3936,SAa,SAa,0.046685,No,2
3937,ghrelin,ghrelin,0.045811,No,102
3938,BODIPY,BODIPY,0.045197,No,2
3939,HGF,HGF,0.044190,No,260
3940,FLG,FLG,0.044096,No,67
3941,Hochuekkito,Hochuekkito,0.043256,No,1
3942,IFN-gammaR,IFN-gammaR,0.043187,No,56
3943,"1-nitroso-5,6-dihydrouracil","1-nitroso-5,6-dihydrouracil",0.043077,No,1
3944,EDN,EDN,0.042192,No,60
3945,PLN,PLN,0.041967,No,67
3946,leptin,leptin,0.041268,No,225
3947,alpha_1-antichymotrypsin,alpha 1-antichymotrypsin,0.041018,No,82
3948,CGRP,CGRP,0.040838,No,222
3949,ACBP,ACBP,0.040517,No,71
3950,BET_bromodomain_inhibitors,BET bromodomain inhibitors,0.040515,No,0
3951,beta2,beta2,0.040492,No,102
3952,2-oxophytanic_acid,2-oxophytanic acid,0.040376,No,1
3953,CDR,CDR,0.039119,No,15
3954,RBM,RBM,0.038854,No,5
3955,MIF,MIF,0.038718,No,153
3956,MCPT,MCPT,0.037471,No,1
3957,L-asparaginase,L-asparaginase,0.036726,No,83
3958,ubiquitin,ubiquitin,0.035530,No,109
3959,podocalyxin,podocalyxin,0.035133,No,72
3960,RBP,RBP,0.033770,No,107
3961,benzyl,benzyl,0.033269,No,1
3962,PLVAP,PLVAP,0.033263,No,49
3963,JWH-018,JWH-018,0.033053,No,1
3964,CLU,CLU,0.032715,No,92
3965,GDNF,GDNF,0.032179,No,138
3966,VDR,VDR,0.030186,No,169
3967,Peru-15,Peru-15,0.029844,No,1
3968,CGP74588,CGP74588,0.029225,No,2
3969,MLP,MLP,0.029108,No,72
3970,COP,COP,0.028214,No,62
3971,epicalyxin_F,epicalyxin F,0.028214,No,1
3972,NGF,NGF,0.027909,No,199
3973,TAZ,TAZ,0.027704,No,100
3974,S2P,S2P,0.027690,No,31
3975,KPT-276,KPT-276,0.027547,No,1
3976,ICOS,ICOS,0.027403,No,66
3977,G6PD,G6PD,0.026702,No,164
3978,calreticulin,calreticulin,0.026335,No,113
3979,GW7845,GW7845,0.025696,No,4
3980,MT2-MMP,MT2-MMP,0.024918,No,48
3981,ANF,ANF,0.024327,No,139
3982,ARS,ARS,0.024148,No,50
3983,SPR,SPR,0.024106,No,71
3984,B10,B10,0.023426,No,52
3985,plasmin,plasmin,0.023207,No,128
3986,LDHA,LDHA,0.022693,No,94
3987,FSGS,FSGS,0.022566,No,124
3988,Neaumycin_B,Neaumycin B,0.022433,No,1
3989,B1R,B1R,0.022183,No,73
3990,"2,3,6-trimethyl-1,4-naphthoquinone","2,3,6-trimethyl-1,4-naphthoquinone",0.021777,No,1
3991,Peptichemio,Peptichemio,0.020913,No,0
3992,flap,flap,0.020637,No,81
3993,PI-PLC,PI-PLC,0.020255,No,87
3994,CTR,CTR,0.019155,No,84
3995,myoglobin,myoglobin,0.018209,No,103
3996,EPCR,EPCR,0.017990,No,75
3997,PE154,PE154,0.017762,No,1
3998,alpha-lactalbumin,alpha-lactalbumin,0.017743,No,75
3999,CRX,CRX,0.017616,No,83
4000,GHS-R,GHS-R,0.017318,No,67
4001,sodium_pyruvate,sodium pyruvate,0.017202,No,1
4002,LSH,LSH,0.016988,No,53
4003,RON,RON,0.016929,No,72
4004,CCK,CCK,0.016911,No,172
4005,preproenkephalin,preproenkephalin,0.016725,No,64
4006,XPD,XPD,0.016568,No,109
4007,azacrin,azacrin,0.016314,Yes,0
4008,GFAP,GFAP,0.015942,No,243
4009,SHBG,SHBG,0.015687,No,105
4010,beta-mannosidase,beta-mannosidase,0.015526,No,37
4011,"14,15-epoxygeranylgeraniol","14,15-epoxygeranylgeraniol",0.015464,No,0
4012,TARC,TARC,0.015105,No,84
4013,utrophin,utrophin,0.014919,No,57
4014,NPY,NPY,0.014666,No,167
4015,NPNT,NPNT,0.014495,No,30
4016,MKI67,MKI67,0.014412,No,51
4017,thioredoxin_reductase,thioredoxin reductase,0.013636,No,92
4018,ODC,ODC,0.012755,No,214
4019,G-CSF,G-CSF,0.012668,No,186
4020,NRL,NRL,0.012470,No,59
4021,CB2,CB2,0.012435,No,86
4022,LCAT,LCAT,0.011934,No,77
4023,CPK,CPK,0.011862,No,67
4024,AVSD,AVSD,0.011861,No,17
4025,ERG,ERG,0.011561,No,169
4026,beta-glucuronidase,beta-glucuronidase,0.011127,No,102
4027,IL-18,IL-18,0.011101,No,165
4028,CAGE,CAGE,0.010842,No,62
4029,ornithine_aminotransferase,ornithine aminotransferase,0.010754,No,34
4030,SCF,SCF,0.010463,No,172
4031,glutathione_reductase,glutathione reductase,0.010213,No,112
4032,ENL,ENL,0.010132,No,66
4033,beta-galactosidase,beta-galactosidase,0.010090,No,135
4034,PR,PR,0.010045,No,161
4035,FUS,FUS,0.009618,No,88
4036,diamine_oxidase,diamine oxidase,0.009502,No,90
4037,neuroserpin,neuroserpin,0.009502,No,65
4038,antithrombin_III,antithrombin III,0.009441,No,136
4039,canrenone,canrenone,0.008895,No,1
4040,GPI-PLD,GPI-PLD,0.008747,No,24
4041,TPR,TPR,0.008688,No,62
4042,ETFDH,ETFDH,0.008628,No,3
4043,Axin,Axin,0.008619,No,98
4044,TGF-beta,TGF-beta,0.008592,No,871
4045,ESBL,ESBL,0.008574,No,58
4046,PlGF,PlGF,0.008564,No,96
4047,LINC00052,LINC00052,0.008382,No,40
4048,PLTP,PLTP,0.008266,No,70
4049,BVR,BVR,0.008128,No,67
4050,ERa,ERa,0.008056,No,139
4051,LINC01116,LINC01116,0.008030,No,18
4052,GST,GST,0.007900,No,184
4053,SMO,SMO,0.007867,No,93
4054,CDX2-88,CDX2-88,0.007838,No,1
4055,HA-1-92,HA-1-92,0.007814,No,1
4056,protein_C,protein C,0.007785,No,80
4057,CBS,CBS,0.007734,No,82
4058,AFP,AFP,0.007631,No,198
4059,Mx2,Mx2,0.007626,No,53
4060,IL-6,IL-6,0.007528,No,1029
4061,SON,SON,0.007521,No,75
4062,TRAIL,TRAIL,0.007518,No,227
4063,s-thalidomide,s-thalidomide,0.007401,No,1
4064,NF-kappaB,NF-kappaB,0.007328,No,443
4065,ML-7,ML-7,0.007241,No,7
4066,LINC00339,LINC00339,0.007154,No,34
4067,b-CD,b-CD,0.007145,No,72
4068,betacellulin,betacellulin,0.007088,No,58
4069,NYX,NYX,0.006944,No,49
4070,NEMO,NEMO,0.006716,No,91
4071,GPIX,GPIX,0.006669,No,45
4072,IL-10,IL-10,0.006597,No,432
4073,ATR,ATR,0.006513,No,99
4074,Bid,Bid,0.006401,No,127
4075,transforming_growth_factor-beta_receptors_II_and_III,transforming growth factor-beta receptors II and III,0.006388,No,1
4076,GCNF,GCNF,0.006264,No,59
4077,ASL,ASL,0.006239,No,53
4078,MOZ,MOZ,0.006138,No,53
4079,LINC00675,LINC00675,0.006049,No,22
4080,decorin,decorin,0.006011,No,75
4081,HFE,HFE,0.006011,No,80
4082,FPPS,FPPS,0.005907,No,83
4083,FAME,FAME,0.005872,No,29
4084,LIF,LIF,0.005632,No,127
4085,alpha-synuclein,alpha-synuclein,0.005627,No,142
4086,DHFR,DHFR,0.005570,No,131
4087,WTAP,WTAP,0.005566,No,38
4088,IL-8,IL-8,0.005448,No,482
4089,TCTP,TCTP,0.005224,No,86
4090,IL-9,IL-9,0.005199,No,96
4091,ER,ER,0.005179,No,430
4092,T-6,T-6,0.005149,No,13
4093,HLA-A,HLA-A,0.005148,No,99
4094,synaptophysin,synaptophysin,0.005134,No,115
4095,cytochrome_c,cytochrome c,0.005017,No,215
4096,IL-3,IL-3,0.005007,No,128
4097,GNAQ,GNAQ,0.004735,No,78
4098,TFEB,TFEB,0.004731,No,73
4099,TSLP,TSLP,0.004722,No,97
4100,mucin,mucin,0.004707,No,121
4101,PORCN,PORCN,0.004660,No,50
4102,DM1,DM1,0.004593,No,76
4103,TLRs_3_and_5,TLRs 3 and 5,0.004591,No,2
4104,ASNS,ASNS,0.004589,No,63
4105,HLF,HLF,0.004544,No,65
4106,17beta-hydroxysteroid_dehydrogenase,17beta-hydroxysteroid dehydrogenase,0.004447,No,57
4107,biglycan,biglycan,0.004433,No,92
4108,IL-15,IL-15,0.004373,No,113
4109,gelsolin,gelsolin,0.004217,No,96
4110,CD4,CD4,0.004216,No,510
4111,MGMT,MGMT,0.004213,No,179
4112,chemerin,chemerin,0.004212,No,77
4113,APOE,APOE,0.004207,No,170
4114,HLA-DRA,HLA-DRA,0.004201,No,50
4115,trypanocides,trypanocides,0.004133,No,1
4116,CSL,CSL,0.004116,No,53
4117,Dpl,Dpl,0.003955,No,57
4118,GAPDH,GAPDH,0.003915,No,159
4119,IGF-I,IGF-I,0.003866,No,448
4120,HLA-C,HLA-C,0.003857,No,86
4121,LMNA,LMNA,0.003854,No,72
4122,PACT,PACT,0.003841,No,57
4123,STN,STN,0.003807,No,2
4124,vWF,vWF,0.003781,No,72
4125,DOR,DOR,0.003735,No,70
4126,P14,P14,0.003697,No,67
4127,protease_inhibitor,protease inhibitor,0.003664,No,44
4128,T-bet,T-bet,0.003631,No,90
4129,BHD,BHD,0.003548,No,2
4130,HRG,HRG,0.003527,No,71
4131,GPCR,GPCR,0.003507,No,71
4132,MOR,MOR,0.003506,No,99
4133,fMLP,fMLP,0.003490,No,127
4134,alpha-glucosidase,alpha-glucosidase,0.003463,No,83
4135,BID,BID,0.003456,No,2
4136,IFN-a,IFN-a,0.003443,No,140
4137,M-CSF,M-CSF,0.003381,No,130
4138,BAR,BAR,0.003357,No,20
4139,L-PK,L-PK,0.003344,No,66
4140,IL-2,IL-2,0.003321,No,434
4141,DR4,DR4,0.003250,No,96
4142,SLC26A4,SLC26A4,0.003239,No,79
4143,IL-4,IL-4,0.003233,No,386
4144,D2_dopamine_receptor,D2 dopamine receptor,0.003201,No,15
4145,TGF-b,TGF-b,0.003162,No,294
4146,CD80,CD80,0.003142,No,114
4147,PPARgamma,PPARgamma,0.003101,No,276
4148,IL-17,IL-17,0.003066,No,209
4149,adenosine_kinase,adenosine kinase,0.003027,No,72
4150,VWF,VWF,0.002966,No,142
4151,HASPA,HASPA,0.002958,No,1
4152,ELP,ELP,0.002952,No,72
4153,fibromodulin,fibromodulin,0.002905,No,69
4154,GNAS,GNAS,0.002890,No,95
4155,IL-33,IL-33,0.002874,No,128
4156,alpha-internexin,alpha-internexin,0.002871,No,72
4157,endocan,endocan,0.002867,No,71
4158,chromogranin_A,chromogranin A,0.002780,No,151
4159,C10,C10,0.002745,No,80
4160,TGF-alpha,TGF-alpha,0.002722,No,125
4161,gp120,gp120,0.002691,No,97
4162,WRN,WRN,0.002640,No,97
4163,COMT,COMT,0.002638,No,141
4164,BMP-2,BMP-2,0.002633,No,256
4165,DR3,DR3,0.002623,No,70
4166,IAP,IAP,0.002584,No,90
4167,EL2,EL2,0.002510,No,64
4168,TCR_alpha,TCR alpha,0.002480,No,62
4169,IL-13,IL-13,0.002474,No,179
4170,PDGF-D,PDGF-D,0.002460,No,53
4171,ALDOC,ALDOC,0.002457,No,35
4172,HLA-G,HLA-G,0.002442,No,104
4173,c-Met,c-Met,0.002367,No,190
4174,GTPCH,GTPCH,0.002355,No,65
4175,recoverin,recoverin,0.002347,No,80
4176,A1BG,A1BG,0.002344,No,55
4177,FTL,FTL,0.002317,No,55
4178,GnRHR,GnRHR,0.002271,No,80
4179,RMRP,RMRP,0.002260,No,43
4180,IL-1_alpha,IL-1 alpha,0.002222,No,96
4181,SIL,SIL,0.002175,No,56
4182,DARC,DARC,0.002135,No,72
4183,pIgR,pIgR,0.002104,No,72
4184,acrosin,acrosin,0.002089,No,73
4185,PEDF,PEDF,0.002079,No,88
4186,NSE,NSE,0.002068,No,123
4187,VEGF-C,VEGF-C,0.002050,No,114
4188,GEF,GEF,0.002039,No,95
4189,menin,menin,0.002037,No,69
4190,ERF,ERF,0.002021,No,59
4191,TLR6,TLR6,0.002021,No,59
4192,SLPI,SLPI,0.001991,No,82
4193,SV2,SV2,0.001969,No,72
4194,megalin,megalin,0.001928,No,85
4195,H-FABP,H-FABP,0.001917,No,80
4196,IGF-II,IGF-II,0.001910,No,174
4197,Bw54,Bw54,0.001900,No,13
4198,C1-INH,C1-INH,0.001899,No,61
4199,KRAS,KRAS,0.001879,No,223
4200,cone_transducin,cone transducin,0.001867,No,2
4201,XPA,XPA,0.001859,No,75
4202,HPRT,HPRT,0.001824,No,102
4203,PRCD,PRCD,0.001816,No,8
4204,CK-BB,CK-BB,0.001807,No,71
4205,Eosin_B,Eosin B,0.001805,No,1
4206,CIC,CIC,0.001797,No,55
4207,gp63,gp63,0.001792,No,45
4208,STAMP,STAMP,0.001788,No,10
4209,visfatin,visfatin,0.001753,No,114
4210,HLA-B,HLA-B,0.001752,No,96
4211,glucose-6-phosphate_dehydrogenase,glucose-6-phosphate dehydrogenase,0.001702,No,96
4212,FRK,FRK,0.001676,No,51
4213,DIAM_3,DIAM 3,0.001671,No,2
4214,neutrophil_elastase,neutrophil elastase,0.001670,No,122
4215,NFI,NFI,0.001642,No,62
4216,HSPG,HSPG,0.001637,No,83
4217,vinculin,vinculin,0.001609,No,91
4218,EWS,EWS,0.001602,No,75
4219,TLR2,TLR2,0.001592,No,167
4220,ferrochelatase,ferrochelatase,0.001548,No,77
4221,GALT,GALT,0.001528,No,65
4222,FIR,FIR,0.001525,No,47
4223,urocortin,urocortin,0.001520,No,70
4224,EGF,EGF,0.001506,No,265
4225,SAA2,SAA2,0.001498,No,51
4226,RAR,RAR,0.001481,No,115
4227,ShcC,ShcC,0.001478,No,47
4228,CRLR,CRLR,0.001477,No,68
4229,LAS,LAS,0.001469,No,1
4230,IL-25,IL-25,0.001456,No,71
4231,AT2,AT2,0.001454,No,81
4232,IgG1,IgG1,0.001450,No,84
4233,alphaB-crystallin,alphaB-crystallin,0.001440,No,71
4234,TTR,TTR,0.001386,No,117
4235,MVK,MVK,0.001385,No,63
4236,IL-31,IL-31,0.001375,No,74
4237,IL-12,IL-12,0.001374,No,62
4238,Bcl-xL,Bcl-xL,0.001372,No,203
4239,beta-actin,beta-actin,0.001361,No,87
4240,VEGF-D,VEGF-D,0.001361,No,78
4241,IL-27,IL-27,0.001360,No,80
4242,TTK,TTK,0.001351,No,71
4243,TLR4,TLR4,0.001351,No,340
4244,IL-1b,IL-1b,0.001346,No,737
4245,MS1,MS1,0.001343,No,61
4246,I-FABP,I-FABP,0.001336,No,73
4247,tricellulin,tricellulin,0.001335,No,57
4248,PPAR,PPAR,0.001286,No,166
4249,CCL21,CCL21,0.001285,No,72
4250,M-protein,M-protein,0.001285,No,60
4251,ILK,ILK,0.001285,No,119
4252,IL-17F,IL-17F,0.001275,No,87
4253,POF,POF,0.001255,No,39
4254,nephrin,nephrin,0.001253,No,90
4255,periostin,periostin,0.001243,No,107
4256,fibronectin,fibronectin,0.001233,No,362
4257,P-gp,P-gp,0.001232,No,666
4258,IL-7,IL-7,0.001219,No,104
4259,glutamine_synthetase,glutamine synthetase,0.001218,No,101
4260,NGFR,NGFR,0.001193,No,17
4261,CD24,CD24,0.001193,No,110
4262,HERG,HERG,0.001167,No,115
4263,GIPC,GIPC,0.001155,No,62
4264,Bim,Bim,0.001149,No,93
4265,sialyltransferase,sialyltransferase,0.001147,No,38
4266,Fab,Fab,0.001146,No,92
4267,PRLR,PRLR,0.001105,No,84
4268,IL-1,IL-1,0.001105,No,256
4269,TLR7,TLR7,0.001105,No,83
4270,TMEM39A,TMEM39A,0.001104,No,10
4271,HRAS,HRAS,0.001075,No,125
4272,CREB,CREB,0.001059,No,300
4273,GM-CSFR,GM-CSFR,0.001056,No,67
4274,GMPS,GMPS,0.001056,No,62
4275,TIMP-1-GPI,TIMP-1-GPI,0.001045,No,5
4276,AE1,AE1,0.001040,No,78
4277,biotinidase,biotinidase,0.001036,No,47
4278,HULC,HULC,0.001020,No,58
4279,PHD2,PHD2,0.001007,No,82
4280,MIR155HG,MIR155HG,0.001005,No,23
4281,COXIV,COXIV,0.001005,No,61
4282,M-1,M-1,0.001004,No,63
4283,TFPI,TFPI,0.001002,No,96
4284,IAPP,IAPP,0.000989,No,15
4285,Hlx,Hlx,0.000975,No,27
4286,elastin,elastin,0.000970,No,147
4287,HLA-F,HLA-F,0.000968,No,46
4288,KIT,KIT,0.000967,No,66
4289,oxidoreductase,oxidoreductase,0.000965,No,69
4290,PIGN,PIGN,0.000958,No,44
4291,LOX,LOX,0.000958,No,113
4292,TLR3,TLR3,0.000954,No,102
4293,BC200,BC200,0.000953,No,49
4294,CD38,CD38,0.000942,No,127
4295,noi,noi,0.000934,No,9
4296,elafin,elafin,0.000932,No,71
4297,scFv,scFv,0.000930,No,82
4298,frataxin,frataxin,0.000930,No,65
4299,IL-6R,IL-6R,0.000928,No,104
4300,superoxide_dismutase,superoxide dismutase,0.000916,No,4
4301,NR1,NR1,0.000903,No,85
4302,NLK,NLK,0.000896,No,66
4303,C5a,C5a,0.000893,No,101
4304,eotaxin,eotaxin,0.000890,No,106
4305,desmin,desmin,0.000883,No,137
4306,PRIP,PRIP,0.000862,No,49
4307,RMST,RMST,0.000857,No,14
4308,EREG,EREG,0.000853,No,59
4309,PEX10,PEX10,0.000838,No,36
4310,cathepsin_D,cathepsin D,0.000836,No,133
4311,CD59,CD59,0.000834,No,122
4312,RP2,RP2,0.000825,No,67
4313,TOR,TOR,0.000823,No,75
4314,CPAP,CPAP,0.000822,No,70
4315,caldesmon,caldesmon,0.000822,No,69
4316,lactase,lactase,0.000820,No,75
4317,protein_kinase_B,protein kinase B,0.000820,No,131
4318,TLR9,TLR9,0.000810,No,96
4319,PARP,PARP,0.000783,No,291
4320,MT2,MT2,0.000781,No,95
4321,aromatase,aromatase,0.000780,No,34
4322,RP1,RP1,0.000779,No,67
4323,cTnI,cTnI,0.000775,No,92
4324,TFAM,TFAM,0.000774,No,81
4325,CD10,CD10,0.000766,No,133
4326,preB,preB,0.000764,No,61
4327,CD30,CD30,0.000764,No,115
4328,IL-37,IL-37,0.000764,No,62
4329,IL-1ra,IL-1ra,0.000752,No,112
4330,CERT,CERT,0.000736,No,53
4331,HLA-E,HLA-E,0.000735,No,62
4332,FICD,FICD,0.000734,No,27
4333,Nam,Nam,0.000732,No,39
4334,B2R,B2R,0.000728,No,70
4335,cTnT,cTnT,0.000725,No,79
4336,c-kit,c-kit,0.000701,No,229
4337,FADD,FADD,0.000693,No,89
4338,SNRPN,SNRPN,0.000693,No,57
4339,S1P1_and_S1P3,S1P1 and S1P3,0.000688,No,22
4340,PERK,PERK,0.000686,No,116
4341,K12,K12,0.000685,No,53
4342,ZAK,ZAK,0.000684,No,65
4343,XT-I,XT-I,0.000678,No,51
4344,L-selectin,L-selectin,0.000676,No,116
4345,EP4,EP4,0.000673,No,74
4346,IgG3,IgG3,0.000667,No,84
4347,FLNA,FLNA,0.000664,No,103
4348,F-18,F-18,0.000660,No,67
4349,muscle-specific,muscle-specific,0.000660,No,41
4350,CD25,CD25,0.000652,No,189
4351,FAK,FAK,0.000652,No,241
4352,NTPDases_2_and_3,NTPDases 2 and 3,0.000647,No,1
4353,CD8,CD8,0.000642,No,243
4354,Hsc70,Hsc70,0.000640,No,115
4355,Cx40,Cx40,0.000638,No,77
4356,CCR1,CCR1,0.000638,No,89
4357,CCL20,CCL20,0.000636,No,109
4358,MMP-28,MMP-28,0.000633,No,55
4359,HHIP,HHIP,0.000627,No,48
4360,SR-BI,SR-BI,0.000623,No,81
4361,CD15,CD15,0.000618,No,87
4362,S100,S100,0.000616,No,64
4363,BTK,BTK,0.000614,No,91
4364,CD3epsilon,CD3epsilon,0.000609,No,53
4365,TLR5,TLR5,0.000609,No,76
4366,OSMR,OSMR,0.000608,No,54
4367,LRP,LRP,0.000607,No,113
4368,DGK,DGK,0.000606,No,73
4369,KHK,KHK,0.000606,No,39
4370,heat_shock_protein,heat shock protein,0.000604,No,70
4371,MX2,MX2,0.000602,No,66
4372,IL12B,IL12B,0.000599,No,66
4373,CD138,CD138,0.000598,No,98
4374,CT-322,CT-322,0.000594,No,23
4375,IL-32,IL-32,0.000592,No,73
4376,CD53,CD53,0.000592,No,71
4377,Drosomycin,Drosomycin,0.000592,No,40
4378,CS1,CS1,0.000592,No,74
4379,GluR2,GluR2,0.000580,No,85
4380,gp70,gp70,0.000577,No,69
4381,XOR,XOR,0.000575,No,77
4382,CNTF,CNTF,0.000573,No,93
4383,Ro52,Ro52,0.000570,No,78
4384,Sri,Sri,0.000563,No,76
4385,JNK,JNK,0.000562,No,381
4386,NK2_receptor,NK2 receptor,0.000560,No,43
4387,GALC,GALC,0.000556,No,60
4388,CD68,CD68,0.000543,No,158
4389,c-fms,c-fms,0.000542,No,99
4390,EGFR,EGFR,0.000539,No,814
4391,ShcD,ShcD,0.000538,No,40
4392,hnRNP_M,hnRNP M,0.000538,No,52
4393,mDC,mDC,0.000538,No,68
4394,Mnk1,Mnk1,0.000536,No,60
4395,BART,BART,0.000534,No,48
4396,RPGR,RPGR,0.000533,No,70
4397,RAGE,RAGE,0.000532,No,117
4398,AIRE,AIRE,0.000532,No,69
4399,CD21,CD21,0.000531,No,90
4400,HGPRT,HGPRT,0.000530,No,11
4401,LRF,LRF,0.000526,No,67
4402,SREBP,SREBP,0.000524,No,69
4403,filamin,filamin,0.000522,No,83
4404,BSEP,BSEP,0.000522,No,74
4405,IL-24,IL-24,0.000520,No,87
4406,MMP-2,MMP-2,0.000520,No,385
4407,Ngb,Ngb,0.000516,No,75
4408,CD79a,CD79a,0.000513,No,80
4409,neuraminidase,neuraminidase,0.000510,No,101
4410,Plk1,Plk1,0.000504,No,159
4411,AIM2,AIM2,0.000503,No,71
4412,cathepsin_B,cathepsin B,0.000502,No,143
4413,b-catenin,b-catenin,0.000501,No,560
4414,p53,p53,0.000499,No,1404
4415,MTA2,MTA2,0.000497,No,59
4416,C-8,C-8,0.000494,No,79
4417,bFGF,bFGF,0.000492,No,381
4418,VIII,VIII,0.000488,No,85
4419,ST2,ST2,0.000487,No,70
4420,CD52,CD52,0.000486,No,67
4421,gp96,gp96,0.000486,No,64
4422,AHNAK,AHNAK,0.000484,No,57
4423,PDGF-B,PDGF-B,0.000479,No,104
4424,IL-1Ra,IL-1Ra,0.000479,No,68
4425,CD14,CD14,0.000478,No,171
4426,NMT,NMT,0.000476,No,66
4427,cholinesterase,cholinesterase,0.000475,No,132
4428,factor_Xa,factor Xa,0.000473,No,98
4429,H2AX,H2AX,0.000472,No,87
4430,GRHPR,GRHPR,0.000469,No,48
4431,L-ficolin,L-ficolin,0.000460,No,68
4432,NIS,NIS,0.000459,No,72
4433,CD70,CD70,0.000457,No,67
4434,KIR,KIR,0.000455,No,80
4435,trehalase,trehalase,0.000448,No,58
4436,Sp3,Sp3,0.000445,No,72
4437,MMP-8,MMP-8,0.000444,No,80
4438,tyrosine_kinase,tyrosine kinase,0.000444,No,80
4439,C3b,C3b,0.000441,No,59
4440,GRPR,GRPR,0.000438,No,83
4441,factor_V_Leiden,factor V Leiden,0.000438,No,71
4442,CEAP,CEAP,0.000436,No,33
4443,CD18,CD18,0.000435,No,101
4444,HDGF,HDGF,0.000434,No,81
4445,HRK,HRK,0.000434,No,58
4446,PP6,PP6,0.000433,No,46
4447,CD34,CD34,0.000433,No,281
4448,CD20,CD20,0.000431,No,130
4449,laminin_B1,laminin B1,0.000431,No,43
4450,histidase,histidase,0.000430,No,31
4451,BMP-7,BMP-7,0.000428,No,104
4452,COUP-TFII,COUP-TFII,0.000428,No,84
4453,TRADD,TRADD,0.000427,No,56
4454,Dicer,Dicer,0.000427,No,78
4455,CCM3,CCM3,0.000426,No,62
4456,granzyme_B,granzyme B,0.000424,No,88
4457,AhR,AhR,0.000424,No,240
4458,EG-VEGF,EG-VEGF,0.000422,No,68
4459,GB1,GB1,0.000419,No,62
4460,Sm-C,Sm-C,0.000415,No,30
4461,mast_cell_tryptase,mast cell tryptase,0.000414,No,55
4462,Nrf2,Nrf2,0.000412,No,333
4463,band_3,band 3,0.000408,No,6
4464,CFTR,CFTR,0.000407,No,204
4465,PR3,PR3,0.000405,No,98
4466,CaF2,CaF2,0.000405,No,39
4467,PHGDH,PHGDH,0.000404,No,18
4468,p16,p16,0.000404,No,344
4469,CA1,CA1,0.000402,No,222
4470,G-CSFR,G-CSFR,0.000396,No,68
4471,ILKAP,ILKAP,0.000396,No,37
4472,IgA1,IgA1,0.000395,No,75
4473,PDGF-A,PDGF-A,0.000392,No,88
4474,sulfatase,sulfatase,0.000392,No,66
4475,5-HT3_receptor,5-HT3 receptor,0.000389,No,52
4476,PC3,PC3,0.000387,No,155
4477,cyclin_A,cyclin A,0.000387,No,125
4478,Nestin,Nestin,0.000386,No,90
4479,Bax,Bax,0.000386,No,423
4480,CK17,CK17,0.000385,No,62
4481,CCR4,CCR4,0.000385,No,88
4482,MAO-B,MAO-B,0.000384,No,114
4483,IL-28,IL-28,0.000384,No,30
4484,RhoA,RhoA,0.000382,No,255
4485,CTGF,CTGF,0.000382,No,182
4486,M1_and_T1,M1 and T1,0.000382,No,15
4487,FASN,FASN,0.000376,No,98
4488,gp100,gp100,0.000376,No,72
4489,BCR-ABL,BCR-ABL,0.000376,No,158
4490,CCR10,CCR10,0.000376,No,56
4491,MMP-9,MMP-9,0.000373,No,460
4492,CD40L,CD40L,0.000373,No,115
4493,ENO3,ENO3,0.000372,No,37
4494,MMP-7,MMP-7,0.000371,No,105
4495,DNA-PK,DNA-PK,0.000371,No,115
4496,N-cadherin,N-cadherin,0.000369,No,133
4497,NCKX,NCKX,0.000367,No,22
4498,LRBA,LRBA,0.000365,No,53
4499,cofilin,cofilin,0.000365,No,110
4500,Wnt4,Wnt4,0.000362,No,8
4501,MAGL,MAGL,0.000361,No,80
4502,CART,CART,0.000361,No,79
4503,Pokemon,Pokemon,0.000357,No,68
4504,SN1,SN1,0.000357,No,62
4505,PD-L2,PD-L2,0.000357,No,63
4506,ROR,ROR,0.000355,No,70
4507,mEH,mEH,0.000353,No,70
4508,CD42b,CD42b,0.000352,No,79
4509,Bcl-2,Bcl-2,0.000349,No,690
4510,CTCL,CTCL,0.000348,No,76
4511,C9orf72,C9orf72,0.000348,No,60
4512,mesothelin,mesothelin,0.000348,No,72
4513,JWA,JWA,0.000347,No,68
4514,Tb4,Tb4,0.000346,No,67
4515,Tie2,Tie2,0.000345,No,95
4516,granzyme_H,granzyme H,0.000345,No,43
4517,NgR,NgR,0.000344,No,67
4518,A20,A20,0.000344,No,85
4519,CD31,CD31,0.000344,No,141
4520,HESL,HESL,0.000343,No,14
4521,NGAL,NGAL,0.000342,No,102
4522,AMACR,AMACR,0.000342,No,65
4523,MP1,MP1,0.000342,No,57
4524,EpCAM,EpCAM,0.000340,No,108
4525,IL-11,IL-11,0.000340,No,97
4526,SETX,SETX,0.000339,No,56
4527,C2orf71,C2orf71,0.000338,No,33
4528,tenascin,tenascin,0.000336,No,106
4529,MMP-13,MMP-13,0.000336,No,137
4530,Prx,Prx,0.000334,No,67
4531,14-3-3sigma,14-3-3sigma,0.000334,No,65
4532,IP-10,IP-10,0.000333,No,133
4533,MIP-1beta,MIP-1beta,0.000333,No,102
4534,PrRP,PrRP,0.000331,No,67
4535,V13,V13,0.000331,No,7
4536,CCR3,CCR3,0.000331,No,89
4537,E-cadherin,E-cadherin,0.000329,No,474
4538,TGF-b1,TGF-b1,0.000325,No,236
4539,TGF-b3,TGF-b3,0.000325,No,82
4540,11beta-HSD2,11beta-HSD2,0.000325,No,75
4541,E-selectin,E-selectin,0.000323,No,111
4542,catalase,catalase,0.000321,No,239
4543,Lao,Lao,0.000321,No,66
4544,L1CAM,L1CAM,0.000319,No,88
4545,nucleolin,nucleolin,0.000315,No,107
4546,Eag1,Eag1,0.000314,No,72
4547,pyrin,pyrin,0.000313,No,36
4548,H-ras,H-ras,0.000311,No,66
4549,HK2,HK2,0.000310,No,105
4550,vaspin,vaspin,0.000309,No,67
4551,EC-SOD,EC-SOD,0.000306,No,83
4552,TRAF6,TRAF6,0.000306,No,127
4553,heparanase,heparanase,0.000306,No,81
4554,ICAT,ICAT,0.000304,No,64
4555,IL-10R,IL-10R,0.000301,No,63
4556,ChM-I,ChM-I,0.000301,No,56
4557,C/EBPbeta,C/EBPbeta,0.000300,No,140
4558,TGF-b2,TGF-b2,0.000300,No,38
4559,CCR6,CCR6,0.000298,No,71
4560,MIP-1alpha,MIP-1alpha,0.000295,No,131
4561,p150,p150,0.000295,No,79
4562,Flk-1,Flk-1,0.000294,No,75
4563,CK3,CK3,0.000294,No,59
4564,cathepsin_G,cathepsin G,0.000293,No,76
4565,PTRF,PTRF,0.000291,No,56
4566,HSP70,HSP70,0.000290,No,281
4567,Ku80,Ku80,0.000288,No,79
4568,UGT1A1,UGT1A1,0.000288,No,90
4569,TOPK,TOPK,0.000286,No,71
4570,Sp100,Sp100,0.000283,No,49
4571,IRS-2,IRS-2,0.000282,No,90
4572,TBXA2R,TBXA2R,0.000282,No,65
4573,GRP75,GRP75,0.000280,No,65
4574,Rheb,Rheb,0.000280,No,15
4575,C-4,C-4,0.000279,No,90
4576,CapG,CapG,0.000277,No,59
4577,Egr-1,Egr-1,0.000276,No,217
4578,DSPP,DSPP,0.000275,No,84
4579,B2m,B2m,0.000275,No,24
4580,c-fos,c-fos,0.000275,No,393
4581,FcgammaRIIB,FcgammaRIIB,0.000274,No,67
4582,ANC-1,ANC-1,0.000271,No,6
4583,sigma-1_receptor,sigma-1 receptor,0.000270,No,67
4584,FTH1,FTH1,0.000270,No,63
4585,4-1BB,4-1BB,0.000267,No,75
4586,S100A9,S100A9,0.000267,No,89
4587,RhoH,RhoH,0.000267,No,57
4588,C-1,C-1,0.000267,No,77
4589,ADRP,ADRP,0.000267,No,77
4590,Aurora_kinases_A_and_B,Aurora kinases A and B,0.000266,No,34
4591,C1q,C1q,0.000264,No,110
4592,PDGFR,PDGFR,0.000264,No,145
4593,TP1,TP1,0.000261,No,62
4594,M-ficolin,M-ficolin,0.000260,No,56
4595,beta/A4,beta/A4,0.000258,No,34
4596,C-6,C-6,0.000258,No,94
4597,plectin,plectin,0.000258,No,63
4598,hCG_beta,hCG beta,0.000257,No,66
4599,g-1,g-1,0.000254,No,72
4600,MMP-3,MMP-3,0.000253,No,128
4601,cathepsin_L,cathepsin L,0.000252,No,92
4602,MRF,MRF,0.000252,No,50
4603,TGF-beta2,TGF-beta2,0.000252,No,147
4604,separase,separase,0.000251,No,65
4605,PDGFRA,PDGFRA,0.000250,No,115
4606,IRP,IRP,0.000250,No,74
4607,IRBP,IRBP,0.000250,No,76
4608,CYP2D6,CYP2D6,0.000250,No,187
4609,NF-kB,NF-kB,0.000249,No,129
4610,SR-A,SR-A,0.000248,No,73
4611,annexin_V,annexin V,0.000248,No,126
4612,APRIL,APRIL,0.000248,No,58
4613,CAIX,CAIX,0.000247,No,125
4614,H-2,H-2,0.000246,No,78
4615,TB10,TB10,0.000246,No,48
4616,SREBP-1c,SREBP-1c,0.000245,No,120
4617,PI3K,PI3K,0.000243,No,337
4618,PLS3,PLS3,0.000243,No,4
4619,PER2,PER2,0.000242,No,92
4620,CYP17,CYP17,0.000242,No,97
4621,CD7,CD7,0.000241,No,85
4622,MCM-3,MCM-3,0.000241,No,5
4623,GART,GART,0.000239,No,60
4624,FosB,FosB,0.000238,No,88
4625,CD146,CD146,0.000237,No,86
4626,HOXA,HOXA,0.000237,No,52
4627,CK1,CK1,0.000237,No,99
4628,GPR7,GPR7,0.000235,No,1
4629,MTH1,MTH1,0.000232,No,67
4630,AQP4,AQP4,0.000231,No,113
4631,TK1,TK1,0.000231,No,76
4632,APTX,APTX,0.000230,No,53
4633,DINE,DINE,0.000229,No,30
4634,CYLD,CYLD,0.000229,No,77
4635,FasL,FasL,0.000229,No,165
4636,legumain,legumain,0.000227,No,16
4637,VEGF,VEGF,0.000227,No,1082
4638,p62,p62,0.000226,No,125
4639,PSAP,PSAP,0.000224,No,63
4640,CYP1A2,CYP1A2,0.000224,No,169
4641,AS1,AS1,0.000224,No,52
4642,CypA,CypA,0.000222,No,93
4643,TfR2,TfR2,0.000222,No,62
4644,dUTPase,dUTPase,0.000222,No,60
4645,CD23,CD23,0.000221,No,86
4646,CD11b,CD11b,0.000221,No,200
4647,RD1,RD1,0.000220,No,64
4648,CD28,CD28,0.000219,No,95
4649,HIF-1a,HIF-1a,0.000219,No,637
4650,HRB,HRB,0.000218,No,43
4651,CD1a,CD1a,0.000218,No,79
4652,vimentin,vimentin,0.000217,No,278
4653,CD99,CD99,0.000216,No,87
4654,RKIP,RKIP,0.000216,No,87
4655,TSP-1,TSP-1,0.000215,No,161
4656,CD44,CD44,0.000215,No,256
4657,MK2,MK2,0.000214,No,79
4658,cytochrome_b,cytochrome b,0.000214,No,77
4659,cyclin_F,cyclin F,0.000214,No,52
4660,CAST,CAST,0.000212,No,75
4661,TIF2,TIF2,0.000211,No,72
4662,CypD,CypD,0.000211,No,70
4663,p120,p120,0.000210,No,81
4664,pN1,pN1,0.000210,No,74
4665,LRRC10,LRRC10,0.000210,No,8
4666,S-100,S-100,0.000208,No,110
4667,TRPA1,TRPA1,0.000208,No,105
4668,LTBP-3,LTBP-3,0.000207,No,13
4669,TGase,TGase,0.000206,No,91
4670,DREAM,DREAM,0.000206,No,73
4671,CCL22,CCL22,0.000205,No,87
4672,DDR2,DDR2,0.000205,No,66
4673,GILT,GILT,0.000204,No,56
4674,myocardin,myocardin,0.000203,No,69
4675,THP-1,THP-1,0.000203,No,166
4676,mitoNEET,mitoNEET,0.000202,No,59
4677,CP2,CP2,0.000202,No,28
4678,TIM-4,TIM-4,0.000202,No,53
4679,SCAI,SCAI,0.000202,No,47
4680,A2BAR,A2BAR,0.000202,No,64
4681,TIMP-1,TIMP-1,0.000201,No,180
4682,MetRS,MetRS,0.000200,No,58
4683,Wnt1,Wnt1,0.000200,No,103
4684,JAM-C,JAM-C,0.000200,No,53
4685,OCRL,OCRL,0.000198,No,64
4686,chordin,chordin,0.000198,No,53
4687,SAP102,SAP102,0.000198,No,51
4688,DPP-4,DPP-4,0.000197,No,150
4689,PLP2,PLP2,0.000196,No,38
4690,iRGD,iRGD,0.000194,No,9
4691,Reg_IV,Reg IV,0.000192,No,17
4692,Numb,Numb,0.000191,No,83
4693,RIF-1,RIF-1,0.000191,No,53
4694,Tinagl1,Tinagl1,0.000191,No,27
4695,COX-2,COX-2,0.000191,No,599
4696,IL-4R,IL-4R,0.000191,No,94
4697,PHF20,PHF20,0.000190,No,48
4698,TRP-1,TRP-1,0.000189,No,85
4699,itch,itch,0.000189,No,82
4700,IL-21R,IL-21R,0.000189,No,54
4701,PAI-2,PAI-2,0.000188,No,80
4702,LEPR,LEPR,0.000188,No,81
4703,GRP78,GRP78,0.000188,No,204
4704,apoA-I,apoA-I,0.000187,No,182
4705,p185,p185,0.000186,No,51
4706,CCR8,CCR8,0.000186,No,65
4707,AGPS,AGPS,0.000186,No,38
4708,p190RhoGAP,p190RhoGAP,0.000185,No,69
4709,rhodopsin,rhodopsin,0.000184,No,183
4710,MDM2,MDM2,0.000183,No,224
4711,PYGM,PYGM,0.000183,No,51
4712,OPRT,OPRT,0.000183,No,66
4713,FGF-1,FGF-1,0.000182,No,111
4714,CD27,CD27,0.000182,No,71
4715,glucokinase,glucokinase,0.000182,No,119
4716,UNC119,UNC119,0.000181,No,44
4717,CEP290,CEP290,0.000181,No,57
4718,Akt,Akt,0.000180,No,890
4719,S100A8,S100A8,0.000180,No,94
4720,TRP-2,TRP-2,0.000179,No,75
4721,CypB,CypB,0.000179,No,64
4722,PEA15,PEA15,0.000179,No,46
4723,Src,Src,0.000178,No,282
4724,PHF19,PHF19,0.000178,No,43
4725,Herp,Herp,0.000178,No,69
4726,NeuN,NeuN,0.000178,No,86
4727,AC8,AC8,0.000177,No,54
4728,S-1,S-1,0.000177,No,74
4729,BBS2,BBS2,0.000177,No,52
4730,MDR1,MDR1,0.000176,No,100
4731,TEM-1,TEM-1,0.000176,No,69
4732,NF2,NF2,0.000175,No,102
4733,TGF-beta1,TGF-beta1,0.000175,No,71
4734,GNPAT,GNPAT,0.000174,No,47
4735,hTERT,hTERT,0.000174,No,207
4736,Msx2,Msx2,0.000173,No,83
4737,USP9X,USP9X,0.000173,No,59
4738,BHLHA9,BHLHA9,0.000172,No,17
4739,IGFBP-5,IGFBP-5,0.000172,No,85
4740,Flt3L,Flt3L,0.000171,No,64
4741,fetuin-A,fetuin-A,0.000171,No,76
4742,BCRP,BCRP,0.000171,No,109
4743,IGFBP-6,IGFBP-6,0.000171,No,78
4744,MCP-3,MCP-3,0.000169,No,72
4745,p37,p37,0.000169,No,3
4746,MMP16,MMP16,0.000169,No,59
4747,LPA1,LPA1,0.000169,No,75
4748,C1INH,C1INH,0.000169,No,75
4749,p57,p57,0.000168,No,97
4750,miR-3653,miR-3653,0.000168,No,10
4751,CD57,CD57,0.000168,No,93
4752,Hhat,Hhat,0.000168,No,35
4753,Ron,Ron,0.000167,No,57
4754,P311,P311,0.000167,No,52
4755,RhoB,RhoB,0.000167,No,83
4756,IA-2beta,IA-2beta,0.000166,No,55
4757,INF-alpha,INF-alpha,0.000165,No,56
4758,RdCVF,RdCVF,0.000165,No,32
4759,TGFBR2,TGFBR2,0.000165,No,107
4760,TrkB,TrkB,0.000165,No,116
4761,ET-1,ET-1,0.000164,No,315
4762,IGFBP-1,IGFBP-1,0.000164,No,92
4763,Abeta,Abeta,0.000164,No,10
4764,Sgs1,Sgs1,0.000164,No,51
4765,B7-H6,B7-H6,0.000164,No,33
4766,PAR-2,PAR-2,0.000164,No,93
4767,CB1,CB1,0.000163,No,123
4768,GAP-43,GAP-43,0.000163,No,97
4769,CD51,CD51,0.000163,No,61
4770,TWEAK,TWEAK,0.000162,No,83
4771,ARHGAP26,ARHGAP26,0.000161,No,2
4772,chymase,chymase,0.000161,No,76
4773,GARP,GARP,0.000161,No,53
4774,S100B,S100B,0.000161,No,149
4775,TFF1,TFF1,0.000160,No,77
4776,FPR1,FPR1,0.000160,No,58
4777,p65,p65,0.000160,No,246
4778,GDF15,GDF15,0.000160,No,107
4779,EB1,EB1,0.000160,No,72
4780,TOPORS,TOPORS,0.000159,No,49
4781,GCase,GCase,0.000159,No,64
4782,EpoR,EpoR,0.000158,No,102
4783,Axl,Axl,0.000157,No,113
4784,CORT,CORT,0.000157,No,71
4785,MMP-1,MMP-1,0.000157,No,181
4786,Raf-1,Raf-1,0.000156,No,163
4787,PON2,PON2,0.000156,No,75
4788,NKG2D,NKG2D,0.000156,No,100
4789,PI-6,PI-6,0.000156,No,46
4790,CDK7,CDK7,0.000156,No,73
4791,CD49b,CD49b,0.000156,No,73
4792,ICAM-2,ICAM-2,0.000155,No,58
4793,BMP9,BMP9,0.000155,No,78
4794,DRD1,DRD1,0.000155,No,80
4795,IGF-1R,IGF-1R,0.000155,No,244
4796,SP-A2,SP-A2,0.000155,No,13
4797,CD64,CD64,0.000155,No,82
4798,SRIF,SRIF,0.000155,No,74
4799,GLP-1,GLP-1,0.000155,No,167
4800,MIP-2,MIP-2,0.000155,No,89
4801,CA125,CA125,0.000154,No,113
4802,mTOR,mTOR,0.000154,No,409
4803,CD163,CD163,0.000153,No,99
4804,PS1,PS1,0.000153,No,94
4805,BORIS,BORIS,0.000153,No,54
4806,ADAM17,ADAM17,0.000153,No,121
4807,BRIP1,BRIP1,0.000153,No,15
4808,Mcl-1,Mcl-1,0.000153,No,162
4809,SOX1,SOX1,0.000153,No,55
4810,MYCN,MYCN,0.000152,No,121
4811,TIMP-3,TIMP-3,0.000151,No,106
4812,BAFF,BAFF,0.000151,No,105
4813,PTPN22,PTPN22,0.000151,No,80
4814,HOTAIR,HOTAIR,0.000151,No,107
4815,UCP2,UCP2,0.000150,No,96
4816,PD-1,PD-1,0.000150,No,107
4817,Brachyury,Brachyury,0.000150,No,50
4818,INS-IGF2,INS-IGF2,0.000149,No,10
4819,ICAM-1,ICAM-1,0.000149,No,345
4820,MafB,MafB,0.000149,No,59
4821,PAR-1,PAR-1,0.000149,No,72
4822,apoA-II,apoA-II,0.000148,No,71
4823,CD83,CD83,0.000148,No,80
4824,RPS3,RPS3,0.000148,No,64
4825,PDE4,PDE4,0.000148,No,80
4826,RLIP76,RLIP76,0.000148,No,73
4827,p27,p27,0.000147,No,232
4828,pSS,pSS,0.000147,No,35
4829,LC3,LC3,0.000147,No,104
4830,CYP1A1,CYP1A1,0.000146,No,214
4831,ERb,ERb,0.000146,No,83
4832,CCK-A,CCK-A,0.000145,No,66
4833,nebulin,nebulin,0.000145,No,55
4834,mGluR2,mGluR2,0.000145,No,80
4835,cGKII,cGKII,0.000145,No,55
4836,stathmin,stathmin,0.000145,No,100
4837,BMP4,BMP4,0.000144,No,155
4838,IFT140,IFT140,0.000144,No,11
4839,FGF21,FGF21,0.000144,No,95
4840,FHL2,FHL2,0.000143,No,69
4841,cyclin_D2,cyclin D2,0.000143,No,115
4842,Mst1,Mst1,0.000143,No,15
4843,ZNF143,ZNF143,0.000143,No,56
4844,RPS10,RPS10,0.000142,No,45
4845,GPR109A,GPR109A,0.000142,No,65
4846,a-SMA,a-SMA,0.000142,No,136
4847,STX16,STX16,0.000141,No,38
4848,MIB-1,MIB-1,0.000140,No,103
4849,BMI1,BMI1,0.000139,No,134
4850,SKIP,SKIP,0.000139,No,65
4851,Bcl6,Bcl6,0.000139,No,60
4852,PLZF,PLZF,0.000138,No,80
4853,ERK1/2,ERK1/2,0.000138,No,421
4854,vhl,vhl,0.000138,No,26
4855,cyclin_B1,cyclin B1,0.000138,No,134
4856,Pyk2,Pyk2,0.000138,No,76
4857,SLC13A5,SLC13A5,0.000137,No,50
4858,Bcl2L12,Bcl2L12,0.000137,No,16
4859,CD73,CD73,0.000137,No,101
4860,PINCH,PINCH,0.000137,No,58
4861,CD157,CD157,0.000137,No,55
4862,CD300a,CD300a,0.000136,No,49
4863,HRP2,HRP2,0.000136,No,46
4864,TCF-1,TCF-1,0.000136,No,68
4865,MBD2,MBD2,0.000136,No,77
4866,CD133,CD133,0.000136,No,186
4867,CD71,CD71,0.000136,No,110
4868,cathepsin_K,cathepsin K,0.000136,No,103
4869,SNF5,SNF5,0.000135,No,49
4870,H19,H19,0.000135,No,107
4871,OCT4,OCT4,0.000135,No,157
4872,IGFBP-3,IGFBP-3,0.000135,No,141
4873,cathepsin_H,cathepsin H,0.000135,No,62
4874,c-myc,c-myc,0.000134,No,548
4875,Tie-2,Tie-2,0.000134,No,54
4876,BBS1,BBS1,0.000134,No,35
4877,c-FLIP,c-FLIP,0.000134,No,106
4878,GPX3,GPX3,0.000133,No,8
4879,CA4,CA4,0.000133,No,81
4880,STC-1,STC-1,0.000133,No,64
4881,CDC25B,CDC25B,0.000133,No,75
4882,Esp,Esp,0.000133,No,47
4883,SA1,SA1,0.000133,No,50
4884,OASIS,OASIS,0.000133,No,57
4885,ClC-5,ClC-5,0.000132,No,68
4886,Ins2,Ins2,0.000132,No,69
4887,IGFBP-2,IGFBP-2,0.000132,No,103
4888,kAE1,kAE1,0.000132,No,31
4889,RIP60,RIP60,0.000132,No,11
4890,Dcf1,Dcf1,0.000132,No,9
4891,CRHR1,CRHR1,0.000131,No,77
4892,moesin,moesin,0.000131,No,80
4893,HOXD,HOXD,0.000131,No,32
4894,AC1,AC1,0.000131,No,66
4895,FGF13,FGF13,0.000131,No,48
4896,G6Pase,G6Pase,0.000131,No,91
4897,RANTES,RANTES,0.000131,No,162
4898,OX40,OX40,0.000130,No,75
4899,CR1,CR1,0.000130,No,86
4900,NY-ESO-1,NY-ESO-1,0.000129,No,62
4901,SNARE,SNARE,0.000129,No,59
4902,Lamb2,Lamb2,0.000129,No,29
4903,DAPK,DAPK,0.000129,No,100
4904,IRE1,IRE1,0.000128,No,94
4905,Thy-1,Thy-1,0.000128,No,83
4906,RasGAP,RasGAP,0.000127,No,71
4907,Lgr5,Lgr5,0.000127,No,58
4908,pTalpha,pTalpha,0.000127,No,59
4909,CCL23,CCL23,0.000127,No,58
4910,Rac1,Rac1,0.000127,No,292
4911,RBM5,RBM5,0.000127,No,63
4912,hK7,hK7,0.000126,No,45
4913,LMP2,LMP2,0.000126,No,69
4914,FMR2,FMR2,0.000126,No,19
4915,IkappaBalpha,IkappaBalpha,0.000126,No,153
4916,p300,p300,0.000126,No,156
4917,GRP94,GRP94,0.000126,No,87
4918,PAC-1,PAC-1,0.000126,No,66
4919,Ang-2,Ang-2,0.000126,No,110
4920,RPS15A,RPS15A,0.000126,No,26
4921,CCRL2,CCRL2,0.000125,No,50
4922,HIF-2a,HIF-2a,0.000125,No,135
4923,IFNGR1,IFNGR1,0.000125,No,57
4924,IL-22R1,IL-22R1,0.000125,No,53
4925,hK2,hK2,0.000125,No,61
4926,BRAF,BRAF,0.000125,No,206
4927,DNA-PKcs,DNA-PKcs,0.000125,No,73
4928,CRM1,CRM1,0.000124,No,94
4929,CD155,CD155,0.000124,No,71
4930,PCSK9,PCSK9,0.000124,No,97
4931,CDK1,CDK1,0.000124,No,221
4932,PC4,PC4,0.000124,No,67
4933,Ret,Ret,0.000123,No,73
4934,PTPIP51,PTPIP51,0.000123,No,53
4935,fibrillin-1,fibrillin-1,0.000123,No,74
4936,ATPase,ATPase,0.000123,No,198
4937,MDA5,MDA5,0.000123,No,96
4938,uPAR,uPAR,0.000123,No,124
4939,TIMP-2,TIMP-2,0.000122,No,103
4940,rCBF,rCBF,0.000122,No,74
4941,IFIT1,IFIT1,0.000122,No,69
4942,XIAP,XIAP,0.000122,No,155
4943,ID4,ID4,0.000122,No,61
4944,HAI-2,HAI-2,0.000122,No,68
4945,B7-H3,B7-H3,0.000122,No,94
4946,pRb,pRb,0.000122,No,190
4947,Fgfr2,Fgfr2,0.000121,No,63
4948,GPR40,GPR40,0.000121,No,68
4949,BP180,BP180,0.000121,No,56
4950,EL4,EL4,0.000121,No,69
4951,PD-L1,PD-L1,0.000121,No,176
4952,p63,p63,0.000121,No,154
4953,LFA-1,LFA-1,0.000120,No,117
4954,March_1,March 1,0.000120,No,51
4955,CD203c,CD203c,0.000120,No,67
4956,CD166,CD166,0.000120,No,72
4957,TL1A,TL1A,0.000119,No,61
4958,CK5/6,CK5/6,0.000119,No,86
4959,FGFR3,FGFR3,0.000119,No,109
4960,beta5,beta5,0.000119,No,70
4961,RIF1,RIF1,0.000119,No,59
4962,p30,p30,0.000119,No,57
4963,AKAP12,AKAP12,0.000119,No,55
4964,DC-10,DC-10,0.000119,No,44
4965,OPCML,OPCML,0.000118,No,48
4966,MCP-2,MCP-2,0.000118,No,60
4967,TFF3,TFF3,0.000118,No,84
4968,MACC1,MACC1,0.000118,No,58
4969,CK19,CK19,0.000118,No,127
4970,ICA69,ICA69,0.000118,No,54
4971,N-SMase,N-SMase,0.000118,No,66
4972,CK8,CK8,0.000118,No,92
4973,Smac,Smac,0.000118,No,70
4974,IL-12Rb2,IL-12Rb2,0.000118,No,27
4975,NRP2,NRP2,0.000117,No,70
4976,E1b,E1b,0.000117,No,53
4977,FRZB,FRZB,0.000117,No,59
4978,MFG-E8,MFG-E8,0.000117,No,73
4979,nm23-H2,nm23-H2,0.000117,No,63
4980,IB1,IB1,0.000117,No,62
4981,CRALBP,CRALBP,0.000116,No,61
4982,GCKR,GCKR,0.000116,No,75
4983,DIF-3,DIF-3,0.000116,No,44
4984,Bcl-w,Bcl-w,0.000116,No,74
4985,ATP1A1,ATP1A1,0.000115,No,56
4986,AMCase,AMCase,0.000115,No,62
4987,ST11,ST11,0.000115,No,12
4988,SP-A,SP-A,0.000115,No,106
4989,ATP1A3,ATP1A3,0.000115,No,46
4990,hBD-2,hBD-2,0.000115,No,78
4991,p75,p75,0.000115,No,172
4992,VEGFR-1,VEGFR-1,0.000115,No,135
4993,myosin,myosin,0.000115,No,127
4994,JAM-A,JAM-A,0.000114,No,83
4995,ICOSL,ICOSL,0.000114,No,64
4996,TBX3,TBX3,0.000114,No,56
4997,mL-1,mL-1,0.000114,No,79
4998,survivin,survivin,0.000113,No,86
4999,p24,p24,0.000113,No,71
5000,NR2E3,NR2E3,0.000113,No,64
5001,DNA_ligase_III,DNA ligase III,0.000112,No,51
5002,Gli3,Gli3,0.000112,No,58
5003,GFI1,GFI1,0.000112,No,63
5004,PIBF,PIBF,0.000112,No,62
5005,Aurora_B,Aurora B,0.000111,No,117
5006,Ran,Ran,0.000111,No,85
5007,4-1BBL,4-1BBL,0.000111,No,59
5008,ACLY,ACLY,0.000111,No,70
5009,ISG15,ISG15,0.000111,No,76
5010,CT-1,CT-1,0.000110,No,76
5011,annexin_A2,annexin A2,0.000110,No,126
5012,SRC-1,SRC-1,0.000110,No,83
5013,APE1,APE1,0.000110,No,109
5014,apoE,apoE,0.000109,No,189
5015,Rictor,Rictor,0.000109,No,78
5016,RDH11,RDH11,0.000109,No,37
5017,apelin,apelin,0.000109,No,79
5018,hnRNP_A2,hnRNP A2,0.000109,No,55
5019,GLP-1R,GLP-1R,0.000109,No,74
5020,GPX4,GPX4,0.000109,No,67
5021,WT1,WT1,0.000108,No,183
5022,p33,p33,0.000108,No,79
5023,SMS1,SMS1,0.000108,No,62
5024,Rab13,Rab13,0.000108,No,45
5025,RPE65,RPE65,0.000108,No,82
5026,apoC-I,apoC-I,0.000108,No,69
5027,SND1,SND1,0.000108,No,63
5028,Snail,Snail,0.000107,No,197
5029,Serp-1,Serp-1,0.000107,No,28
5030,p10,p10,0.000107,No,71
5031,VEGFR2,VEGFR2,0.000107,No,271
5032,Lon,Lon,0.000107,No,73
5033,KIR3DL1,KIR3DL1,0.000107,No,58
5034,KITENIN,KITENIN,0.000107,No,44
5035,Metnase,Metnase,0.000107,No,40
5036,LIS1,LIS1,0.000107,No,62
5037,RPS23,RPS23,0.000107,No,33
5038,insulin_receptor,insulin receptor,0.000107,No,155
5039,SF-1,SF-1,0.000107,No,95
5040,BCOR,BCOR,0.000106,No,59
5041,CCN3,CCN3,0.000106,No,65
5042,p43,p43,0.000106,No,79
5043,Fyn,Fyn,0.000106,No,114
5044,L3-4,L3-4,0.000106,No,49
5045,RSK2,RSK2,0.000105,No,78
5046,K39,K39,0.000105,No,10
5047,Spi-B,Spi-B,0.000105,No,2
5048,MCP-1,MCP-1,0.000105,No,322
5049,CYP27A1,CYP27A1,0.000105,No,84
5050,TRA2B,TRA2B,0.000104,No,36
5051,LHbeta,LHbeta,0.000104,No,66
5052,TRalpha,TRalpha,0.000104,No,82
5053,ANKRD11,ANKRD11,0.000104,No,32
5054,BAMBI,BAMBI,0.000104,No,54
5055,CYP21A2,CYP21A2,0.000103,No,16
5056,SRSF2,SRSF2,0.000103,No,63
5057,AQP9,AQP9,0.000103,No,70
5058,CD90,CD90,0.000103,No,93
5059,SAA1,SAA1,0.000103,No,88
5060,CD160,CD160,0.000103,No,50
5061,CXCL9,CXCL9,0.000103,No,90
5062,MUC5AC,MUC5AC,0.000102,No,102
5063,Ser15,Ser15,0.000102,No,66
5064,COL1A2,COL1A2,0.000102,No,107
5065,PER1,PER1,0.000102,No,75
5066,RelB,RelB,0.000102,No,79
5067,RIP2,RIP2,0.000102,No,72
5068,TAP1,TAP1,0.000102,No,73
5069,NF1,NF1,0.000101,No,137
5070,CD9P-1,CD9P-1,0.000101,No,25
5071,FGFR2,FGFR2,0.000101,No,113
5072,IKKalpha,IKKalpha,0.000101,No,92
5073,GPNMB,GPNMB,0.000101,No,73
5074,AIPL1,AIPL1,0.000101,No,55
5075,CXCR2,CXCR2,0.000101,No,98
5076,B4GALT5,B4GALT5,0.000101,No,20
5077,GLT-1,GLT-1,0.000101,No,99
5078,SOX6,SOX6,0.000101,No,55
5079,SOX2,SOX2,0.000101,No,193
5080,LSD1,LSD1,0.000100,No,108
5081,TSGA10,TSGA10,0.000100,No,29
5082,LIFR,LIFR,0.000100,No,66
5083,LYST,LYST,0.000100,No,50
5084,prolidase,prolidase,0.000100,No,69
5085,NSD1,NSD1,0.000100,No,60
5086,ADRB2,ADRB2,0.000100,No,118
5087,YKL-39,YKL-39,0.000100,No,39
5088,CD63,CD63,0.000100,No,90
5089,TIGAR,TIGAR,0.000100,No,64
5090,Sema3E,Sema3E,0.000100,No,48
5091,MEK1/2,MEK1/2,0.000099,No,88
5092,TrxR1,TrxR1,0.000099,No,95
5093,NK1,NK1,0.000099,No,79
5094,VCAM-1,VCAM-1,0.000099,No,185
5095,NMBR,NMBR,0.000099,No,51
5096,ERRa,ERRa,0.000099,No,84
5097,Akt2,Akt2,0.000099,No,79
5098,MELK,MELK,0.000099,No,67
5099,p32,p32,0.000099,No,82
5100,NrCAM,NrCAM,0.000099,No,65
5101,MT-RNR1,MT-RNR1,0.000099,No,39
5102,YY1,YY1,0.000098,No,120
5103,Nogo-A,Nogo-A,0.000098,No,74
5104,p13,p13,0.000098,No,57
5105,PTPN14,PTPN14,0.000098,No,52
5106,rK39,rK39,0.000098,No,24
5107,IRF-1,IRF-1,0.000098,No,114
5108,Mi-2,Mi-2,0.000098,No,6
5109,Ly6C,Ly6C,0.000098,No,56
5110,ARS2,ARS2,0.000098,No,37
5111,CLOCK,CLOCK,0.000098,No,81
5112,sPLA2,sPLA2,0.000097,No,99
5113,pfmdr1,pfmdr1,0.000097,No,32
5114,CXCL13,CXCL13,0.000097,No,82
5115,GalR1,GalR1,0.000097,No,67
5116,BS69,BS69,0.000097,No,50
5117,Skp2,Skp2,0.000097,No,102
5118,FOG-2,FOG-2,0.000097,No,55
5119,PHF6,PHF6,0.000096,No,51
5120,hINV,hINV,0.000096,No,52
5121,Blimp-1,Blimp-1,0.000096,No,89
5122,TRIM33,TRIM33,0.000096,No,51
5123,Iba1,Iba1,0.000096,No,70
5124,Pax6,Pax6,0.000096,No,108
5125,Bad,Bad,0.000095,No,99
5126,PCA3,PCA3,0.000095,No,62
5127,CD151,CD151,0.000095,No,66
5128,CDK4/6,CDK4/6,0.000095,No,69
5129,PP6R1,PP6R1,0.000095,No,11
5130,MASP-2,MASP-2,0.000095,No,63
5131,TRPC3,TRPC3,0.000095,No,79
5132,glypican-1,glypican-1,0.000095,No,68
5133,JAK2,JAK2,0.000094,No,196
5134,MCM6,MCM6,0.000094,No,56
5135,Ucn2,Ucn2,0.000094,No,65
5136,USP18,USP18,0.000094,No,55
5137,Raf,Raf,0.000094,No,92
5138,YKL-40,YKL-40,0.000094,No,114
5139,PSGL-1,PSGL-1,0.000094,No,76
5140,GLS2,GLS2,0.000094,No,68
5141,PTX3,PTX3,0.000094,No,107
5142,TFPI-2,TFPI-2,0.000093,No,80
5143,CDKN2A/B,CDKN2A/B,0.000093,No,51
5144,HTR2A,HTR2A,0.000093,No,83
5145,NF-L,NF-L,0.000093,No,96
5146,ADAMTS1,ADAMTS1,0.000093,No,74
5147,KIF9,KIF9,0.000093,No,3
5148,CREST,CREST,0.000093,No,24
5149,CD49f,CD49f,0.000093,No,77
5150,HSP105,HSP105,0.000093,No,52
5151,MafG,MafG,0.000092,No,58
5152,KCNJ10,KCNJ10,0.000092,No,31
5153,LMP7,LMP7,0.000092,No,62
5154,Gas6,Gas6,0.000092,No,79
5155,CCT8,CCT8,0.000092,No,28
5156,GLO1,GLO1,0.000092,No,76
5157,STC1,STC1,0.000092,No,77
5158,arm_2,arm 2,0.000092,No,64
5159,apoB,apoB,0.000091,No,136
5160,CACNA1S,CACNA1S,0.000091,No,64
5161,IDH3A,IDH3A,0.000091,No,31
5162,OCA2,OCA2,0.000091,No,60
5163,GPR56,GPR56,0.000091,No,52
5164,DRB1,DRB1,0.000091,No,105
5165,TPM3,TPM3,0.000091,No,82
5166,SIX3,SIX3,0.000091,No,49
5167,CA12,CA12,0.000091,No,63
5168,KLF13,KLF13,0.000091,No,49
5169,mGluR3,mGluR3,0.000091,No,65
5170,SURF1,SURF1,0.000091,No,42
5171,IDH1,IDH1,0.000090,No,121
5172,STAT6,STAT6,0.000090,No,120
5173,CXCR4,CXCR4,0.000090,No,245
5174,ZFP57,ZFP57,0.000090,No,29
5175,ApoE,ApoE,0.000090,No,43
5176,IL28B,IL28B,0.000090,No,70
5177,LC3B,LC3B,0.000090,No,75
5178,CNGA3,CNGA3,0.000090,No,64
5179,UBE2S,UBE2S,0.000090,No,38
5180,IRF3,IRF3,0.000089,No,117
5181,mPR3,mPR3,0.000089,No,49
5182,SHP-2,SHP-2,0.000089,No,129
5183,ALDH1A3,ALDH1A3,0.000089,No,67
5184,galectin-3,galectin-3,0.000089,No,137
5185,HMGN2,HMGN2,0.000089,No,4
5186,MyoD,MyoD,0.000089,No,152
5187,GSK-3b,GSK-3b,0.000089,No,86
5188,caspase-9,caspase-9,0.000089,No,128
5189,miR-206,miR-206,0.000089,No,105
5190,Env,Env,0.000089,No,83
5191,ANXA2,ANXA2,0.000088,No,65
5192,PGAM1,PGAM1,0.000088,No,58
5193,TRIM3,TRIM3,0.000088,No,46
5194,maspin,maspin,0.000088,No,82
5195,OPA1,OPA1,0.000088,No,63
5196,SASH1,SASH1,0.000088,No,53
5197,Jagged1,Jagged1,0.000088,No,112
5198,RCC2,RCC2,0.000088,No,39
5199,DcR3,DcR3,0.000087,No,63
5200,Gal-9,Gal-9,0.000087,No,77
5201,XBP1,XBP1,0.000087,No,89
5202,TINCR,TINCR,0.000087,No,48
5203,Dectin-1,Dectin-1,0.000087,No,72
5204,Chk1,Chk1,0.000087,No,129
5205,USH2A,USH2A,0.000087,No,63
5206,SLP-2,SLP-2,0.000087,No,47
5207,ANXA1,ANXA1,0.000087,No,108
5208,NLRP1,NLRP1,0.000087,No,68
5209,p29,p29,0.000087,No,66
5210,CTRP1,CTRP1,0.000086,No,58
5211,RECK,RECK,0.000086,No,81
5212,tenascin-C,tenascin-C,0.000086,No,72
5213,MEK2,MEK2,0.000086,No,72
5214,Xin,Xin,0.000086,No,43
5215,ELF3,ELF3,0.000086,No,69
5216,A10,A10,0.000086,No,62
5217,Robo1,Robo1,0.000086,No,62
5218,Tfr2,Tfr2,0.000086,No,51
5219,miR-195,miR-195,0.000086,No,111
5220,KLHL7,KLHL7,0.000086,No,16
5221,SCAPER,SCAPER,0.000086,No,17
5222,MUC1,MUC1,0.000086,No,148
5223,DDB1,DDB1,0.000085,No,63
5224,TGFBR1,TGFBR1,0.000085,No,96
5225,SOX10,SOX10,0.000085,No,90
5226,CXCL16,CXCL16,0.000085,No,77
5227,miR-223,miR-223,0.000085,No,110
5228,PPARa,PPARa,0.000085,No,142
5229,GNB3,GNB3,0.000085,No,60
5230,MAGE-A3,MAGE-A3,0.000085,No,76
5231,miR-205,miR-205,0.000085,No,105
5232,FBN1,FBN1,0.000085,No,94
5233,STAT1,STAT1,0.000085,No,192
5234,LRP6,LRP6,0.000085,No,94
5235,Runx2,Runx2,0.000084,No,200
5236,ANK1,ANK1,0.000084,No,61
5237,NKp44,NKp44,0.000084,No,51
5238,HO-1,HO-1,0.000084,No,285
5239,FPN1,FPN1,0.000084,No,63
5240,JAK1/2,JAK1/2,0.000084,No,57
5241,MAO-A,MAO-A,0.000084,No,114
5242,SOX7,SOX7,0.000084,No,56
5243,miR-122,miR-122,0.000084,No,100
5244,SLC25A1,SLC25A1,0.000084,No,1
5245,TRIM31,TRIM31,0.000083,No,44
5246,DRD5,DRD5,0.000083,No,64
5247,NPRL2,NPRL2,0.000083,No,52
5248,C21orf2,C21orf2,0.000083,No,28
5249,HRD1,HRD1,0.000083,No,74
5250,ADAM8,ADAM8,0.000083,No,67
5251,PHKA2,PHKA2,0.000083,No,19
5252,CPT-11,CPT-11,0.000083,No,100
5253,SCARNA22,SCARNA22,0.000083,No,8
5254,Myf5,Myf5,0.000083,No,66
5255,CDK4,CDK4,0.000083,No,163
5256,dMi-2,dMi-2,0.000082,No,33
5257,VAT-1,VAT-1,0.000082,No,21
5258,TRPC6,TRPC6,0.000082,No,86
5259,ADAM12,ADAM12,0.000082,No,66
5260,SLFN5,SLFN5,0.000082,No,23
5261,SHP-1,SHP-1,0.000082,No,101
5262,IFITM1,IFITM1,0.000082,No,56
5263,DLL1,DLL1,0.000081,No,79
5264,ECEL1,ECEL1,0.000081,No,43
5265,SOX2OT,SOX2OT,0.000081,No,48
5266,WNT10B,WNT10B,0.000081,No,59
5267,LRPPRC,LRPPRC,0.000081,No,50
5268,hTR,hTR,0.000081,No,82
5269,DNA_polymerase_alpha,DNA polymerase alpha,0.000081,No,84
5270,Foxf1,Foxf1,0.000081,No,52
5271,VP16,VP16,0.000081,No,99
5272,A-Raf,A-Raf,0.000081,No,55
5273,SEMA6A,SEMA6A,0.000081,No,49
5274,FOXE3,FOXE3,0.000081,No,39
5275,MTMR2,MTMR2,0.000081,No,46
5276,BATF3,BATF3,0.000081,No,35
5277,Dlk1,Dlk1,0.000080,No,58
5278,OSR1,OSR1,0.000080,No,68
5279,LIN28,LIN28,0.000080,No,73
5280,galectin-1,galectin-1,0.000080,No,123
5281,CDH3,CDH3,0.000080,No,63
5282,TOP2B,TOP2B,0.000080,No,63
5283,ARL2,ARL2,0.000080,No,44
5284,Ph1,Ph1,0.000080,No,74
5285,TASK-3,TASK-3,0.000080,No,66
5286,MLH1,MLH1,0.000080,No,102
5287,NUDT21,NUDT21,0.000080,No,43
5288,MuRF1,MuRF1,0.000080,No,73
5289,PGM1,PGM1,0.000080,No,61
5290,SPARC,SPARC,0.000080,No,101
5291,fibulin-2,fibulin-2,0.000080,No,58
5292,CYTB,CYTB,0.000080,No,40
5293,MT1A,MT1A,0.000080,No,61
5294,MASP-1,MASP-1,0.000080,No,68
5295,HSF1,HSF1,0.000080,No,109
5296,PP1alpha,PP1alpha,0.000080,No,59
5297,MEG3,MEG3,0.000080,No,91
5298,Tollip,Tollip,0.000079,No,59
5299,PIAS1,PIAS1,0.000079,No,68
5300,RDH5,RDH5,0.000079,No,38
5301,RSPO1,RSPO1,0.000079,No,51
5302,SPATA7,SPATA7,0.000079,No,27
5303,7B2,7B2,0.000079,No,52
5304,CDK5RAP2,CDK5RAP2,0.000079,No,53
5305,dTpa,dTpa,0.000079,No,15
5306,AT1,AT1,0.000079,No,117
5307,Ang-1,Ang-1,0.000079,No,103
5308,COP1,COP1,0.000078,No,61
5309,BNIP3,BNIP3,0.000078,No,91
5310,LKB1,LKB1,0.000078,No,113
5311,Hsp90,Hsp90,0.000078,No,211
5312,GK5,GK5,0.000078,No,8
5313,IGFBP7,IGFBP7,0.000078,No,73
5314,TRAF5,TRAF5,0.000078,No,57
5315,Dectin-2,Dectin-2,0.000078,No,49
5316,HMGB2,HMGB2,0.000078,No,55
5317,Bak,Bak,0.000078,No,90
5318,syn,syn,0.000078,No,71
5319,GRIM-19,GRIM-19,0.000077,No,53
5320,HOXD13,HOXD13,0.000077,No,64
5321,Spy1,Spy1,0.000077,No,45
5322,OFD1,OFD1,0.000077,No,36
5323,syndecan-4,syndecan-4,0.000077,No,87
5324,Notch3,Notch3,0.000077,No,116
5325,SIRT3,SIRT3,0.000077,No,95
5326,GPSM2,GPSM2,0.000077,No,48
5327,CEACAM1,CEACAM1,0.000077,No,79
5328,AC6,AC6,0.000077,No,61
5329,Fra-1,Fra-1,0.000077,No,96
5330,Kalirin,Kalirin,0.000077,No,55
5331,CCN1,CCN1,0.000077,No,60
5332,GADD45A,GADD45A,0.000077,No,84
5333,ADAMTS-5,ADAMTS-5,0.000076,No,75
5334,Rad,Rad,0.000076,No,69
5335,N-myc,N-myc,0.000076,No,69
5336,MFAP4,MFAP4,0.000076,No,31
5337,WDFY4,WDFY4,0.000076,No,21
5338,KIM-1,KIM-1,0.000076,No,81
5339,PGD2,PGD2,0.000076,No,89
5340,ARPP-19,ARPP-19,0.000076,No,17
5341,AQP3,AQP3,0.000076,No,83
5342,DDAH1,DDAH1,0.000076,No,44
5343,FIH-1,FIH-1,0.000076,No,66
5344,ECE-1,ECE-1,0.000076,No,69
5345,Hsp20,Hsp20,0.000076,No,61
5346,IRF6,IRF6,0.000075,No,67
5347,DAP10,DAP10,0.000075,No,40
5348,CXCL10,CXCL10,0.000075,No,86
5349,KIF23,KIF23,0.000075,No,50
5350,tankyrase,tankyrase,0.000075,No,69
5351,IGF2BP1,IGF2BP1,0.000075,No,74
5352,TRPM1,TRPM1,0.000075,No,63
5353,DYNC2H1,DYNC2H1,0.000075,No,23
5354,miR-149,miR-149,0.000075,No,77
5355,Wnt7a,Wnt7a,0.000075,No,56
5356,OAS1,OAS1,0.000075,No,51
5357,ENOPH1,ENOPH1,0.000075,No,16
5358,ANRIL,ANRIL,0.000075,No,67
5359,FOXO3a,FOXO3a,0.000075,No,149
5360,Tim-3,Tim-3,0.000075,No,78
5361,LRP4,LRP4,0.000075,No,52
5362,CD48,CD48,0.000075,No,59
5363,miR-21,miR-21,0.000075,No,228
5364,PON1,PON1,0.000075,No,142
5365,PTK7,PTK7,0.000075,No,72
5366,TBX2,TBX2,0.000074,No,58
5367,FXR1,FXR1,0.000074,No,49
5368,Panx1,Panx1,0.000074,No,87
5369,ALK2,ALK2,0.000074,No,77
5370,TIPE2,TIPE2,0.000074,No,55
5371,ROM1,ROM1,0.000074,No,26
5372,AIB1,AIB1,0.000074,No,70
5373,NBS1,NBS1,0.000074,No,94
5374,P2X7R,P2X7R,0.000074,No,71
5375,Oct-1,Oct-1,0.000074,No,79
5376,Jab1,Jab1,0.000074,No,75
5377,Drp1,Drp1,0.000074,No,107
5378,HSP27,HSP27,0.000074,No,163
5379,USP22,USP22,0.000074,No,63
5380,HOXA11-AS,HOXA11-AS,0.000074,No,38
5381,SCP-2,SCP-2,0.000074,No,71
5382,TIMP-4,TIMP-4,0.000074,No,63
5383,CYP4B1,CYP4B1,0.000074,No,65
5384,AKR7A2,AKR7A2,0.000073,No,44
5385,PEX1,PEX1,0.000073,No,67
5386,CINC-1,CINC-1,0.000073,No,65
5387,SLC37A4,SLC37A4,0.000073,No,50
5388,claudin-11,claudin-11,0.000073,No,57
5389,CRFR1,CRFR1,0.000073,No,68
5390,Fus1,Fus1,0.000073,No,17
5391,SLC7A3,SLC7A3,0.000073,No,28
5392,Olig2,Olig2,0.000073,No,85
5393,ALDH2,ALDH2,0.000073,No,95
5394,GPR124,GPR124,0.000073,No,33
5395,miR-15a,miR-15a,0.000073,No,84
5396,Wnt5a,Wnt5a,0.000073,No,134
5397,Ngn3,Ngn3,0.000073,No,73
5398,CXCR3,CXCR3,0.000073,No,103
5399,Pdx1,Pdx1,0.000073,No,82
5400,miR-137,miR-137,0.000073,No,93
5401,NOVA1,NOVA1,0.000073,No,46
5402,CDH4,CDH4,0.000073,No,42
5403,RalA,RalA,0.000073,No,85
5404,ZAR1,ZAR1,0.000073,No,31
5405,STIM1,STIM1,0.000073,No,94
5406,miR-1202,miR-1202,0.000073,No,26
5407,LMOD3,LMOD3,0.000072,No,7
5408,RSU-1,RSU-1,0.000072,No,46
5409,ErbB4,ErbB4,0.000072,No,68
5410,PKP2,PKP2,0.000072,No,52
5411,ARHGAP5,ARHGAP5,0.000072,No,45
5412,FABP4,FABP4,0.000072,No,79
5413,PEPT1,PEPT1,0.000072,No,83
5414,DNase_X,DNase X,0.000072,No,11
5415,Nell-1,Nell-1,0.000072,No,44
5416,Apaf-1,Apaf-1,0.000072,No,85
5417,CRMP5,CRMP5,0.000072,No,49
5418,TCP1,TCP1,0.000072,No,51
5419,SCCRO,SCCRO,0.000072,No,53
5420,MERTK,MERTK,0.000072,No,80
5421,5T4,5T4,0.000072,No,46
5422,miR-132,miR-132,0.000071,No,104
5423,ET-3,ET-3,0.000071,No,74
5424,ATF2,ATF2,0.000071,No,85
5425,CENP-E,CENP-E,0.000071,No,64
5426,SRD5A2,SRD5A2,0.000071,No,64
5427,ADAR1,ADAR1,0.000071,No,72
5428,caspase-8,caspase-8,0.000071,No,164
5429,WFS1,WFS1,0.000071,No,70
5430,ABCA12,ABCA12,0.000071,No,66
5431,TRIM37,TRIM37,0.000071,No,33
5432,CRLF2,CRLF2,0.000071,No,56
5433,DPB1,DPB1,0.000071,No,72
5434,FoxM1,FoxM1,0.000071,No,68
5435,JunB,JunB,0.000071,No,66
5436,DHCR24,DHCR24,0.000071,No,65
5437,Gab2,Gab2,0.000071,No,73
5438,HCG11,HCG11,0.000070,No,16
5439,programmed_cell_death_protein_1,programmed cell death protein 1,0.000070,No,47
5440,CPA4,CPA4,0.000070,No,33
5441,Pim-1,Pim-1,0.000070,No,109
5442,ORC1,ORC1,0.000070,No,49
5443,Phgdh,Phgdh,0.000070,No,37
5444,FGF3,FGF3,0.000070,No,54
5445,LYVE-1,LYVE-1,0.000070,No,73
5446,AGR2,AGR2,0.000070,No,64
5447,miR-33a,miR-33a,0.000070,No,68
5448,TWIST1,TWIST1,0.000070,No,153
5449,ZBTB20,ZBTB20,0.000070,No,46
5450,CXCR7,CXCR7,0.000070,No,80
5451,ALDH1,ALDH1,0.000070,No,116
5452,let-7b,let-7b,0.000070,No,90
5453,PPP2R2B,PPP2R2B,0.000070,No,45
5454,Tara,Tara,0.000069,No,39
5455,CREPT,CREPT,0.000069,No,43
5456,GNAT2,GNAT2,0.000069,No,19
5457,CD1d,CD1d,0.000069,No,85
5458,CUL4A,CUL4A,0.000069,No,58
5459,FAT1,FAT1,0.000069,No,75
5460,RTEL1,RTEL1,0.000069,No,49
5461,STAT2,STAT2,0.000069,No,64
5462,Sin3A,Sin3A,0.000069,No,54
5463,GAT-3,GAT-3,0.000069,No,50
5464,miR-182,miR-182,0.000069,No,85
5465,miR-210,miR-210,0.000069,No,88
5466,SENP6,SENP6,0.000069,No,41
5467,PFKFB4,PFKFB4,0.000069,No,50
5468,Wee1,Wee1,0.000069,No,79
5469,CX3CR1,CX3CR1,0.000069,No,93
5470,USH1C,USH1C,0.000069,No,51
5471,iASPP,iASPP,0.000069,No,56
5472,HOXD3,HOXD3,0.000069,No,46
5473,DJ-1,DJ-1,0.000069,No,99
5474,NTPDase2,NTPDase2,0.000069,No,61
5475,Dach1,Dach1,0.000069,No,49
5476,KChIP2,KChIP2,0.000068,No,59
5477,US11,US11,0.000068,No,44
5478,miR-130a,miR-130a,0.000068,No,78
5479,let-7c,let-7c,0.000068,No,59
5480,ACBD5,ACBD5,0.000068,No,8
5481,API5,API5,0.000068,No,50
5482,EF5,EF5,0.000068,No,26
5483,LAMB2,LAMB2,0.000068,No,44
5484,STAT5,STAT5,0.000068,No,133
5485,BEX2,BEX2,0.000068,No,49
5486,ASMase,ASMase,0.000068,No,69
5487,ANT1,ANT1,0.000068,No,63
5488,SIRT6,SIRT6,0.000068,No,83
5489,miR-544,miR-544,0.000068,No,50
5490,miR-375,miR-375,0.000068,No,87
5491,HMGA2,HMGA2,0.000067,No,132
5492,PP5,PP5,0.000067,No,70
5493,ANGPTL6,ANGPTL6,0.000067,No,28
5494,DUX4,DUX4,0.000067,No,47
5495,TSPAN8,TSPAN8,0.000067,No,53
5496,PAX3,PAX3,0.000067,No,79
5497,miR-1,miR-1,0.000067,No,77
5498,PKD2,PKD2,0.000067,No,78
5499,AEG-1,AEG-1,0.000067,No,118
5500,calpain-1,calpain-1,0.000067,No,79
5501,miR-26b,miR-26b,0.000067,No,70
5502,SOX9,SOX9,0.000067,No,149
5503,miR-633,miR-633,0.000067,No,7
5504,calpain-2,calpain-2,0.000067,No,51
5505,DYRK1A,DYRK1A,0.000067,No,99
5506,Six1,Six1,0.000067,No,54
5507,miR-543,miR-543,0.000067,No,57
5508,COL3A1,COL3A1,0.000067,No,76
5509,KCNA10,KCNA10,0.000067,No,9
5510,HOXC9,HOXC9,0.000067,No,49
5511,PROK2,PROK2,0.000067,No,60
5512,H3F3A,H3F3A,0.000067,No,55
5513,miR-539,miR-539,0.000067,No,53
5514,TM4SF1,TM4SF1,0.000066,No,57
5515,SESN2,SESN2,0.000066,No,72
5516,MBD3,MBD3,0.000066,No,51
5517,PITX2,PITX2,0.000066,No,96
5518,POMGnT1,POMGnT1,0.000066,No,47
5519,NUF2,NUF2,0.000066,No,49
5520,STAT3,STAT3,0.000066,No,665
5521,ASS1,ASS1,0.000066,No,72
5522,miR-34a,miR-34a,0.000066,No,140
5523,miR-940,miR-940,0.000066,No,50
5524,ENPP1,ENPP1,0.000066,No,72
5525,miR-17,miR-17,0.000066,No,98
5526,miR-145,miR-145,0.000066,No,126
5527,EAAT4,EAAT4,0.000066,No,47
5528,ABCC6,ABCC6,0.000065,No,67
5529,PCBP2,PCBP2,0.000065,No,56
5530,SCN1B,SCN1B,0.000065,No,68
5531,hPrt1,hPrt1,0.000065,No,28
5532,IRF5,IRF5,0.000065,No,70
5533,CysLT1,CysLT1,0.000065,No,73
5534,SIX1,SIX1,0.000065,No,74
5535,miR-136,miR-136,0.000065,No,57
5536,miR-152,miR-152,0.000065,No,63
5537,GAS1,GAS1,0.000065,No,52
5538,miR-215,miR-215,0.000065,No,37
5539,RP1L1,RP1L1,0.000065,No,40
5540,p11,p11,0.000065,No,63
5541,SOX11,SOX11,0.000065,No,59
5542,RUNX1,RUNX1,0.000065,No,119
5543,ADORA1,ADORA1,0.000065,No,61
5544,Bnip3,Bnip3,0.000064,No,59
5545,miR-154,miR-154,0.000064,No,58
5546,Atox1,Atox1,0.000064,No,70
5547,CADM1,CADM1,0.000064,No,73
5548,UHRF2,UHRF2,0.000064,No,52
5549,CYP1B1,CYP1B1,0.000064,No,107
5550,DSG2,DSG2,0.000064,No,59
5551,CHD7,CHD7,0.000064,No,72
5552,MUC5B,MUC5B,0.000064,No,75
5553,PKCdelta,PKCdelta,0.000064,No,108
5554,USP7,USP7,0.000064,No,78
5555,FAM46A,FAM46A,0.000064,No,20
5556,A16,A16,0.000064,No,34
5557,miR-31,miR-31,0.000064,No,94
5558,ADAMTSL4,ADAMTSL4,0.000064,No,12
5559,PROS1,PROS1,0.000064,No,56
5560,WBP2,WBP2,0.000064,No,44
5561,Kip1,Kip1,0.000064,No,130
5562,miR-650,miR-650,0.000064,No,54
5563,WNT7B,WNT7B,0.000064,No,54
5564,MCPH1,MCPH1,0.000064,No,54
5565,miR-421,miR-421,0.000064,No,56
5566,S1PR2,S1PR2,0.000064,No,66
5567,NLRP12,NLRP12,0.000064,No,58
5568,AKR1C3,AKR1C3,0.000064,No,71
5569,MYPT1,MYPT1,0.000064,No,74
5570,ELTD1,ELTD1,0.000064,No,33
5571,miR-761,miR-761,0.000064,No,46
5572,POP1,POP1,0.000064,No,29
5573,HSP60,HSP60,0.000064,No,122
5574,miR-98,miR-98,0.000063,No,63
5575,GFPT1,GFPT1,0.000063,No,69
5576,miR-134,miR-134,0.000063,No,74
5577,DAX-1,DAX-1,0.000063,No,80
5578,PAX8,PAX8,0.000063,No,79
5579,ATF3,ATF3,0.000063,No,108
5580,NEIL1,NEIL1,0.000063,No,65
5581,p23,p23,0.000063,No,68
5582,miR-7,miR-7,0.000063,No,87
5583,CXCL11,CXCL11,0.000063,No,80
5584,CXCL2,CXCL2,0.000063,No,73
5585,miR-622,miR-622,0.000063,No,47
5586,USP1,USP1,0.000063,No,59
5587,miR-1294,miR-1294,0.000063,No,36
5588,aFGF,aFGF,0.000063,No,75
5589,RhoGDI,RhoGDI,0.000063,No,67
5590,IRAK2,IRAK2,0.000063,No,41
5591,KCNQ1,KCNQ1,0.000063,No,112
5592,miR-383,miR-383,0.000063,No,53
5593,SKA1,SKA1,0.000063,No,48
5594,HOST2,HOST2,0.000063,No,37
5595,BCL2L12,BCL2L12,0.000063,No,55
5596,miR-197,miR-197,0.000063,No,59
5597,SCN3B,SCN3B,0.000062,No,36
5598,NOS1AP,NOS1AP,0.000062,No,61
5599,miR-361-5p,miR-361-5p,0.000062,No,47
5600,miR-183,miR-183,0.000062,No,71
5601,EMP2,EMP2,0.000062,No,56
5602,GLUT5,GLUT5,0.000062,No,65
5603,miR-185,miR-185,0.000062,No,60
5604,miR-146a,miR-146a,0.000062,No,124
5605,CUL1,CUL1,0.000062,No,60
5606,atrogin-1,atrogin-1,0.000062,No,73
5607,miR-23b,miR-23b,0.000062,No,73
5608,napsin_A,napsin A,0.000062,No,55
5609,COL2A1,COL2A1,0.000062,No,75
5610,Cip1,Cip1,0.000062,No,53
5611,FABP5,FABP5,0.000062,No,70
5612,HOXA11,HOXA11,0.000062,No,51
5613,mTORC2,mTORC2,0.000062,No,92
5614,ITGA7,ITGA7,0.000062,No,46
5615,BCAR4,BCAR4,0.000062,No,45
5616,HDAC3,HDAC3,0.000062,No,106
5617,SphK1,SphK1,0.000062,No,113
5618,Ihh,Ihh,0.000062,No,60
5619,caveolin-1,caveolin-1,0.000062,No,193
5620,HPP1,HPP1,0.000062,No,57
5621,CBF1,CBF1,0.000062,No,76
5622,iPLA2,iPLA2,0.000062,No,70
5623,miR-1275,miR-1275,0.000061,No,48
5624,RIZ1,RIZ1,0.000061,No,76
5625,VPS13A,VPS13A,0.000061,No,52
5626,MST3,MST3,0.000061,No,63
5627,SIRT5,SIRT5,0.000061,No,63
5628,Dab2,Dab2,0.000061,No,72
5629,LGI1,LGI1,0.000061,No,60
5630,miR-155,miR-155,0.000061,No,151
5631,BACE1,BACE1,0.000061,No,91
5632,RIMS1,RIMS1,0.000061,No,37
5633,miR-16-1,miR-16-1,0.000061,No,57
5634,ATF6,ATF6,0.000061,No,92
5635,miR-449a,miR-449a,0.000061,No,69
5636,miR-142,miR-142,0.000061,No,55
5637,NPC1,NPC1,0.000061,No,79
5638,miR-222,miR-222,0.000061,No,86
5639,miR-599,miR-599,0.000061,No,39
5640,DBCCR1,DBCCR1,0.000061,No,29
5641,ERK5,ERK5,0.000061,No,77
5642,ephrin-A1,ephrin-A1,0.000061,No,65
5643,RCAN1,RCAN1,0.000060,No,70
5644,HMGB1,HMGB1,0.000060,No,218
5645,GPX1,GPX1,0.000060,No,89
5646,EFA6,EFA6,0.000060,No,43
5647,ADAM9,ADAM9,0.000060,No,77
5648,FLVCR1,FLVCR1,0.000060,No,33
5649,SMUG1,SMUG1,0.000060,No,61
5650,miR-200b,miR-200b,0.000060,No,85
5651,Arl13b,Arl13b,0.000060,No,50
5652,TELO2,TELO2,0.000060,No,23
5653,BTG1,BTG1,0.000060,No,53
5654,SNHG16,SNHG16,0.000060,No,49
5655,JMJD6,JMJD6,0.000060,No,69
5656,ALKBH2,ALKBH2,0.000060,No,47
5657,miR-133b,miR-133b,0.000060,No,78
5658,CRNDE,CRNDE,0.000060,No,59
5659,Rac2,Rac2,0.000060,No,71
5660,SSTR2,SSTR2,0.000060,No,87
5661,STK4,STK4,0.000060,No,48
5662,VILIP-1,VILIP-1,0.000060,No,61
5663,Rab1,Rab1,0.000060,No,80
5664,NKp46,NKp46,0.000060,No,62
5665,HtrA3,HtrA3,0.000060,No,55
5666,SPRY2,SPRY2,0.000060,No,78
5667,Rad51,Rad51,0.000060,No,69
5668,PRPF4,PRPF4,0.000060,No,25
5669,MCT2,MCT2,0.000059,No,72
5670,SCD1,SCD1,0.000059,No,92
5671,DQB1,DQB1,0.000059,No,80
5672,VGLUT1,VGLUT1,0.000059,No,72
5673,SRPX2,SRPX2,0.000059,No,42
5674,GATA2,GATA2,0.000059,No,77
5675,miR-577,miR-577,0.000059,No,46
5676,MT1E,MT1E,0.000059,No,64
5677,PDE5,PDE5,0.000059,No,88
5678,miR-451,miR-451,0.000059,No,90
5679,DLL4,DLL4,0.000059,No,81
5680,claudin-4,claudin-4,0.000059,No,71
5681,MEN1,MEN1,0.000059,No,104
5682,MIG6,MIG6,0.000059,No,62
5683,HOXA1,HOXA1,0.000059,No,69
5684,KLK1,KLK1,0.000059,No,63
5685,NDRG1,NDRG1,0.000059,No,79
5686,Rab31,Rab31,0.000059,No,49
5687,KIF20A,KIF20A,0.000059,No,56
5688,GHET1,GHET1,0.000059,No,34
5689,miR-382,miR-382,0.000059,No,47
5690,LINGO-1,LINGO-1,0.000059,No,60
5691,XEDAR,XEDAR,0.000059,No,44
5692,CEACAM6,CEACAM6,0.000059,No,73
5693,HDAC6,HDAC6,0.000059,No,104
5694,CABP4,CABP4,0.000059,No,16
5695,miR-1297,miR-1297,0.000059,No,45
5696,SNHG15,SNHG15,0.000059,No,40
5697,TMPRSS3,TMPRSS3,0.000059,No,52
5698,p48,p48,0.000059,No,62
5699,GRK5,GRK5,0.000059,No,79
5700,miR-148a,miR-148a,0.000059,No,71
5701,BUB1,BUB1,0.000059,No,77
5702,EphA3,EphA3,0.000059,No,72
5703,miR-489,miR-489,0.000059,No,52
5704,SOX5,SOX5,0.000059,No,57
5705,SCA7,SCA7,0.000059,No,66
5706,CrkL,CrkL,0.000059,No,72
5707,hENT3,hENT3,0.000059,No,54
5708,MNK1,MNK1,0.000059,No,33
5709,Rap2B,Rap2B,0.000059,No,57
5710,Pex13p,Pex13p,0.000058,No,45
5711,ACTL8,ACTL8,0.000058,No,10
5712,CCAT2,CCAT2,0.000058,No,53
5713,NPHP4,NPHP4,0.000058,No,27
5714,HTRA1,HTRA1,0.000058,No,74
5715,LFA-3,LFA-3,0.000058,No,76
5716,miR,miR,0.000058,No,85
5717,PBX3,PBX3,0.000058,No,50
5718,GLUT2,GLUT2,0.000058,No,99
5719,NRG1,NRG1,0.000058,No,96
5720,CACNA2D3,CACNA2D3,0.000058,No,29
5721,ACSL5,ACSL5,0.000058,No,59
5722,SIRT1,SIRT1,0.000058,No,243
5723,PLCbeta1,PLCbeta1,0.000058,No,61
5724,IGF2BP3,IGF2BP3,0.000058,No,55
5725,miR-452,miR-452,0.000058,No,54
5726,E2F7,E2F7,0.000058,No,49
5727,miR-494,miR-494,0.000058,No,74
5728,ANKRD6,ANKRD6,0.000058,No,14
5729,PGK1,PGK1,0.000058,No,69
5730,HOXB1,HOXB1,0.000058,No,27
5731,VDAC2,VDAC2,0.000058,No,55
5732,NEAT1,NEAT1,0.000058,No,81
5733,GLI3,GLI3,0.000058,No,69
5734,SSRP1,SSRP1,0.000058,No,57
5735,ATP7A,ATP7A,0.000058,No,83
5736,NUSAP1,NUSAP1,0.000058,No,53
5737,GLI1,GLI1,0.000058,No,143
5738,eIF2,eIF2,0.000058,No,70
5739,SCN4A,SCN4A,0.000058,No,70
5740,KLF6,KLF6,0.000057,No,81
5741,PHLPP1,PHLPP1,0.000057,No,60
5742,FOXG1,FOXG1,0.000057,No,73
5743,MCT4,MCT4,0.000057,No,74
5744,PDK1,PDK1,0.000057,No,117
5745,miR-564,miR-564,0.000057,No,43
5746,rds,rds,0.000057,No,55
5747,PRG4,PRG4,0.000057,No,63
5748,SCN2B,SCN2B,0.000057,No,44
5749,IP6K1,IP6K1,0.000057,No,41
5750,HDAC1,HDAC1,0.000057,No,137
5751,SOCS1,SOCS1,0.000057,No,99
5752,DNMT1,DNMT1,0.000057,No,175
5753,TET1,TET1,0.000057,No,79
5754,OX40L,OX40L,0.000057,No,86
5755,HIPK3,HIPK3,0.000057,No,42
5756,CPEB1,CPEB1,0.000057,No,57
5757,HSP47,HSP47,0.000057,No,87
5758,MAGE-C1,MAGE-C1,0.000057,No,53
5759,HESX1,HESX1,0.000057,No,58
5760,SSTR3,SSTR3,0.000057,No,80
5761,EZH2,EZH2,0.000057,No,265
5762,IQSEC2,IQSEC2,0.000057,No,43
5763,GlyT1,GlyT1,0.000057,No,71
5764,JDP2,JDP2,0.000057,No,60
5765,DNASE1L3,DNASE1L3,0.000057,No,47
5766,GRK1,GRK1,0.000057,No,61
5767,miR-625,miR-625,0.000057,No,42
5768,METTL3,METTL3,0.000057,No,60
5769,CLDN11,CLDN11,0.000057,No,19
5770,NEDD9,NEDD9,0.000057,No,70
5771,miR-107,miR-107,0.000057,No,77
5772,DKK3,DKK3,0.000057,No,73
5773,TAC4,TAC4,0.000057,No,13
5774,BRMS1L,BRMS1L,0.000057,No,29
5775,Spry2,Spry2,0.000057,No,57
5776,CASC11,CASC11,0.000057,No,46
5777,NDRG4,NDRG4,0.000057,No,54
5778,UBE2C,UBE2C,0.000057,No,71
5779,MALAT1,MALAT1,0.000056,No,111
5780,Etk,Etk,0.000056,No,71
5781,Pax7,Pax7,0.000056,No,71
5782,NEU3,NEU3,0.000056,No,66
5783,Zic1,Zic1,0.000056,No,49
5784,ANXA4,ANXA4,0.000056,No,60
5785,miR-181c,miR-181c,0.000056,No,59
5786,miR-93,miR-93,0.000056,No,78
5787,PFKFB3,PFKFB3,0.000056,No,72
5788,miR-16,miR-16,0.000056,No,93
5789,miR-26a,miR-26a,0.000056,No,96
5790,PRDX3,PRDX3,0.000056,No,66
5791,CHMP2A,CHMP2A,0.000056,No,43
5792,CCDC26,CCDC26,0.000056,No,37
5793,OGG1,OGG1,0.000056,No,89
5794,LPCAT1,LPCAT1,0.000056,No,65
5795,miR-506,miR-506,0.000056,No,60
5796,PCDH15,PCDH15,0.000056,No,67
5797,JARID1B,JARID1B,0.000056,No,62
5798,BRG1,BRG1,0.000056,No,105
5799,eIF4E,eIF4E,0.000056,No,111
5800,JNK3,JNK3,0.000056,No,64
5801,MUC4,MUC4,0.000056,No,79
5802,THBS2,THBS2,0.000056,No,54
5803,Pygo2,Pygo2,0.000056,No,52
5804,RFX1,RFX1,0.000056,No,64
5805,miR-10a,miR-10a,0.000056,No,75
5806,netrin-1,netrin-1,0.000056,No,86
5807,PRUNE2,PRUNE2,0.000056,No,41
5808,LGR5,LGR5,0.000056,No,71
5809,Wnt3a,Wnt3a,0.000056,No,115
5810,miR-592,miR-592,0.000056,No,48
5811,miR-27a,miR-27a,0.000056,No,100
5812,ERCC1,ERCC1,0.000056,No,112
5813,AJAP1,AJAP1,0.000056,No,35
5814,miR-29a,miR-29a,0.000056,No,99
5815,ESM1,ESM1,0.000056,No,25
5816,LAP3,LAP3,0.000056,No,45
5817,TRPV2,TRPV2,0.000056,No,73
5818,SEMA5A,SEMA5A,0.000056,No,52
5819,CCDC6,CCDC6,0.000056,No,53
5820,Smurf1,Smurf1,0.000056,No,78
5821,miR-374a,miR-374a,0.000056,No,57
5822,RECQL4,RECQL4,0.000056,No,60
5823,miR-328,miR-328,0.000055,No,53
5824,PRMT1,PRMT1,0.000055,No,90
5825,HSS1,HSS1,0.000055,No,14
5826,KLF4,KLF4,0.000055,No,127
5827,CRY1,CRY1,0.000055,No,62
5828,SORL1,SORL1,0.000055,No,63
5829,miR-302,miR-302,0.000055,No,37
5830,miR-708,miR-708,0.000055,No,51
5831,LOXL2,LOXL2,0.000055,No,69
5832,miR-378,miR-378,0.000055,No,83
5833,HOXD4,HOXD4,0.000055,No,21
5834,EphA2,EphA2,0.000055,No,115
5835,CAPN6,CAPN6,0.000055,No,47
5836,HIPK2,HIPK2,0.000055,No,76
5837,SH2B3,SH2B3,0.000055,No,59
5838,prcd,prcd,0.000055,No,3
5839,FBXW7,FBXW7,0.000055,No,100
5840,HOXA9,HOXA9,0.000055,No,99
5841,GBP2,GBP2,0.000055,No,43
5842,REV1,REV1,0.000055,No,59
5843,miR-448,miR-448,0.000055,No,59
5844,LTBP2,LTBP2,0.000055,No,16
5845,Rab3D,Rab3D,0.000055,No,58
5846,miR-29c,miR-29c,0.000055,No,83
5847,TROP2,TROP2,0.000055,No,23
5848,VAMP2,VAMP2,0.000055,No,66
5849,HOXD10,HOXD10,0.000055,No,53
5850,Smad2,Smad2,0.000055,No,106
5851,TRPV1,TRPV1,0.000055,No,142
5852,CNTNAP2,CNTNAP2,0.000054,No,70
5853,Ajuba,Ajuba,0.000054,No,49
5854,FOXJ2,FOXJ2,0.000054,No,48
5855,ATP8B1,ATP8B1,0.000054,No,70
5856,CX3CL1,CX3CL1,0.000054,No,87
5857,SH3GL1,SH3GL1,0.000054,No,46
5858,NOB1,NOB1,0.000054,No,56
5859,MARK4,MARK4,0.000054,No,51
5860,MRP1,MRP1,0.000054,No,151
5861,miR-29b,miR-29b,0.000054,No,93
5862,Arf6,Arf6,0.000054,No,99
5863,DUSP6,DUSP6,0.000054,No,75
5864,RASSF10,RASSF10,0.000054,No,36
5865,APLP2,APLP2,0.000054,No,56
5866,LAMA5,LAMA5,0.000054,No,44
5867,IMPDH1,IMPDH1,0.000054,No,66
5868,SPRY4,SPRY4,0.000054,No,49
5869,AEBP1,AEBP1,0.000054,No,52
5870,miR-744,miR-744,0.000054,No,48
5871,KIF3A,KIF3A,0.000054,No,58
5872,DVL3,DVL3,0.000054,No,53
5873,PDCD4,PDCD4,0.000054,No,90
5874,NBAT1,NBAT1,0.000054,No,35
5875,miR-630,miR-630,0.000054,No,50
5876,Nanog,Nanog,0.000054,No,133
5877,LECT2,LECT2,0.000054,No,57
5878,HSPB8,HSPB8,0.000054,No,68
5879,CHD1L,CHD1L,0.000054,No,63
5880,GPIHBP1,GPIHBP1,0.000054,No,59
5881,Piezo2,Piezo2,0.000054,No,51
5882,Sox5,Sox5,0.000054,No,45
5883,Nedd4,Nedd4,0.000054,No,82
5884,OTUB1,OTUB1,0.000054,No,60
5885,PAK5,PAK5,0.000054,No,53
5886,LAMC1,LAMC1,0.000053,No,50
5887,TUSC7,TUSC7,0.000053,No,36
5888,AKT3,AKT3,0.000053,No,75
5889,miR-616,miR-616,0.000053,No,34
5890,ATG5,ATG5,0.000053,No,79
5891,Smad7,Smad7,0.000053,No,103
5892,miR-127-3p,miR-127-3p,0.000053,No,39
5893,RARbeta,RARbeta,0.000053,No,92
5894,SMC1A,SMC1A,0.000053,No,62
5895,GLIPR1,GLIPR1,0.000053,No,52
5896,ORC4,ORC4,0.000053,No,28
5897,AGPAT2,AGPAT2,0.000053,No,56
5898,mSin1,mSin1,0.000053,No,55
5899,miR-18a,miR-18a,0.000053,No,63
5900,GDAP1,GDAP1,0.000053,No,52
5901,LPLUNC1,LPLUNC1,0.000053,No,34
5902,Twist2,Twist2,0.000053,No,57
5903,KLF9,KLF9,0.000053,No,78
5904,GATA3,GATA3,0.000053,No,118
5905,RECQL5,RECQL5,0.000053,No,47
5906,Lrig1,Lrig1,0.000053,No,41
5907,AdoMetDC,AdoMetDC,0.000053,No,62
5908,Robo4,Robo4,0.000053,No,50
5909,GSTP1,GSTP1,0.000053,No,129
5910,FOXC2,FOXC2,0.000053,No,67
5911,DPCR1,DPCR1,0.000053,No,9
5912,LPCAT3,LPCAT3,0.000053,No,59
5913,BMAL1,BMAL1,0.000053,No,86
5914,E2F8,E2F8,0.000052,No,50
5915,CAMK2A,CAMK2A,0.000052,No,22
5916,miR-200c,miR-200c,0.000052,No,117
5917,KIR2DS2,KIR2DS2,0.000052,No,52
5918,BRCA2,BRCA2,0.000052,No,100
5919,miR-200a,miR-200a,0.000052,No,76
5920,miR-509-5p,miR-509-5p,0.000052,No,47
5921,FOXO1,FOXO1,0.000052,No,133
5922,EYA4,EYA4,0.000052,No,58
5923,ROCK1,ROCK1,0.000052,No,116
5924,TRAP1,TRAP1,0.000052,No,64
5925,EAAC1,EAAC1,0.000052,No,93
5926,KCNC3,KCNC3,0.000052,No,24
5927,WISP1,WISP1,0.000052,No,63
5928,miR-181d,miR-181d,0.000052,No,50
5929,CysLT1R,CysLT1R,0.000052,No,51
5930,PLCB4,PLCB4,0.000052,No,48
5931,RASSF1A,RASSF1A,0.000052,No,121
5932,miR-130b,miR-130b,0.000052,No,61
5933,SETDB1,SETDB1,0.000052,No,57
5934,miR-92b,miR-92b,0.000052,No,50
5935,NUAK2,NUAK2,0.000052,No,52
5936,EphB1,EphB1,0.000052,No,62
5937,EIF3D,EIF3D,0.000052,No,19
5938,ROCK2,ROCK2,0.000052,No,84
5939,GJB6,GJB6,0.000051,No,60
5940,URG4,URG4,0.000051,No,48
5941,KLK6,KLK6,0.000051,No,59
5942,ZFAS1,ZFAS1,0.000051,No,55
5943,FOXL1,FOXL1,0.000051,No,55
5944,KDM5A,KDM5A,0.000051,No,55
5945,FTH1P3,FTH1P3,0.000051,No,23
5946,GAS5,GAS5,0.000051,No,86
5947,SCN5A,SCN5A,0.000051,No,97
5948,PATZ1,PATZ1,0.000051,No,53
5949,FLT3,FLT3,0.000051,No,106
5950,FoxO1,FoxO1,0.000051,No,103
5951,HOXB9,HOXB9,0.000051,No,58
5952,KAP1,KAP1,0.000051,No,80
5953,GCAP1,GCAP1,0.000051,No,68
5954,CASC2,CASC2,0.000051,No,56
5955,miR-100,miR-100,0.000051,No,71
5956,hGDH2,hGDH2,0.000051,No,48
5957,EphA7,EphA7,0.000051,No,61
5958,TUG1,TUG1,0.000051,No,70
5959,SALL4,SALL4,0.000051,No,80
5960,MCRS1,MCRS1,0.000051,No,52
5961,PNPLA1,PNPLA1,0.000051,No,30
5962,DUSP5,DUSP5,0.000051,No,60
5963,SEMA3B,SEMA3B,0.000051,No,55
5964,HDAC5,HDAC5,0.000051,No,72
5965,ING1,ING1,0.000051,No,22
5966,SSTR5,SSTR5,0.000051,No,74
5967,ABCC9,ABCC9,0.000051,No,60
5968,CPT1C,CPT1C,0.000051,No,59
5969,Rab6,Rab6,0.000051,No,55
5970,Raldh3,Raldh3,0.000051,No,49
5971,GLUT1,GLUT1,0.000051,No,176
5972,ACAT1,ACAT1,0.000050,No,84
5973,ETV6,ETV6,0.000050,No,69
5974,miR-106b,miR-106b,0.000050,No,59
5975,NKX2-5,NKX2-5,0.000050,No,72
5976,Nectin-4,Nectin-4,0.000050,No,48
5977,ABCE1,ABCE1,0.000050,No,63
5978,CANT1,CANT1,0.000050,No,31
5979,TLN1,TLN1,0.000050,No,48
5980,Pex14p,Pex14p,0.000050,No,60
5981,miR-199a-3p,miR-199a-3p,0.000050,No,67
5982,GSTT1,GSTT1,0.000050,No,83
5983,GSTM1,GSTM1,0.000050,No,91
5984,HEATR1,HEATR1,0.000050,No,13
5985,ANGPTL2,ANGPTL2,0.000050,No,59
5986,miR-517a,miR-517a,0.000050,No,23
5987,ETV5,ETV5,0.000050,No,50
5988,CMPD1,CMPD1,0.000050,No,22
5989,HOXB7,HOXB7,0.000050,No,62
5990,CCNE1,CCNE1,0.000050,No,81
5991,PTPRZ1,PTPRZ1,0.000050,No,59
5992,SEPT4,SEPT4,0.000050,No,50
5993,SPON1,SPON1,0.000050,No,47
5994,PDCD6,PDCD6,0.000050,No,50
5995,TSPYL5,TSPYL5,0.000050,No,48
5996,miR-487b,miR-487b,0.000050,No,44
5997,FCGR3B,FCGR3B,0.000049,No,54
5998,Kindlin-2,Kindlin-2,0.000049,No,60
5999,ZIP4,ZIP4,0.000049,No,58
6000,ABCD1,ABCD1,0.000049,No,22
6001,lncTCF7,lncTCF7,0.000049,No,34
6002,CUGBP1,CUGBP1,0.000049,No,59
6003,miR-10b,miR-10b,0.000049,No,84
6004,Foxn1,Foxn1,0.000049,No,46
6005,ASCL1,ASCL1,0.000049,No,70
6006,ZHX1,ZHX1,0.000049,No,43
6007,HOXB3,HOXB3,0.000049,No,51
6008,miR-30e,miR-30e,0.000049,No,58
6009,BLACAT1,BLACAT1,0.000049,No,31
6010,GALNT2,GALNT2,0.000049,No,51
6011,SMARCA5,SMARCA5,0.000049,No,56
6012,Slit2,Slit2,0.000049,No,65
6013,LRIG1,LRIG1,0.000049,No,77
6014,KCNE3,KCNE3,0.000049,No,54
6015,ENO1,ENO1,0.000049,No,85
6016,EFEMP1,EFEMP1,0.000049,No,80
6017,LAMP2,LAMP2,0.000049,No,67
6018,EFEMP2,EFEMP2,0.000049,No,53
6019,ephrinB2,ephrinB2,0.000048,No,67
6020,COX5B,COX5B,0.000048,No,30
6021,COL4A3,COL4A3,0.000048,No,60
6022,ANGPTL3,ANGPTL3,0.000048,No,80
6023,HDAC4,HDAC4,0.000048,No,89
6024,SHIP2,SHIP2,0.000048,No,73
6025,ALX3,ALX3,0.000048,No,27
6026,GOLPH3,GOLPH3,0.000048,No,85
6027,ARID2,ARID2,0.000048,No,50
6028,Rab34,Rab34,0.000048,No,23
6029,TUSC2,TUSC2,0.000048,No,58
6030,JMJD3,JMJD3,0.000048,No,83
6031,SHOC2,SHOC2,0.000048,No,50
6032,P4HA1,P4HA1,0.000048,No,47
6033,KIF4A,KIF4A,0.000048,No,55
6034,cadherin-11,cadherin-11,0.000047,No,49
6035,DOK1,DOK1,0.000047,No,57
6036,NTN4,NTN4,0.000047,No,52
6037,FXYD3,FXYD3,0.000047,No,42
6038,SAMP1,SAMP1,0.000047,No,36
6039,ING4,ING4,0.000047,No,63
6040,BCAT1,BCAT1,0.000047,No,64
6041,CHRNA1,CHRNA1,0.000047,No,45
6042,HEY1,HEY1,0.000047,No,58
6043,NFATc4,NFATc4,0.000047,No,58
6044,plexin-B3,plexin-B3,0.000047,No,23
6045,NAV3,NAV3,0.000046,No,31
6046,SAMHD1,SAMHD1,0.000046,No,68
6047,ephrin-A5,ephrin-A5,0.000046,No,71
6048,ALX4,ALX4,0.000046,No,51
6049,KCNN4,KCNN4,0.000046,No,69
6050,HMBOX1,HMBOX1,0.000046,No,45
6051,caveolin-3,caveolin-3,0.000046,No,69
6052,SMARCB1,SMARCB1,0.000046,No,84
6053,BRCA1,BRCA1,0.000046,No,235
6054,XRCC1,XRCC1,0.000046,No,116
6055,DIXDC1,DIXDC1,0.000045,No,53
6056,KPNB1,KPNB1,0.000045,No,51
6057,ECRG4,ECRG4,0.000045,No,47
6058,GABRA1,GABRA1,0.000045,No,56
6059,NF45,NF45,0.000045,No,54
6060,GBP1,GBP1,0.000045,No,65
6061,HAPLN1,HAPLN1,0.000045,No,54
6062,ZIC4,ZIC4,0.000045,No,40
6063,FEZF1,FEZF1,0.000045,No,16
6064,NSUN2,NSUN2,0.000044,No,47
6065,PinX1,PinX1,0.000044,No,56
6066,TULP1,TULP1,0.000044,No,54
6067,VSIG4,VSIG4,0.000044,No,50
6068,AMIGO2,AMIGO2,0.000043,No,20
6069,eIF3b,eIF3b,0.000043,No,49
6070,HBP1,HBP1,0.000043,No,51
6071,NLGN3,NLGN3,0.000043,No,32
6072,Mertk,Mertk,0.000043,No,64
6073,ZEB1,ZEB1,0.000043,No,164
6074,LAMP3,LAMP3,0.000043,No,16
6075,GLTSCR1,GLTSCR1,0.000042,No,12
6076,kindlin-3,kindlin-3,0.000041,No,51
