rank,drug,drug_display,score,degree
1,hexachlorophene,hexachlorophene,0.978206,26
2,Panton-Valentine_leukocidin,Panton-Valentine leukocidin,0.977447,15
3,streptothricin,streptothricin,0.975775,7
4,naringenin,naringenin,0.975322,44
5,tolmetin,tolmetin,0.974496,17
6,abemaciclib,abemaciclib,0.974378,21
7,moclobemide,moclobemide,0.974280,31
8,dibekacin,dibekacin,0.974034,16
9,pralatrexate,pralatrexate,0.973641,15
10,guggulsterone,guggulsterone,0.973489,32
11,cabozantinib,cabozantinib,0.973463,34
12,sparfloxacin,sparfloxacin,0.973340,20
13,ellagic_acid,ellagic acid,0.973208,36
14,neocarzinostatin,neocarzinostatin,0.973204,26
15,trovafloxacin,trovafloxacin,0.973200,24
16,enoxaparin,enoxaparin,0.972753,33
17,"1,25-dihydroxyvitamin_D","1,25-dihydroxyvitamin D",0.972741,37
18,doripenem,doripenem,0.972681,18
19,besifloxacin,besifloxacin,0.972632,16
20,procaine_penicillin,procaine penicillin,0.972598,16
21,venlafaxine,venlafaxine,0.972584,32
22,Nutlin-3,Nutlin-3,0.972569,37
23,nicorandil,nicorandil,0.972555,34
24,methimazole,methimazole,0.972424,37
25,sodium_stibogluconate,sodium stibogluconate,0.972356,27
26,hesperetin,hesperetin,0.972343,32
27,alantolactone,alantolactone,0.972303,31
28,clinafloxacin,clinafloxacin,0.972299,17
29,FTY720,FTY720,0.972282,62
30,cilengitide,cilengitide,0.972278,34
31,dacomitinib,dacomitinib,0.972267,29
32,beclomethasone_dipropionate,beclomethasone dipropionate,0.972254,34
33,medroxyprogesterone,medroxyprogesterone,0.972205,22
34,tiuxetan,tiuxetan,0.972170,16
35,tazobactam,tazobactam,0.972124,18
36,NS-398,NS-398,0.972088,43
37,tinzaparin,tinzaparin,0.972078,23
38,tosufloxacin,tosufloxacin,0.972068,16
39,peiminine,peiminine,0.972056,12
40,licochalcone_A,licochalcone A,0.972053,33
41,dihydroergotamine,dihydroergotamine,0.971937,17
42,trofosfamide,trofosfamide,0.971914,18
43,leflunomide,leflunomide,0.971902,41
44,abiraterone,abiraterone,0.971885,32
45,kaempferol,kaempferol,0.971860,41
46,Pycnogenol,Pycnogenol,0.971851,25
47,geraniin,geraniin,0.971831,32
48,dihydrotachysterol,dihydrotachysterol,0.971718,17
49,salirasib,salirasib,0.971668,26
50,lentinan,lentinan,0.971665,28
51,repaglinide,repaglinide,0.971652,33
52,argatroban,argatroban,0.971630,31
53,luteoloside,luteoloside,0.971626,14
54,cholesteryl_esters,cholesteryl esters,0.971624,34
55,afatinib,afatinib,0.971525,34
56,17-ketosteroids,17-ketosteroids,0.971469,23
57,fenbufen,fenbufen,0.971456,17
58,deoxypodophyllotoxin,deoxypodophyllotoxin,0.971436,10
59,dibromodulcitol,dibromodulcitol,0.971376,15
60,SU5416,SU5416,0.971343,35
61,cinnamaldehyde,cinnamaldehyde,0.971323,34
62,rivaroxaban,rivaroxaban,0.971317,33
63,marbofloxacin,marbofloxacin,0.971311,15
64,methylcobalamin,methylcobalamin,0.971308,32
65,procainamide,procainamide,0.971287,30
66,dasatinib,dasatinib,0.971280,57
67,rifabutin,rifabutin,0.971260,31
68,zeaxanthin,zeaxanthin,0.971253,31
69,saracatinib,saracatinib,0.971243,31
70,piceatannol,piceatannol,0.971238,36
71,fludrocortisone,fludrocortisone,0.971238,29
72,vandetanib,vandetanib,0.971225,41
73,artocarpin,artocarpin,0.971153,23
74,cediranib,cediranib,0.971143,37
75,punicalagin,punicalagin,0.971127,31
76,latanoprost,latanoprost,0.971118,15
77,zidovudine,zidovudine,0.971105,40
78,terameprocol,terameprocol,0.971098,17
79,fangchinoline,fangchinoline,0.971089,28
80,sivelestat,sivelestat,0.971087,31
81,naphthalene,naphthalene,0.971049,37
82,astaxanthin,astaxanthin,0.971047,37
83,BQ-788,BQ-788,0.971036,33
84,cephalosporin,cephalosporin,0.971033,29
85,metolazone,metolazone,0.971023,20
86,atrasentan,atrasentan,0.971022,23
87,ceftriaxone,ceftriaxone,0.971009,34
88,regorafenib,regorafenib,0.971008,35
89,sauchinone,sauchinone,0.970986,32
90,cephaloridine,cephaloridine,0.970960,21
91,VEGF165,VEGF165,0.970948,45
92,clopidogrel,clopidogrel,0.970944,37
93,desmosine,desmosine,0.970928,23
94,budesonide,budesonide,0.970926,48
95,lapatinib,lapatinib,0.970917,49
96,Endocannabinoids,Endocannabinoids,0.970901,34
97,sennoside,sennoside,0.970893,21
98,flucloxacillin,flucloxacillin,0.970891,23
99,lucanthone,lucanthone,0.970887,17
100,nitrendipine,nitrendipine,0.970886,32
101,azadirachtin,azadirachtin,0.970884,19
102,tirofiban,tirofiban,0.970876,28
103,yokukansan,yokukansan,0.970870,14
104,metoclopramide,metoclopramide,0.970863,33
105,gambogic_acid,gambogic acid,0.970863,34
106,lysophospholipids,lysophospholipids,0.970857,30
107,mifepristone,mifepristone,0.970845,63
108,sevoflurane,sevoflurane,0.970837,67
109,dorzolamide,dorzolamide,0.970824,27
110,haematoporphyrin,haematoporphyrin,0.970800,12
111,saquinavir,saquinavir,0.970793,32
112,cefotaxime,cefotaxime,0.970774,30
113,hypochlorous_acid,hypochlorous acid,0.970771,33
114,isoquercitrin,isoquercitrin,0.970740,27
115,methylparaben,methylparaben,0.970717,21
116,pefloxacin,pefloxacin,0.970708,29
117,fleroxacin,fleroxacin,0.970696,21
118,amiodarone,amiodarone,0.970675,42
119,chlorotoxin,chlorotoxin,0.970670,15
120,glufosfamide,glufosfamide,0.970659,14
121,LQB-118,LQB-118,0.970638,10
122,catechol,catechol,0.970632,35
123,chlorothiazide,chlorothiazide,0.970606,27
124,D-aspartate,D-aspartate,0.970583,30
125,leukotriene_B4,leukotriene B4,0.970582,36
126,AZD6244,AZD6244,0.970574,44
127,lonafarnib,lonafarnib,0.970541,35
128,9-nitrocamptothecin,9-nitrocamptothecin,0.970518,18
129,Schisandrin_B,Schisandrin B,0.970514,33
130,batimastat,batimastat,0.970512,33
131,cholecystokinin,cholecystokinin,0.970506,50
132,ABT-737,ABT-737,0.970499,44
133,neopterin,neopterin,0.970496,37
134,telavancin,telavancin,0.970494,20
135,parecoxib,parecoxib,0.970488,33
136,afobazole,afobazole,0.970485,22
137,MS-275,MS-275,0.970471,45
138,cloxacillin,cloxacillin,0.970457,22
139,andrographolide,andrographolide,0.970454,43
140,tartrazine,tartrazine,0.970454,23
141,pentosidine,pentosidine,0.970452,23
142,laromustine,laromustine,0.970411,17
143,epinephrine,epinephrine,0.970371,73
144,montelukast,montelukast,0.970367,40
145,piracetam,piracetam,0.970349,28
146,gamma-linolenic_acid,gamma-linolenic acid,0.970346,33
147,dicloxacillin,dicloxacillin,0.970331,23
148,chrysophanol,chrysophanol,0.970324,29
149,amarogentin,amarogentin,0.970313,25
150,nortriptyline,nortriptyline,0.970311,32
151,nitazoxanide,nitazoxanide,0.970299,28
152,mycophenolate_mofetil,mycophenolate mofetil,0.970279,42
153,Apogossypolone,Apogossypolone,0.970264,13
154,cariporide,cariporide,0.970227,30
155,rimonabant,rimonabant,0.970213,8
156,spironolactone,spironolactone,0.970208,43
157,bryostatin_1,bryostatin 1,0.970192,34
158,yohimbine,yohimbine,0.970188,36
159,calcium_gluconate,calcium gluconate,0.970179,34
160,tobramycin,tobramycin,0.970164,36
161,aclidinium_bromide,aclidinium bromide,0.970153,12
162,diazepam,diazepam,0.970126,48
163,allyl_isothiocyanate,allyl isothiocyanate,0.970120,31
164,bruceantin,bruceantin,0.970108,12
165,azelnidipine,azelnidipine,0.970106,32
166,bevacizumab,bevacizumab,0.970104,26
167,vesnarinone,vesnarinone,0.970091,33
168,chlorhexidine_gluconate,chlorhexidine gluconate,0.970071,18
169,finasteride,finasteride,0.970070,32
170,norepinephrine,norepinephrine,0.970044,98
171,propagermanium,propagermanium,0.970042,25
172,concanamycin_A,concanamycin A,0.970040,18
173,hydroxycarbamide,hydroxycarbamide,0.970028,23
174,gatifloxacin,gatifloxacin,0.970025,28
175,corilagin,corilagin,0.970019,32
176,fludarabine,fludarabine,0.970014,46
177,valganciclovir,valganciclovir,0.969984,19
178,fasudil,fasudil,0.969973,50
179,daclatasvir,daclatasvir,0.969963,23
180,ixazomib,ixazomib,0.969962,26
181,JSI-124,JSI-124,0.969952,33
182,cephalexin,cephalexin,0.969949,27
183,Tc-99m_MDP,Tc-99m MDP,0.969931,30
184,amyloid,amyloid,0.969924,81
185,zibotentan,zibotentan,0.969903,24
186,L-norepinephrine,L-norepinephrine,0.969902,20
187,dihydrostreptomycin,dihydrostreptomycin,0.969896,15
188,biphalin,biphalin,0.969891,23
189,brostallicin,brostallicin,0.969886,10
190,ciclopirox,ciclopirox,0.969882,26
191,paricalcitol,paricalcitol,0.969882,32
192,auraptene,auraptene,0.969867,32
193,telmisartan,telmisartan,0.969855,54
194,masitinib,masitinib,0.969853,34
195,semicarbazide,semicarbazide,0.969837,26
196,quinazoline,quinazoline,0.969835,30
197,ruxolitinib,ruxolitinib,0.969829,41
198,thiazide,thiazide,0.969796,32
199,flunarizine,flunarizine,0.969776,33
200,fullerene,fullerene,0.969771,25
201,trifluoperazine,trifluoperazine,0.969769,36
202,nitrofurantoin,nitrofurantoin,0.969754,26
203,thallium-201,thallium-201,0.969753,15
204,lenvatinib,lenvatinib,0.969750,35
205,rebamipide,rebamipide,0.969743,31
206,onabotulinumtoxinA,onabotulinumtoxinA,0.969738,18
207,6-mercaptopurine,6-mercaptopurine,0.969738,33
208,polyphenols,polyphenols,0.969715,54
209,cystemustine,cystemustine,0.969712,15
210,diethylstilbestrol,diethylstilbestrol,0.969710,43
211,gemifloxacin,gemifloxacin,0.969707,19
212,riluzole,riluzole,0.969701,38
213,dihydrotestosterone,dihydrotestosterone,0.969699,53
214,canthaxanthin,canthaxanthin,0.969696,23
215,potassium_thiocyanate,potassium thiocyanate,0.969689,16
216,FK228,FK228,0.969686,41
217,flupirtine,flupirtine,0.969679,27
218,iminodiacetic_acid,iminodiacetic acid,0.969662,16
219,plitidepsin,plitidepsin,0.969654,31
220,levobupivacaine,levobupivacaine,0.969651,25
221,beta-elemene,beta-elemene,0.969647,25
222,econazole,econazole,0.969642,25
223,carfilzomib,carfilzomib,0.969642,36
224,micafungin,micafungin,0.969636,24
225,methazolamide,methazolamide,0.969635,25
226,meprobamate,meprobamate,0.969630,22
227,Cryptotanshinone,Cryptotanshinone,0.969623,32
228,defibrotide,defibrotide,0.969619,31
229,cyproheptadine,cyproheptadine,0.969617,35
230,probucol,probucol,0.969616,36
231,NS1619,NS1619,0.969614,26
232,ophiobolin_A,ophiobolin A,0.969604,13
233,streptomycin,streptomycin,0.969594,38
234,cyclic_nucleotides,cyclic nucleotides,0.969583,39
235,itraconazole,itraconazole,0.969583,61
236,lubiprostone,lubiprostone,0.969579,26
237,pentapeptide,pentapeptide,0.969576,28
238,paeoniflorin,paeoniflorin,0.969564,34
239,bergamottin,bergamottin,0.969562,19
240,enprostil,enprostil,0.969548,20
241,potassium_iodide,potassium iodide,0.969540,29
242,nimbolide,nimbolide,0.969537,33
243,lisinopril,lisinopril,0.969530,33
244,tibolone,tibolone,0.969530,36
245,nifedipine,nifedipine,0.969512,50
246,colistimethate,colistimethate,0.969486,14
247,furazolidone,furazolidone,0.969485,26
248,hydrochlorothiazide,hydrochlorothiazide,0.969484,43
249,meglumine_antimoniate,meglumine antimoniate,0.969484,19
250,ifosfamide,ifosfamide,0.969482,40
251,ticlopidine,ticlopidine,0.969471,34
252,incadronate,incadronate,0.969468,24
253,anagrelide,anagrelide,0.969443,27
254,dacarbazine,dacarbazine,0.969441,40
255,ginsenoside_Rh1,ginsenoside Rh1,0.969427,22
256,chromium-51,chromium-51,0.969400,17
257,hydantoin,hydantoin,0.969385,20
258,methamphetamine,methamphetamine,0.969364,50
259,tetrandrine,tetrandrine,0.969360,37
260,capecitabine,capecitabine,0.969358,39
261,norcantharidin,norcantharidin,0.969352,33
262,baicalin,baicalin,0.969347,55
263,N-methylhistamine,N-methylhistamine,0.969340,16
264,resminostat,resminostat,0.969337,18
265,disopyramide,disopyramide,0.969328,25
266,ascofuranone,ascofuranone,0.969324,23
267,anandamide,anandamide,0.969324,40
268,tetrahydrocurcumin,tetrahydrocurcumin,0.969304,22
269,remifentanil,remifentanil,0.969302,33
270,dichloroacetic_acid,dichloroacetic acid,0.969298,31
271,methylprednisolone,methylprednisolone,0.969285,64
272,cabazitaxel,cabazitaxel,0.969283,31
273,levofloxacin,levofloxacin,0.969275,24
274,tramadol,tramadol,0.969264,31
275,erythromycin_ethylsuccinate,erythromycin ethylsuccinate,0.969258,17
276,phenylephrine,phenylephrine,0.969253,44
277,vemurafenib,vemurafenib,0.969244,39
278,harringtonine,harringtonine,0.969243,16
279,moxifloxacin,moxifloxacin,0.969242,40
280,jaceosidin,jaceosidin,0.969228,24
281,L-glutamate,L-glutamate,0.969221,36
282,tandutinib,tandutinib,0.969220,24
283,turpentine,turpentine,0.969212,31
284,bumetanide,bumetanide,0.969208,37
285,toceranib_phosphate,toceranib phosphate,0.969208,17
286,thymoquinone,thymoquinone,0.969204,34
287,teniposide,teniposide,0.969199,40
288,sodium_cyanide,sodium cyanide,0.969185,20
289,prednisone,prednisone,0.969160,58
290,chlorobutanol,chlorobutanol,0.969149,16
291,ertapenem,ertapenem,0.969141,20
292,racecadotril,racecadotril,0.969140,29
293,oseltamivir,oseltamivir,0.969136,33
294,I-BET151,I-BET151,0.969135,17
295,estramustine,estramustine,0.969115,29
296,dihydroorotate,dihydroorotate,0.969114,16
297,cerivastatin,cerivastatin,0.969110,33
298,cannabinoid,cannabinoid,0.969107,45
299,nomifensine,nomifensine,0.969100,29
300,bicalutamide,bicalutamide,0.969088,35
301,doxapram,doxapram,0.969077,26
302,ravuconazole,ravuconazole,0.969073,16
303,pegylated_interferon,pegylated interferon,0.969068,32
304,ICG-001,ICG-001,0.969067,31
305,pegaptanib,pegaptanib,0.969062,21
306,toremifene,toremifene,0.969061,32
307,allopurinol,allopurinol,0.969035,38
308,sodium_taurocholate,sodium taurocholate,0.969027,37
309,pyridine,pyridine,0.969024,32
310,lithium_chloride,lithium chloride,0.969021,37
311,perphenazine,perphenazine,0.969019,30
312,lepirudin,lepirudin,0.969015,19
313,sterigmatocystin,sterigmatocystin,0.969014,18
314,potassium_permanganate,potassium permanganate,0.969012,18
315,coproporphyrin,coproporphyrin,0.969010,19
316,raltegravir,raltegravir,0.969002,31
317,methyl_jasmonate,methyl jasmonate,0.968999,32
318,AZD1480,AZD1480,0.968997,26
319,cucurbitacin_B,cucurbitacin B,0.968996,31
320,zanamivir,zanamivir,0.968995,22
321,fluphenazine,fluphenazine,0.968992,31
322,safranal,safranal,0.968987,24
323,lansoprazole,lansoprazole,0.968986,33
324,diflunisal,diflunisal,0.968980,27
325,lamivudine,lamivudine,0.968968,35
326,secnidazole,secnidazole,0.968967,15
327,fisetin,fisetin,0.968962,42
328,dabigatran,dabigatran,0.968958,35
329,pioglitazone,pioglitazone,0.968950,74
330,quinolinic_acid,quinolinic acid,0.968950,36
331,enzastaurin,enzastaurin,0.968939,35
332,allicin,allicin,0.968932,33
333,dexpanthenol,dexpanthenol,0.968929,17
334,irbesartan,irbesartan,0.968928,33
335,psychosine,psychosine,0.968927,33
336,terlipressin,terlipressin,0.968915,31
337,sodium_hypochlorite,sodium hypochlorite,0.968913,19
338,Spicamycin,Spicamycin,0.968907,6
339,Na,Na,0.968897,42
340,tranylcypromine,tranylcypromine,0.968893,31
341,S-nitrosoglutathione,S-nitrosoglutathione,0.968889,35
342,nifuroxazide,nifuroxazide,0.968878,17
343,lanthanum,lanthanum,0.968877,31
344,ponatinib,ponatinib,0.968867,36
345,oxandrolone,oxandrolone,0.968865,30
346,cisapride,cisapride,0.968849,33
347,casticin,casticin,0.968840,30
348,beta-carotene,beta-carotene,0.968834,46
349,fenretinide,fenretinide,0.968829,41
350,progesterone,progesterone,0.968816,211
351,ixabepilone,ixabepilone,0.968812,25
352,pergolide,pergolide,0.968807,33
353,ferumoxytol,ferumoxytol,0.968805,20
354,amifostine,amifostine,0.968804,35
355,nintedanib,nintedanib,0.968794,34
356,methoxyflurane,methoxyflurane,0.968785,26
357,TNP-470,TNP-470,0.968779,36
358,Icariside_II,Icariside II,0.968778,28
359,nigericin,nigericin,0.968765,31
360,bromazepam,bromazepam,0.968764,20
361,glycyrrhizin,glycyrrhizin,0.968762,34
362,Z-ligustilide,Z-ligustilide,0.968761,28
363,U18666A,U18666A,0.968756,32
364,amobarbital,amobarbital,0.968744,17
365,indole-3-carbinol,indole-3-carbinol,0.968744,32
366,halofuginone,halofuginone,0.968734,33
367,rasagiline,rasagiline,0.968734,32
368,daunorubicin,daunorubicin,0.968733,47
369,pilsicainide,pilsicainide,0.968733,22
370,physostigmine,physostigmine,0.968733,34
371,eicosanoid,eicosanoid,0.968728,32
372,hycanthone,hycanthone,0.968723,17
373,testosterone_enanthate,testosterone enanthate,0.968718,25
374,pyridoxamine,pyridoxamine,0.968714,24
375,amphetamines,amphetamines,0.968709,31
376,azlocillin,azlocillin,0.968706,19
377,iophendylate,iophendylate,0.968703,12
378,ceftaroline,ceftaroline,0.968686,20
379,kojic_acid,kojic acid,0.968685,24
380,lanreotide,lanreotide,0.968679,34
381,thioacetamide,thioacetamide,0.968677,33
382,lomeguatrib,lomeguatrib,0.968673,13
383,pyridone,pyridone,0.968670,10
384,isobavachalcone,isobavachalcone,0.968670,16
385,nifurtimox,nifurtimox,0.968666,17
386,isotretinoin,isotretinoin,0.968666,54
387,lactacystin,lactacystin,0.968654,37
388,salinomycin,salinomycin,0.968648,40
389,daidzein,daidzein,0.968644,36
390,chlordane,chlordane,0.968638,21
391,raloxifene,raloxifene,0.968637,43
392,gibberellic_acid,gibberellic acid,0.968634,25
393,icariin,icariin,0.968630,39
394,barbiturates,barbiturates,0.968626,22
395,maduramicin,maduramicin,0.968616,10
396,griseofulvin,griseofulvin,0.968614,26
397,bezafibrate,bezafibrate,0.968597,40
398,tiazofurin,tiazofurin,0.968592,25
399,carisoprodol,carisoprodol,0.968586,16
400,chlorozotocin,chlorozotocin,0.968584,16
401,ofloxacin,ofloxacin,0.968578,40
402,triethyltin,triethyltin,0.968574,17
403,deoxycholic_acid,deoxycholic acid,0.968565,36
404,CI-1040,CI-1040,0.968564,31
405,amphotericin_B,amphotericin B,0.968564,75
406,demethoxycurcumin,demethoxycurcumin,0.968561,23
407,pyocyanin,pyocyanin,0.968561,31
408,arachidonic_acid,arachidonic acid,0.968555,97
409,alfuzosin,alfuzosin,0.968552,21
410,isoflavones,isoflavones,0.968551,37
411,cicletanine,cicletanine,0.968549,19
412,phosphoethanolamine,phosphoethanolamine,0.968548,30
413,apatinib,apatinib,0.968547,33
414,sodium_azide,sodium azide,0.968547,33
415,cabergoline,cabergoline,0.968542,35
416,flavopiridol,flavopiridol,0.968535,45
417,mevastatin,mevastatin,0.968533,29
418,tangeretin,tangeretin,0.968526,31
419,heparan_sulfate,heparan sulfate,0.968524,39
420,nelfinavir,nelfinavir,0.968522,36
421,dalteparin,dalteparin,0.968519,31
422,panobinostat,panobinostat,0.968505,46
423,arctigenin,arctigenin,0.968503,35
424,oprozomib,oprozomib,0.968478,14
425,cyanamide,cyanamide,0.968476,32
426,niridazole,niridazole,0.968469,20
427,alfacalcidol,alfacalcidol,0.968468,32
428,isothiocyanate,isothiocyanate,0.968467,29
429,pilocarpine,pilocarpine,0.968461,36
430,cortisone_acetate,cortisone acetate,0.968458,25
431,fluindione,fluindione,0.968453,17
432,anthraquinones,anthraquinones,0.968446,29
433,chlorthalidone,chlorthalidone,0.968442,25
434,ristocetin,ristocetin,0.968442,32
435,nobiletin,nobiletin,0.968440,40
436,methysergide,methysergide,0.968415,31
437,procarbazine,procarbazine,0.968413,32
438,sodium_nitroprusside,sodium nitroprusside,0.968408,36
439,phenothiazines,phenothiazines,0.968408,34
440,neostigmine,neostigmine,0.968397,32
441,leukotriene,leukotriene,0.968392,35
442,propafenone,propafenone,0.968392,34
443,tivozanib,tivozanib,0.968390,24
444,pirfenidone,pirfenidone,0.968390,34
445,naproxen,naproxen,0.968390,34
446,idelalisib,idelalisib,0.968389,33
447,bexarotene,bexarotene,0.968380,42
448,medetomidine,medetomidine,0.968375,25
449,carbohydrate,carbohydrate,0.968367,175
450,fluorocitrate,fluorocitrate,0.968365,16
451,pentoxifylline,pentoxifylline,0.968353,44
452,carbon_tetrachloride,carbon tetrachloride,0.968348,40
453,lithocholic_acid,lithocholic acid,0.968347,34
454,loperamide,loperamide,0.968334,33
455,amikacin,amikacin,0.968331,39
456,bisphosphonate,bisphosphonate,0.968331,26
457,2-acetylaminofluorene,2-acetylaminofluorene,0.968325,30
458,leukotrienes,leukotrienes,0.968325,35
459,thalidomide,thalidomide,0.968323,69
460,ticarcillin,ticarcillin,0.968322,17
461,20-hydroxyecdysone,20-hydroxyecdysone,0.968318,33
462,topiramate,topiramate,0.968311,32
463,pazopanib,pazopanib,0.968298,46
464,pentobarbital,pentobarbital,0.968297,37
465,pterostilbene,pterostilbene,0.968294,35
466,thimerosal,thimerosal,0.968280,25
467,GDC-0449,GDC-0449,0.968278,33
468,androgens,androgens,0.968270,102
469,fructosamine,fructosamine,0.968266,31
470,salidroside,salidroside,0.968264,47
471,hexobarbital,hexobarbital,0.968252,21
472,picropodophyllin,picropodophyllin,0.968250,20
473,pentachlorophenol,pentachlorophenol,0.968248,31
474,arginine_vasopressin,arginine vasopressin,0.968247,44
475,tirapazamine,tirapazamine,0.968245,25
476,ABT-199,ABT-199,0.968242,33
477,bromoenol_lactone,bromoenol lactone,0.968236,23
478,polyacrylamide,polyacrylamide,0.968229,35
479,docosahexaenoic_acid,docosahexaenoic acid,0.968228,52
480,zinc_sulfate,zinc sulfate,0.968226,30
481,nicardipine,nicardipine,0.968225,36
482,D-penicillamine,D-penicillamine,0.968221,38
483,marimastat,marimastat,0.968221,31
484,GW4869,GW4869,0.968221,24
485,hematoxylin,hematoxylin,0.968219,37
486,isoquinoline_alkaloids,isoquinoline alkaloids,0.968217,27
487,Withaferin_A,Withaferin A,0.968212,35
488,spiramycin,spiramycin,0.968211,21
489,acenocoumarol,acenocoumarol,0.968210,27
490,corticosterone,corticosterone,0.968203,63
491,Tanshinone_IIA,Tanshinone IIA,0.968200,45
492,calpeptin,calpeptin,0.968184,25
493,dabrafenib,dabrafenib,0.968175,34
494,MCC-555,MCC-555,0.968174,25
495,camptothecin,camptothecin,0.968169,55
496,gamma_glutamyl,gamma glutamyl,0.968163,34
497,nilotinib,nilotinib,0.968162,41
498,ritodrine,ritodrine,0.968161,29
499,testosterone_propionate,testosterone propionate,0.968160,32
500,bisphenol_A,bisphenol A,0.968156,39
501,polymyxin_B,polymyxin B,0.968148,35
502,phorbol_esters,phorbol esters,0.968146,57
503,hesperidin,hesperidin,0.968146,34
504,trihexyphenidyl,trihexyphenidyl,0.968145,17
505,palifermin,palifermin,0.968144,25
506,azathioprine,azathioprine,0.968143,53
507,boric_acid,boric acid,0.968141,31
508,tetrahydrobiopterin,tetrahydrobiopterin,0.968141,39
509,dehydroemetine,dehydroemetine,0.968140,15
510,corticosteroids,corticosteroids,0.968133,113
511,cycloferon,cycloferon,0.968131,19
512,organophosphate,organophosphate,0.968130,32
513,lenalidomide,lenalidomide,0.968117,55
514,lipiodol,lipiodol,0.968114,23
515,pyrazofurin,pyrazofurin,0.968111,15
516,paliperidone,paliperidone,0.968107,30
517,toyocamycin,toyocamycin,0.968106,17
518,melphalan,melphalan,0.968104,47
519,celastrol,celastrol,0.968100,50
520,pindolol,pindolol,0.968099,33
521,mangiferin,mangiferin,0.968089,37
522,troglitazone,troglitazone,0.968088,49
523,rosuvastatin,rosuvastatin,0.968081,43
524,famotidine,famotidine,0.968080,32
525,scutellarin,scutellarin,0.968071,34
526,5-aminolevulinic_acid,5-aminolevulinic acid,0.968068,40
527,daphnetin,daphnetin,0.968063,30
528,T-2_toxin,T-2 toxin,0.968062,35
529,U0126,U0126,0.968061,87
530,eicosapentaenoic_acid,eicosapentaenoic acid,0.968060,42
531,SD-208,SD-208,0.968055,32
532,OK-432,OK-432,0.968048,39
533,leukotriene_C4,leukotriene C4,0.968037,31
534,costunolide,costunolide,0.968033,32
535,geldanamycin,geldanamycin,0.968026,47
536,Piperlongumine,Piperlongumine,0.968020,32
537,estramustine_phosphate,estramustine phosphate,0.968018,28
538,levetiracetam,levetiracetam,0.968018,35
539,prednimustine,prednimustine,0.968016,16
540,vitamin_K2,vitamin K2,0.968011,31
541,zardaverine,zardaverine,0.968008,14
542,methylphenidate,methylphenidate,0.968004,32
543,thioflavin_T,thioflavin T,0.968004,27
544,leuprolide_acetate,leuprolide acetate,0.968001,33
545,thiamphenicol,thiamphenicol,0.968000,17
546,sodium_thiosulfate,sodium thiosulfate,0.967999,18
547,ziprasidone,ziprasidone,0.967999,31
548,ritonavir,ritonavir,0.967997,40
549,methadone,methadone,0.967992,36
550,toosendanin,toosendanin,0.967990,22
551,catecholamine,catecholamine,0.967990,58
552,phytanic_acid,phytanic acid,0.967980,35
553,F2-isoprostanes,F2-isoprostanes,0.967980,25
554,brivaracetam,brivaracetam,0.967978,21
555,germanium,germanium,0.967967,18
556,posaconazole,posaconazole,0.967961,43
557,methyldopa,methyldopa,0.967961,31
558,olanzapine,olanzapine,0.967961,45
559,trichloroethylene,trichloroethylene,0.967960,34
560,tolvaptan,tolvaptan,0.967959,30
561,esomeprazole,esomeprazole,0.967959,30
562,rifampicin,rifampicin,0.967959,52
563,carboquone,carboquone,0.967937,16
564,Gd-DTPA,Gd-DTPA,0.967933,37
565,urethane,urethane,0.967932,34
566,indolinone,indolinone,0.967928,19
567,quinolones,quinolones,0.967928,32
568,wogonin,wogonin,0.967915,39
569,hydroxyproline,hydroxyproline,0.967909,43
570,valinomycin,valinomycin,0.967902,25
571,macitentan,macitentan,0.967899,31
572,warfarin,warfarin,0.967897,46
573,erufosine,erufosine,0.967892,19
574,ABT-263,ABT-263,0.967887,32
575,acetamiprid,acetamiprid,0.967867,12
576,dolichyl_phosphate,dolichyl phosphate,0.967861,13
577,mazindol,mazindol,0.967860,23
578,ropinirole,ropinirole,0.967858,26
579,ketoprofen,ketoprofen,0.967856,31
580,entecavir,entecavir,0.967851,30
581,aminopterin,aminopterin,0.967844,25
582,cinacalcet,cinacalcet,0.967840,30
583,verapamil,verapamil,0.967827,67
584,saperconazole,saperconazole,0.967825,8
585,lysophosphatidic_acid,lysophosphatidic acid,0.967817,51
586,Taurine_chloramine,Taurine chloramine,0.967816,30
587,amsacrine,amsacrine,0.967813,34
588,disulfiram,disulfiram,0.967810,42
589,cysteinyl_leukotriene,cysteinyl leukotriene,0.967806,32
590,leukotriene_D4,leukotriene D4,0.967786,31
591,tetradecylthioacetic_acid,tetradecylthioacetic acid,0.967783,15
592,pentamidine,pentamidine,0.967770,38
593,minoxidil,minoxidil,0.967764,35
594,Liraglutide,Liraglutide,0.967755,32
595,Astragaloside_IV,Astragaloside IV,0.967742,33
596,saponins,saponins,0.967735,40
597,diterpene,diterpene,0.967728,25
598,idoxuridine,idoxuridine,0.967725,24
599,moxidectin,moxidectin,0.967715,19
600,homovanillic_acid,homovanillic acid,0.967714,31
601,ciglitazone,ciglitazone,0.967704,37
602,clomipramine,clomipramine,0.967703,32
603,polyphenol,polyphenol,0.967691,39
604,nitroglycerin,nitroglycerin,0.967687,36
605,roflumilast,roflumilast,0.967682,33
606,buspirone,buspirone,0.967678,31
607,omeprazole,omeprazole,0.967677,41
608,amuvatinib,amuvatinib,0.967671,18
609,draflazine,draflazine,0.967667,11
610,brexpiprazole,brexpiprazole,0.967665,23
611,fluorine,fluorine,0.967658,33
612,pacritinib,pacritinib,0.967654,22
613,N-telopeptide,N-telopeptide,0.967653,29
614,d-amphetamine,d-amphetamine,0.967641,33
615,benzyl_isothiocyanate,benzyl isothiocyanate,0.967631,32
616,purine_nucleotides,purine nucleotides,0.967631,29
617,oltipraz,oltipraz,0.967626,32
618,betamethasone,betamethasone,0.967626,44
619,thiols,thiols,0.967624,44
620,gossypin,gossypin,0.967619,21
621,PD98059,PD98059,0.967615,85
622,methoctramine,methoctramine,0.967613,22
623,ceritinib,ceritinib,0.967611,32
624,perindopril,perindopril,0.967607,35
625,bisphosphonates,bisphosphonates,0.967603,51
626,metrifonate,metrifonate,0.967603,29
627,ibutilide,ibutilide,0.967601,18
628,fludarabine_phosphate,fludarabine phosphate,0.967596,18
629,menadione,menadione,0.967594,39
630,daptomycin,daptomycin,0.967593,27
631,URB597,URB597,0.967591,33
632,indomethacin,indomethacin,0.967579,78
633,phorbol_myristate_acetate,phorbol myristate acetate,0.967575,70
634,mephenesin,mephenesin,0.967571,16
635,tigecycline,tigecycline,0.967567,30
636,bortezomib,bortezomib,0.967565,126
637,sulfide,sulfide,0.967565,36
638,pyrimidine_nucleotide,pyrimidine nucleotide,0.967564,20
639,esmolol,esmolol,0.967562,33
640,glyceraldehyde,glyceraldehyde,0.967556,28
641,strychnine,strychnine,0.967556,25
642,ridaforolimus,ridaforolimus,0.967555,26
643,tideglusib,tideglusib,0.967555,11
644,salicylate,salicylate,0.967550,46
645,clonazepam,clonazepam,0.967545,32
646,ABT-627,ABT-627,0.967544,29
647,triamcinolone_acetonide,triamcinolone acetonide,0.967542,38
648,manumycin,manumycin,0.967538,32
649,isoprostanes,isoprostanes,0.967532,30
650,dichlorvos,dichlorvos,0.967532,34
651,metaproterenol,metaproterenol,0.967526,25
652,ursodeoxycholic_acid,ursodeoxycholic acid,0.967525,39
653,amonafide,amonafide,0.967518,23
654,caffeic_acid_phenethyl_ester,caffeic acid phenethyl ester,0.967518,34
655,sulfanilamide,sulfanilamide,0.967516,18
656,oxymatrine,oxymatrine,0.967499,34
657,evodiamine,evodiamine,0.967499,37
658,acemetacin,acemetacin,0.967498,14
659,phosphoenolpyruvate,phosphoenolpyruvate,0.967491,36
660,cortisol,cortisol,0.967489,158
661,vatalanib,vatalanib,0.967489,31
662,apixaban,apixaban,0.967485,29
663,trichostatin_A,trichostatin A,0.967483,80
664,caspofungin,caspofungin,0.967483,31
665,adenylate,adenylate,0.967478,39
666,fluvoxamine,fluvoxamine,0.967474,34
667,steroid_saponins,steroid saponins,0.967470,20
668,megestrol_acetate,megestrol acetate,0.967469,33
669,paroxetine,paroxetine,0.967469,35
670,ketorolac,ketorolac,0.967465,31
671,sufentanil,sufentanil,0.967462,26
672,anthracycline,anthracycline,0.967458,50
673,sphingolipids,sphingolipids,0.967452,37
674,perampanel,perampanel,0.967450,24
675,modafinil,modafinil,0.967447,34
676,dexmedetomidine,dexmedetomidine,0.967446,40
677,alkannin,alkannin,0.967440,12
678,phenylpropanoid,phenylpropanoid,0.967438,31
679,terfenadine,terfenadine,0.967437,36
680,phosphoric_acid,phosphoric acid,0.967426,18
681,chlorine,chlorine,0.967424,40
682,cefuroxime,cefuroxime,0.967421,29
683,scoparone,scoparone,0.967421,32
684,potassium_chloride,potassium chloride,0.967418,30
685,benzodiazepines,benzodiazepines,0.967417,49
686,tryptanthrin,tryptanthrin,0.967412,31
687,maxacalcitol,maxacalcitol,0.967409,31
688,EB1089,EB1089,0.967404,32
689,cinnarizine,cinnarizine,0.967401,23
690,monocrotaline,monocrotaline,0.967396,32
691,arenobufagin,arenobufagin,0.967387,23
692,isothiocyanates,isothiocyanates,0.967384,35
693,diltiazem,diltiazem,0.967383,38
694,benidipine,benidipine,0.967380,30
695,corticosteroid,corticosteroid,0.967379,55
696,sibutramine,sibutramine,0.967379,32
697,ligustrazine,ligustrazine,0.967375,37
698,crocidolite,crocidolite,0.967375,28
699,methylmethacrylate,methylmethacrylate,0.967371,21
700,zoledronic_acid,zoledronic acid,0.967367,51
701,anisomycin,anisomycin,0.967360,40
702,sagopilone,sagopilone,0.967342,17
703,gabexate_mesilate,gabexate mesilate,0.967338,34
704,motesanib,motesanib,0.967337,28
705,xamoterol,xamoterol,0.967332,26
706,ribavirin,ribavirin,0.967331,49
707,thiosemicarbazones,thiosemicarbazones,0.967331,25
708,gadoteridol,gadoteridol,0.967331,15
709,streptozotocin,streptozotocin,0.967331,62
710,glatiramer_acetate,glatiramer acetate,0.967316,33
711,celecoxib,celecoxib,0.967313,68
712,aminophylline,aminophylline,0.967307,34
713,palonosetron,palonosetron,0.967307,21
714,aphidicolin,aphidicolin,0.967306,35
715,fenticonazole,fenticonazole,0.967300,15
716,flavones,flavones,0.967292,33
717,ethylene_glycol,ethylene glycol,0.967286,36
718,sodium_bicarbonate,sodium bicarbonate,0.967286,34
719,acebutolol,acebutolol,0.967281,29
720,prostaglandin_D2,prostaglandin D2,0.967275,39
721,ginsenosides,ginsenosides,0.967269,34
722,hypericin,hypericin,0.967266,36
723,cycloheximide,cycloheximide,0.967265,103
724,imiquimod,imiquimod,0.967256,34
725,actinomycin_C,actinomycin C,0.967255,11
726,carbohydrates,carbohydrates,0.967254,67
727,fenoterol,fenoterol,0.967254,31
728,glucocorticoids,glucocorticoids,0.967252,18
729,strontium,strontium,0.967246,30
730,ganglioside,ganglioside,0.967242,67
731,glibenclamide,glibenclamide,0.967241,47
732,DHEA,DHEA,0.967238,62
733,rituximab,rituximab,0.967232,33
734,aminoglycosides,aminoglycosides,0.967231,43
735,aminoguanidine,aminoguanidine,0.967229,40
736,benzophenone,benzophenone,0.967221,21
737,sunitinib,sunitinib,0.967218,56
738,atracurium,atracurium,0.967204,21
739,tapentadol,tapentadol,0.967195,22
740,meglumine,meglumine,0.967195,19
741,tadalafil,tadalafil,0.967192,34
742,floxuridine,floxuridine,0.967191,28
743,gentamicin,gentamicin,0.967188,57
744,lopinavir/ritonavir,lopinavir/ritonavir,0.967161,18
745,glutaric_acid,glutaric acid,0.967154,20
746,imipenem,imipenem,0.967151,30
747,niacin,niacin,0.967146,38
748,anthranilic_acid,anthranilic acid,0.967141,31
749,taurolidine,taurolidine,0.967141,30
750,toluidine_blue,toluidine blue,0.967134,23
751,dextran,dextran,0.967130,44
752,chloral_hydrate,chloral hydrate,0.967127,27
753,isoeugenol,isoeugenol,0.967120,24
754,euphol,euphol,0.967116,20
755,porphyrin,porphyrin,0.967111,38
756,enrofloxacin,enrofloxacin,0.967109,25
757,potassium_hydroxide,potassium hydroxide,0.967105,17
758,spectinomycin,spectinomycin,0.967100,23
759,sodium_fluoride,sodium fluoride,0.967095,32
760,albendazole,albendazole,0.967094,42
761,TU-100,TU-100,0.967094,19
762,dipyrone,dipyrone,0.967093,30
763,nicotinamide,nicotinamide,0.967092,50
764,irisolidone,irisolidone,0.967091,11
765,alpha-ketoglutarate,alpha-ketoglutarate,0.967088,39
766,statins,statins,0.967087,44
767,azaserine,azaserine,0.967084,27
768,carbenicillin,carbenicillin,0.967083,22
769,nebivolol,nebivolol,0.967083,33
770,treosulfan,treosulfan,0.967069,17
771,liquiritigenin,liquiritigenin,0.967052,32
772,nocodazole,nocodazole,0.967050,42
773,S-adenosylmethionine,S-adenosylmethionine,0.967048,47
774,indole,indole,0.967042,37
775,ganaxolone,ganaxolone,0.967040,17
776,labetalol,labetalol,0.967038,31
777,4-hydroxytamoxifen,4-hydroxytamoxifen,0.967035,33
778,trimetrexate,trimetrexate,0.967033,21
779,mannitol,mannitol,0.967028,47
780,DFO,DFO,0.967028,38
781,ciprofibrate,ciprofibrate,0.967026,31
782,barbiturate,barbiturate,0.967022,22
783,iopamidol,iopamidol,0.967020,19
784,teriparatide,teriparatide,0.967014,31
785,carotene,carotene,0.967009,28
786,nicotine,nicotine,0.967006,115
787,erythritol,erythritol,0.967005,20
788,wortmannin,wortmannin,0.966991,74
789,ferrous_sulfate,ferrous sulfate,0.966983,27
790,belinostat,belinostat,0.966981,30
791,17-DMAG,17-DMAG,0.966976,34
792,ergotamine,ergotamine,0.966975,27
793,diclofenac,diclofenac,0.966973,48
794,lupeol,lupeol,0.966973,32
795,lomefloxacin,lomefloxacin,0.966969,22
796,gabapentin,gabapentin,0.966963,36
797,halothane,halothane,0.966961,40
798,ipratropium_bromide,ipratropium bromide,0.966958,25
799,carbimazole,carbimazole,0.966954,24
800,retinal,retinal,0.966954,53
801,clodronate,clodronate,0.966953,35
802,oral_contraceptives,oral contraceptives,0.966949,31
803,acrylamide,acrylamide,0.966948,38
804,terbutaline,terbutaline,0.966948,39
805,sitagliptin,sitagliptin,0.966942,43
806,methocarbamol,methocarbamol,0.966942,16
807,phencyclidine,phencyclidine,0.966940,39
808,pyridoxine,pyridoxine,0.966929,42
809,dithiothreitol,dithiothreitol,0.966928,40
810,67Ga-citrate,67Ga-citrate,0.966927,20
811,sodium_phenylacetate,sodium phenylacetate,0.966919,28
812,L-lactate,L-lactate,0.966917,34
813,pentylenetetrazole,pentylenetetrazole,0.966913,35
814,malondialdehyde,malondialdehyde,0.966911,65
815,fucoxanthin,fucoxanthin,0.966902,32
816,t-AUCB,t-AUCB,0.966900,17
817,fluvastatin,fluvastatin,0.966895,39
818,dinaciclib,dinaciclib,0.966890,30
819,piroxicam,piroxicam,0.966883,35
820,aripiprazole,aripiprazole,0.966874,36
821,sodium_arsanilate,sodium arsanilate,0.966874,14
822,amiloride,amiloride,0.966873,53
823,efavirenz,efavirenz,0.966872,32
824,oleacein,oleacein,0.966872,9
825,tert-butyl_hydroperoxide,tert-butyl hydroperoxide,0.966869,32
826,tyrphostin,tyrphostin,0.966866,32
827,Betaseron,Betaseron,0.966866,23
828,trametinib,trametinib,0.966864,34
829,monocarboxylate,monocarboxylate,0.966859,38
830,nucleosides,nucleosides,0.966859,34
831,parathormone,parathormone,0.966855,34
832,paracrine,paracrine,0.966850,38
833,TH-302,TH-302,0.966833,16
834,perifosine,perifosine,0.966832,35
835,lisuride,lisuride,0.966829,27
836,cordycepin,cordycepin,0.966827,40
837,geniposide,geniposide,0.966826,40
838,sodium_benzoate,sodium benzoate,0.966820,24
839,ketoconazole,ketoconazole,0.966815,48
840,Gallium-67,Gallium-67,0.966807,19
841,lovastatin,lovastatin,0.966802,54
842,erionite,erionite,0.966801,15
843,catecholamines,catecholamines,0.966795,64
844,methylguanidine,methylguanidine,0.966792,27
845,Hoechst_33342,Hoechst 33342,0.966790,29
846,trypan_blue,trypan blue,0.966790,25
847,chidamide,chidamide,0.966787,24
848,naphthoquinone,naphthoquinone,0.966786,23
849,lycorine,lycorine,0.966785,29
850,memantine,memantine,0.966779,36
851,saikosaponins,saikosaponins,0.966779,31
852,nilvadipine,nilvadipine,0.966778,22
853,berberine,berberine,0.966775,83
854,GDC-0941,GDC-0941,0.966766,32
855,sinomenine,sinomenine,0.966764,34
856,nitrones,nitrones,0.966763,18
857,clotrimazole,clotrimazole,0.966758,41
858,flumazenil,flumazenil,0.966757,33
859,taurultame,taurultame,0.966751,0
860,carvacrol,carvacrol,0.966749,35
861,fosfomycin,fosfomycin,0.966749,33
862,ibuprofen,ibuprofen,0.966748,52
863,cilostazol,cilostazol,0.966744,43
864,minodronate,minodronate,0.966743,31
865,carvedilol,carvedilol,0.966740,40
866,beta-lactams,beta-lactams,0.966738,32
867,methylprednisolone_acetate,methylprednisolone acetate,0.966728,19
868,geranylgeraniol,geranylgeraniol,0.966725,26
869,candesartan,candesartan,0.966725,40
870,sulindac,sulindac,0.966719,32
871,Nitidine_chloride,Nitidine chloride,0.966712,26
872,amentoflavone,amentoflavone,0.966707,31
873,pantoprazole,pantoprazole,0.966707,34
874,silymarin,silymarin,0.966704,37
875,ginsenoside_Rh2,ginsenoside Rh2,0.966702,31
876,metoprine,metoprine,0.966701,23
877,misoprostol,misoprostol,0.966698,34
878,ketanserin,ketanserin,0.966694,33
879,polycyclic_aromatic_hydrocarbons,polycyclic aromatic hydrocarbons,0.966685,36
880,chlorhexidine,chlorhexidine,0.966685,29
881,cepharanthine,cepharanthine,0.966684,32
882,phosphocholine,phosphocholine,0.966681,34
883,wogonoside,wogonoside,0.966677,30
884,mirtazapine,mirtazapine,0.966677,30
885,filgrastim,filgrastim,0.966670,18
886,prazosin,prazosin,0.966669,31
887,polydimethylsiloxane,polydimethylsiloxane,0.966667,17
888,strontium_ranelate,strontium ranelate,0.966657,31
889,doxorubicine,doxorubicine,0.966648,16
890,isoproterenol,isoproterenol,0.966645,85
891,timolol,timolol,0.966642,35
892,furanocoumarins,furanocoumarins,0.966639,30
893,Rocaglamide,Rocaglamide,0.966638,17
894,bacitracin,bacitracin,0.966635,34
895,thiethylperazine,thiethylperazine,0.966633,16
896,tetrodotoxin,tetrodotoxin,0.966632,40
897,bendamustine,bendamustine,0.966627,33
898,fotemustine,fotemustine,0.966625,27
899,Methylsulfonylmethane,Methylsulfonylmethane,0.966625,25
900,polyamines,polyamines,0.966625,57
901,panaxydol,panaxydol,0.966622,19
902,ethane,ethane,0.966621,19
903,axitinib,axitinib,0.966619,35
904,PU-H71,PU-H71,0.966617,25
905,beta-lapachone,beta-lapachone,0.966610,32
906,pimozide,pimozide,0.966609,35
907,ganciclovir,ganciclovir,0.966607,43
908,bazedoxifene,bazedoxifene,0.966597,32
909,misonidazole,misonidazole,0.966595,19
910,bicarbonate,bicarbonate,0.966593,71
911,pimonidazole,pimonidazole,0.966589,24
912,boronate,boronate,0.966587,8
913,triamcinolone,triamcinolone,0.966586,36
914,trimebutine,trimebutine,0.966583,24
915,diethyldithiocarbamate,diethyldithiocarbamate,0.966582,34
916,sodium_sulfate,sodium sulfate,0.966582,38
917,rupatadine,rupatadine,0.966580,20
918,nitinol,nitinol,0.966579,20
919,magnesium_sulfate,magnesium sulfate,0.966579,33
920,aminoglycoside,aminoglycoside,0.966577,43
921,isavuconazole,isavuconazole,0.966573,23
922,tipifarnib,tipifarnib,0.966570,32
923,tetrathiomolybdate,tetrathiomolybdate,0.966565,27
924,rosiglitazone,rosiglitazone,0.966565,74
925,colestipol,colestipol,0.966561,17
926,norfloxacin,norfloxacin,0.966556,30
927,nordihydroguaiaretic_acid,nordihydroguaiaretic acid,0.966555,34
928,selenium,selenium,0.966552,63
929,bunazosin,bunazosin,0.966544,21
930,salmeterol,salmeterol,0.966543,36
931,Tubeimoside-1,Tubeimoside-1,0.966537,15
932,propofol,propofol,0.966530,80
933,bosentan,bosentan,0.966529,41
934,mexiletine,mexiletine,0.966524,33
935,trinitrobenzene_sulfonic_acid,trinitrobenzene sulfonic acid,0.966523,32
936,dibutyryl_cAMP,dibutyryl cAMP,0.966520,46
937,ephedrine,ephedrine,0.966516,29
938,sulfamethoxazole,sulfamethoxazole,0.966515,33
939,calcium_chloride,calcium chloride,0.966505,31
940,glyoxylate,glyoxylate,0.966505,34
941,calcium_citrate,calcium citrate,0.966502,19
942,nitrogen_dioxide,nitrogen dioxide,0.966501,27
943,estriol,estriol,0.966498,35
944,epoxide,epoxide,0.966495,34
945,ethambutol,ethambutol,0.966489,27
946,fluticasone_propionate,fluticasone propionate,0.966486,37
947,linarin,linarin,0.966482,22
948,lycopene,lycopene,0.966482,36
949,CV-6209,CV-6209,0.966481,26
950,tromethamine,tromethamine,0.966476,20
951,retinoid,retinoid,0.966475,57
952,lipofectamine,lipofectamine,0.966468,31
953,calphostin_C,calphostin C,0.966462,38
954,forodesine,forodesine,0.966461,21
955,globotriaosylceramide,globotriaosylceramide,0.966459,30
956,gefitinib,gefitinib,0.966454,103
957,pregabalin,pregabalin,0.966445,34
958,paraformaldehyde,paraformaldehyde,0.966443,27
959,armodafinil,armodafinil,0.966442,18
960,Cetrorelix,Cetrorelix,0.966427,30
961,pomalidomide,pomalidomide,0.966424,34
962,menogaril,menogaril,0.966423,16
963,permanganate,permanganate,0.966420,15
964,caudatin,caudatin,0.966417,18
965,Lipoplatin,Lipoplatin,0.966415,19
966,carbon_dioxide,carbon dioxide,0.966415,47
967,anthracyclines,anthracyclines,0.966413,39
968,thiabendazole,thiabendazole,0.966412,25
969,okadaic_acid,okadaic acid,0.966403,59
970,orlistat,orlistat,0.966403,34
971,hematoporphyrin,hematoporphyrin,0.966391,24
972,triazolopyrimidine,triazolopyrimidine,0.966382,14
973,promethazine,promethazine,0.966381,28
974,pyrene,pyrene,0.966380,33
975,nitrosamines,nitrosamines,0.966373,31
976,resveratrol,resveratrol,0.966367,169
977,naltrindole,naltrindole,0.966363,28
978,palmitoleic_acid,palmitoleic acid,0.966362,32
979,AZD8055,AZD8055,0.966357,36
980,ondansetron,ondansetron,0.966343,31
981,telbivudine,telbivudine,0.966343,27
982,atenolol,atenolol,0.966335,45
983,chlorogenic_acid,chlorogenic acid,0.966334,35
984,isoflurane,isoflurane,0.966334,50
985,dicoumarol,dicoumarol,0.966331,34
986,carbamazepine,carbamazepine,0.966326,46
987,4-aminopyridine,4-aminopyridine,0.966322,32
988,proanthocyanidins,proanthocyanidins,0.966318,36
989,propranolol,propranolol,0.966316,65
990,tunicamycin,tunicamycin,0.966316,59
991,chondroitin_sulfate,chondroitin sulfate,0.966312,41
992,dovitinib,dovitinib,0.966305,38
993,D-arabinitol,D-arabinitol,0.966304,15
994,iomazenil,iomazenil,0.966294,16
995,Norgestrel,Norgestrel,0.966294,14
996,tetrachloroethylene,tetrachloroethylene,0.966290,22
997,alpha-linolenic_acid,alpha-linolenic acid,0.966287,33
998,oxamniquine,oxamniquine,0.966286,19
999,PI-103,PI-103,0.966282,30
1000,succinylcholine,succinylcholine,0.966276,33
1001,macrolide,macrolide,0.966276,37
1002,phenoxybenzamine,phenoxybenzamine,0.966264,31
1003,mitoxantrone,mitoxantrone,0.966241,50
1004,dexamethasone,dexamethasone,0.966232,325
1005,leminoprazole,leminoprazole,0.966231,11
1006,chlorpromazine,chlorpromazine,0.966226,50
1007,auranofin,auranofin,0.966226,41
1008,suramin,suramin,0.966225,56
1009,anthocyanins,anthocyanins,0.966223,38
1010,tetraethylammonium,tetraethylammonium,0.966220,32
1011,EPA,EPA,0.966208,55
1012,theobromine,theobromine,0.966205,24
1013,3_beta-hydroxysteroid,3 beta-hydroxysteroid,0.966195,33
1014,gossypol,gossypol,0.966186,40
1015,deoxyspergualin,deoxyspergualin,0.966177,32
1016,153Sm-EDTMP,153Sm-EDTMP,0.966172,16
1017,gadolinium,gadolinium,0.966167,46
1018,tranexamic_acid,tranexamic acid,0.966162,35
1019,phthalates,phthalates,0.966161,34
1020,isoliquiritigenin,isoliquiritigenin,0.966160,32
1021,cefsulodin,cefsulodin,0.966160,21
1022,domperidone,domperidone,0.966152,32
1023,haloperidol,haloperidol,0.966145,62
1024,diclazuril,diclazuril,0.966142,15
1025,acriflavine,acriflavine,0.966134,25
1026,edaravone,edaravone,0.966130,36
1027,ranitidine,ranitidine,0.966128,36
1028,gamma-tocopherol,gamma-tocopherol,0.966126,26
1029,rifaximin,rifaximin,0.966123,30
1030,dehydroxymethylepoxyquinomicin,dehydroxymethylepoxyquinomicin,0.966122,26
1031,putrescine,putrescine,0.966119,45
1032,mevalonate,mevalonate,0.966118,39
1033,chlorambucil,chlorambucil,0.966115,37
1034,ebselen,ebselen,0.966098,32
1035,voriconazole,voriconazole,0.966092,50
1036,telomestatin,telomestatin,0.966080,19
1037,ursolic_acid,ursolic acid,0.966075,40
1038,leukotriene_E4,leukotriene E4,0.966074,23
1039,sulforaphane,sulforaphane,0.966072,53
1040,tazarotene,tazarotene,0.966070,29
1041,temsirolimus,temsirolimus,0.966069,41
1042,flavonoids,flavonoids,0.966063,54
1043,diethylcarbamazine,diethylcarbamazine,0.966058,28
1044,UCN-01,UCN-01,0.966050,35
1045,BQ-123,BQ-123,0.966048,35
1046,choline,choline,0.966048,69
1047,bifonazole,bifonazole,0.966037,14
1048,pentostatin,pentostatin,0.966034,28
1049,irinotecan,irinotecan,0.966033,57
1050,creatinine,creatinine,0.966032,129
1051,carbenoxolone,carbenoxolone,0.966030,32
1052,8-isoprostane,8-isoprostane,0.966030,40
1053,chlordiazepoxide,chlordiazepoxide,0.966028,24
1054,cidofovir,cidofovir,0.966026,34
1055,zinc_sulphate,zinc sulphate,0.966021,31
1056,hydralazine,hydralazine,0.966021,37
1057,acteoside,acteoside,0.966018,37
1058,methyl-beta-cyclodextrin,methyl-beta-cyclodextrin,0.966017,32
1059,phenelzine,phenelzine,0.966008,30
1060,amitriptyline,amitriptyline,0.966008,45
1061,polymyxin,polymyxin,0.966005,15
1062,docetaxel,docetaxel,0.966000,75
1063,stiripentol,stiripentol,0.965999,20
1064,ampelopsin,ampelopsin,0.965996,27
1065,chenodeoxycholic_acid,chenodeoxycholic acid,0.965994,35
1066,VX-680,VX-680,0.965991,31
1067,trichloroacetic_acid,trichloroacetic acid,0.965984,24
1068,monodansylcadaverine,monodansylcadaverine,0.965982,27
1069,TAG-72,TAG-72,0.965979,30
1070,triclosan,triclosan,0.965977,34
1071,cimetidine,cimetidine,0.965977,49
1072,U73122,U73122,0.965975,38
1073,inositol_phosphates,inositol phosphates,0.965975,33
1074,piperazine,piperazine,0.965975,25
1075,aflatoxin,aflatoxin,0.965968,33
1076,miltefosine,miltefosine,0.965963,36
1077,glutamate,glutamate,0.965962,216
1078,n-butylidenephthalide,n-butylidenephthalide,0.965960,16
1079,triazole,triazole,0.965960,35
1080,enilconazole,enilconazole,0.965952,17
1081,thiazides,thiazides,0.965950,31
1082,angiotensin,angiotensin,0.965948,36
1083,99mTc-tetrofosmin,99mTc-tetrofosmin,0.965946,20
1084,manzamine_A,manzamine A,0.965945,8
1085,pargyline,pargyline,0.965936,31
1086,arsenic_trioxide,arsenic trioxide,0.965936,72
1087,myristoyl,myristoyl,0.965926,33
1088,pravastatin,pravastatin,0.965924,44
1089,actinomycin_D,actinomycin D,0.965919,78
1090,nitroxides,nitroxides,0.965917,25
1091,tocopherol,tocopherol,0.965913,34
1092,rivastigmine,rivastigmine,0.965906,32
1093,gangliosides,gangliosides,0.965899,48
1094,ruthenium,ruthenium,0.965888,35
1095,cytosine,cytosine,0.965885,51
1096,ginsenoside_Rg3,ginsenoside Rg3,0.965880,37
1097,ethacrynic_acid,ethacrynic acid,0.965877,31
1098,anastrozole,anastrozole,0.965873,33
1099,L-DOPA,L-DOPA,0.965872,42
1100,methyl_gallate,methyl gallate,0.965862,16
1101,1-methylnicotinamide,1-methylnicotinamide,0.965862,24
1102,dantrolene,dantrolene,0.965848,36
1103,letrozole,letrozole,0.965848,34
1104,methanol,methanol,0.965831,45
1105,chlorzoxazone,chlorzoxazone,0.965826,30
1106,Tricyclic_antidepressants,Tricyclic antidepressants,0.965826,15
1107,oxatomide,oxatomide,0.965820,31
1108,iopanoic_acid,iopanoic acid,0.965815,16
1109,thorium_dioxide,thorium dioxide,0.965813,15
1110,mycophenolic_acid,mycophenolic acid,0.965811,33
1111,honokiol,honokiol,0.965811,39
1112,thiocyanate,thiocyanate,0.965807,34
1113,tolbutamide,tolbutamide,0.965804,35
1114,digitonin,digitonin,0.965803,27
1115,isopropanol,isopropanol,0.965798,31
1116,magnesium_citrate,magnesium citrate,0.965794,16
1117,brucine,brucine,0.965789,31
1118,reaferon,reaferon,0.965782,16
1119,doranidazole,doranidazole,0.965779,18
1120,sorafenib,sorafenib,0.965776,130
1121,diminazene,diminazene,0.965773,12
1122,lysergic_acid,lysergic acid,0.965765,8
1123,ivabradine,ivabradine,0.965763,32
1124,magnolol,magnolol,0.965739,38
1125,technetium_pyrophosphate,technetium pyrophosphate,0.965735,12
1126,11C-methionine,11C-methionine,0.965731,17
1127,SCH_23390,SCH 23390,0.965726,32
1128,CaCO3,CaCO3,0.965724,25
1129,sulfathiazole,sulfathiazole,0.965710,17
1130,Minnelide,Minnelide,0.965710,18
1131,turbinamide,turbinamide,0.965709,4
1132,dalargin,dalargin,0.965707,19
1133,tin_protoporphyrin_IX,tin protoporphyrin IX,0.965707,29
1134,lauric_acid,lauric acid,0.965702,33
1135,pentagastrin,pentagastrin,0.965696,32
1136,riboflavin,riboflavin,0.965693,39
1137,prednisolone,prednisolone,0.965691,71
1138,spiperone,spiperone,0.965690,32
1139,titanium,titanium,0.965684,37
1140,phloretin,phloretin,0.965680,35
1141,3-nitropropionic_acid,3-nitropropionic acid,0.965679,26
1142,phosphatidylglycerol,phosphatidylglycerol,0.965677,31
1143,xanthine,xanthine,0.965674,39
1144,heroin,heroin,0.965673,42
1145,methenolone,methenolone,0.965672,7
1146,CPG_7909,CPG 7909,0.965661,21
1147,isopropyl,isopropyl,0.965660,14
1148,carnosic_acid,carnosic acid,0.965658,31
1149,fluorine-18,fluorine-18,0.965654,14
1150,alphaCGRP,alphaCGRP,0.965653,20
1151,meclizine,meclizine,0.965640,30
1152,edotecarin,edotecarin,0.965638,8
1153,flecainide,flecainide,0.965626,34
1154,ketamine,ketamine,0.965626,58
1155,ammonium_chloride,ammonium chloride,0.965622,34
1156,sotalol,sotalol,0.965622,20
1157,paraquat,paraquat,0.965620,36
1158,bromocriptine,bromocriptine,0.965618,38
1159,alloxan,alloxan,0.965618,33
1160,beta-hydroxybutyrate,beta-hydroxybutyrate,0.965614,32
1161,"inositol_1,4,5-trisphosphate","inositol 1,4,5-trisphosphate",0.965613,46
1162,carboxyfluorescein,carboxyfluorescein,0.965607,31
1163,heparan_sulphate,heparan sulphate,0.965606,31
1164,detomidine,detomidine,0.965605,17
1165,clobetasol_propionate,clobetasol propionate,0.965593,25
1166,ajoene,ajoene,0.965593,29
1167,tofacitinib,tofacitinib,0.965592,38
1168,prasugrel,prasugrel,0.965592,32
1169,azelastine,azelastine,0.965590,30
1170,acetonitrile,acetonitrile,0.965587,35
1171,4-ipomeanol,4-ipomeanol,0.965580,15
1172,butylparaben,butylparaben,0.965578,7
1173,acetazolamide,acetazolamide,0.965577,52
1174,sanguinarine,sanguinarine,0.965576,37
1175,perovskite,perovskite,0.965574,18
1176,ciclosporin_A,ciclosporin A,0.965573,25
1177,sodium_cromoglycate,sodium cromoglycate,0.965570,32
1178,carbapenems,carbapenems,0.965568,18
1179,cilofungin,cilofungin,0.965564,13
1180,2-methoxyestradiol,2-methoxyestradiol,0.965564,37
1181,imipramine,imipramine,0.965557,43
1182,MIA-602,MIA-602,0.965549,19
1183,glyphosate,glyphosate,0.965548,32
1184,Clostridium_septicum,Clostridium septicum,0.965539,7
1185,benznidazole,benznidazole,0.965532,22
1186,prucalopride,prucalopride,0.965524,24
1187,DFMO,DFMO,0.965522,43
1188,thioridazine,thioridazine,0.965518,37
1189,epoxomicin,epoxomicin,0.965514,29
1190,CB-839,CB-839,0.965511,17
1191,clarithromycin,clarithromycin,0.965500,49
1192,99mTc-HMPAO,99mTc-HMPAO,0.965488,19
1193,dioscin,dioscin,0.965483,36
1194,sodium_butyrate,sodium butyrate,0.965483,65
1195,corosolic_acid,corosolic acid,0.965476,27
1196,buthionine_sulfoximine,buthionine sulfoximine,0.965467,33
1197,polylysine,polylysine,0.965466,34
1198,ambroxol,ambroxol,0.965462,32
1199,efinaconazole,efinaconazole,0.965460,15
1200,pyrroloquinoline_quinone,pyrroloquinoline quinone,0.965456,31
1201,thiamine,thiamine,0.965446,37
1202,RRx-001,RRx-001,0.965444,19
1203,gamma-tocotrienol,gamma-tocotrienol,0.965429,30
1204,N-acylethanolamines,N-acylethanolamines,0.965427,30
1205,moxalactam,moxalactam,0.965425,22
1206,purine,purine,0.965416,54
1207,chalcone,chalcone,0.965415,34
1208,retinamide,retinamide,0.965410,15
1209,pseudoephedrine,pseudoephedrine,0.965409,20
1210,pregnenolone_sulfate,pregnenolone sulfate,0.965408,32
1211,GW501516,GW501516,0.965399,35
1212,glucosamine,glucosamine,0.965393,42
1213,oroxylin_A,oroxylin A,0.965384,33
1214,cefotiam,cefotiam,0.965382,17
1215,procalcitonin,procalcitonin,0.965380,39
1216,ibrutinib,ibrutinib,0.965375,47
1217,oxysterols,oxysterols,0.965375,37
1218,gemfibrozil,gemfibrozil,0.965366,34
1219,mercury,mercury,0.965352,51
1220,taurine,taurine,0.965349,58
1221,flubendazole,flubendazole,0.965347,23
1222,darinaparsin,darinaparsin,0.965345,17
1223,thiouracil,thiouracil,0.965342,19
1224,narciclasine,narciclasine,0.965341,12
1225,fenbendazole,fenbendazole,0.965340,18
1226,25-hydroxyvitamin_D,25-hydroxyvitamin D,0.965335,40
1227,sulfadiazine,sulfadiazine,0.965332,20
1228,penclomedine,penclomedine,0.965328,14
1229,triterpene,triterpene,0.965325,23
1230,anthraquinone,anthraquinone,0.965317,30
1231,disaccharides,disaccharides,0.965305,31
1232,nitrogen_oxides,nitrogen oxides,0.965305,27
1233,phosphate,phosphate,0.965302,153
1234,baicalein,baicalein,0.965300,61
1235,mibefradil,mibefradil,0.965296,32
1236,cefepime,cefepime,0.965295,19
1237,diketopiperazines,diketopiperazines,0.965295,18
1238,gallic_acid,gallic acid,0.965294,38
1239,tetramisole,tetramisole,0.965291,17
1240,protoporphyrin,protoporphyrin,0.965289,36
1241,sphingomyelin,sphingomyelin,0.965286,43
1242,oxfendazole,oxfendazole,0.965276,15
1243,cefodizime,cefodizime,0.965262,22
1244,nitrofurazone,nitrofurazone,0.965260,22
1245,mechlorethamine,mechlorethamine,0.965259,32
1246,thromboxane,thromboxane,0.965259,38
1247,cycloleucine,cycloleucine,0.965258,20
1248,triamterene,triamterene,0.965257,26
1249,udenafil,udenafil,0.965254,30
1250,idarubicin,idarubicin,0.965253,33
1251,peroxynitrite,peroxynitrite,0.965249,52
1252,phenylbutazone,phenylbutazone,0.965240,34
1253,ET-18-OCH3,ET-18-OCH3,0.965240,34
1254,iodide,iodide,0.965238,44
1255,enterotoxin,enterotoxin,0.965233,37
1256,diminazene_aceturate,diminazene aceturate,0.965225,31
1257,butyrate,butyrate,0.965221,82
1258,hydromorphone,hydromorphone,0.965216,22
1259,flutamide,flutamide,0.965214,36
1260,Ki16425,Ki16425,0.965213,34
1261,steroid,steroid,0.965212,191
1262,oxytetracycline,oxytetracycline,0.965211,32
1263,amotosalen,amotosalen,0.965208,9
1264,dihydropyridine,dihydropyridine,0.965207,34
1265,oxymetholone,oxymetholone,0.965204,21
1266,sertraline,sertraline,0.965202,37
1267,digoxigenin,digoxigenin,0.965197,19
1268,sphingosine,sphingosine,0.965189,50
1269,Givinostat,Givinostat,0.965189,24
1270,sulfasalazine,sulfasalazine,0.965188,40
1271,carbon_monoxide,carbon monoxide,0.965185,42
1272,furosemide,furosemide,0.965184,45
1273,nitromethane,nitromethane,0.965170,11
1274,CDDO-Me,CDDO-Me,0.965159,35
1275,quetiapine,quetiapine,0.965155,36
1276,iron_oxide,iron oxide,0.965150,36
1277,propentofylline,propentofylline,0.965144,32
1278,Gastrografin,Gastrografin,0.965144,16
1279,pristimerin,pristimerin,0.965135,32
1280,ranolazine,ranolazine,0.965134,35
1281,malathion,malathion,0.965133,34
1282,danazol,danazol,0.965131,42
1283,diazoxide,diazoxide,0.965128,44
1284,18F-FDG,18F-FDG,0.965127,48
1285,acids,acids,0.965125,37
1286,echinocandins,echinocandins,0.965123,18
1287,vinblastine,vinblastine,0.965123,45
1288,neferine,neferine,0.965121,32
1289,meropenem,meropenem,0.965119,31
1290,cytarabine,cytarabine,0.965118,59
1291,galantamine,galantamine,0.965113,31
1292,myriocin,myriocin,0.965111,31
1293,temozolomide,temozolomide,0.965105,111
1294,fluoroquinolones,fluoroquinolones,0.965086,35
1295,roxithromycin,roxithromycin,0.965071,33
1296,cyanoacrylate,cyanoacrylate,0.965060,15
1297,cephalosporins,cephalosporins,0.965057,28
1298,troleandomycin,troleandomycin,0.965057,32
1299,sugammadex,sugammadex,0.965051,19
1300,atropine,atropine,0.965036,48
1301,pervanadate,pervanadate,0.965036,30
1302,Hormone,Hormone,0.965033,29
1303,neomycin,neomycin,0.965023,37
1304,MMI-166,MMI-166,0.965021,17
1305,L-glutamine,L-glutamine,0.965014,36
1306,gallium_nitrate,gallium nitrate,0.965011,28
1307,adenine_nucleotides,adenine nucleotides,0.965010,36
1308,linoleic_acid,linoleic acid,0.965006,55
1309,aclarubicin,aclarubicin,0.965002,29
1310,rofecoxib,rofecoxib,0.965000,31
1311,silibinin,silibinin,0.964995,49
1312,isoflavonoids,isoflavonoids,0.964973,30
1313,oxalic_acid,oxalic acid,0.964967,28
1314,DMXAA,DMXAA,0.964960,31
1315,furamidine,furamidine,0.964960,12
1316,formononetin,formononetin,0.964958,34
1317,MgCl2,MgCl2,0.964956,32
1318,zolpidem,zolpidem,0.964953,33
1319,atorvastatin,atorvastatin,0.964950,104
1320,clozapine,clozapine,0.964946,50
1321,trapidil,trapidil,0.964942,31
1322,procaine,procaine,0.964941,34
1323,tiopronin,tiopronin,0.964940,23
1324,mebendazole,mebendazole,0.964926,29
1325,dichloromethane,dichloromethane,0.964926,33
1326,HET0016,HET0016,0.964918,23
1327,SRT1720,SRT1720,0.964911,31
1328,LAQ824,LAQ824,0.964907,28
1329,decamethonium,decamethonium,0.964903,15
1330,picrotoxin,picrotoxin,0.964900,31
1331,apigenin,apigenin,0.964899,62
1332,GUO,GUO,0.964897,15
1333,boswellic_acid,boswellic acid,0.964896,20
1334,deguelin,deguelin,0.964890,34
1335,delta-aminolevulinic_acid,delta-aminolevulinic acid,0.964888,39
1336,tenoxicam,tenoxicam,0.964887,23
1337,chlorpyrifos,chlorpyrifos,0.964886,32
1338,glutamine,glutamine,0.964885,83
1339,carboplatin,carboplatin,0.964873,83
1340,Arimoclomol,Arimoclomol,0.964870,16
1341,naringin,naringin,0.964865,40
1342,polyunsaturated_fatty_acids,polyunsaturated fatty acids,0.964861,56
1343,pyrantel_pamoate,pyrantel pamoate,0.964858,14
1344,succinate,succinate,0.964857,43
1345,quercetin,quercetin,0.964855,104
1346,arachidonate,arachidonate,0.964854,47
1347,taxane,taxane,0.964854,33
1348,Atiprimod,Atiprimod,0.964854,21
1349,steroids,steroids,0.964837,168
1350,xanthone,xanthone,0.964836,24
1351,VX-770,VX-770,0.964835,12
1352,sofosbuvir,sofosbuvir,0.964833,25
1353,xanthohumol,xanthohumol,0.964831,31
1354,mycophenolate,mycophenolate,0.964829,20
1355,carnosine,carnosine,0.964829,38
1356,sodium_tanshinone_IIA_sulfonate,sodium tanshinone IIA sulfonate,0.964826,22
1357,enoxacin,enoxacin,0.964822,23
1358,theophylline,theophylline,0.964822,53
1359,diosmin,diosmin,0.964821,23
1360,polyethylene_glycol,polyethylene glycol,0.964819,45
1361,lidocaine,lidocaine,0.964804,45
1362,palygorskite,palygorskite,0.964800,15
1363,Pristanic_acid,Pristanic acid,0.964799,8
1364,appetite_suppressants,appetite suppressants,0.964796,15
1365,spirogermanium,spirogermanium,0.964793,16
1366,Photofrin,Photofrin,0.964789,33
1367,aminazin,aminazin,0.964787,15
1368,thiopentone,thiopentone,0.964783,32
1369,fenofibrate,fenofibrate,0.964783,65
1370,Ga-67,Ga-67,0.964780,17
1371,polydioxanone,polydioxanone,0.964774,13
1372,t-BHP,t-BHP,0.964774,33
1373,aztreonam,aztreonam,0.964773,26
1374,3-methylcholanthrene,3-methylcholanthrene,0.964755,45
1375,polyethylene,polyethylene,0.964755,31
1376,ulipristal_acetate,ulipristal acetate,0.964753,22
1377,caroverine,caroverine,0.964749,14
1378,acridine_orange,acridine orange,0.964748,21
1379,rhamnose,rhamnose,0.964742,16
1380,propyl_gallate,propyl gallate,0.964742,25
1381,8-methoxypsoralen,8-methoxypsoralen,0.964740,37
1382,MeHgCl,MeHgCl,0.964740,21
1383,SB431542,SB431542,0.964733,43
1384,aminoglutethimide,aminoglutethimide,0.964726,31
1385,HMG-CoA,HMG-CoA,0.964716,44
1386,hydroxyzine,hydroxyzine,0.964716,22
1387,oligonucleotides,oligonucleotides,0.964713,65
1388,lubeluzole,lubeluzole,0.964712,19
1389,17-AAG,17-AAG,0.964709,51
1390,polypropylene,polypropylene,0.964706,26
1391,BCNU,BCNU,0.964704,46
1392,roscovitine,roscovitine,0.964698,48
1393,parthenolide,parthenolide,0.964686,39
1394,PKC412,PKC412,0.964685,36
1395,pentose_phosphate,pentose phosphate,0.964675,31
1396,pentoxyl,pentoxyl,0.964674,15
1397,oleic_acid,oleic acid,0.964665,53
1398,cerulenin,cerulenin,0.964665,33
1399,argon,argon,0.964656,29
1400,selenocysteine,selenocysteine,0.964643,34
1401,carbogen,carbogen,0.964641,24
1402,hydroxydione,hydroxydione,0.964640,11
1403,oxide,oxide,0.964640,29
1404,zanoterone,zanoterone,0.964639,6
1405,landiolol,landiolol,0.964638,24
1406,b-alanine,b-alanine,0.964635,31
1407,10-hydroxycamptothecin,10-hydroxycamptothecin,0.964631,22
1408,sodium_arsenite,sodium arsenite,0.964628,39
1409,plumbagin,plumbagin,0.964620,41
1410,probenecid,probenecid,0.964612,38
1411,clofarabine,clofarabine,0.964610,32
1412,ribonucleic_acid,ribonucleic acid,0.964608,52
1413,N-ethylmaleimide,N-ethylmaleimide,0.964606,38
1414,homoarginine,homoarginine,0.964604,25
1415,chloride,chloride,0.964591,93
1416,losartan,losartan,0.964579,63
1417,metyrapone,metyrapone,0.964579,36
1418,indocyanine_green,indocyanine green,0.964577,33
1419,SP600125,SP600125,0.964574,58
1420,calcium_oxalate,calcium oxalate,0.964573,33
1421,ABT-510,ABT-510,0.964566,19
1422,exemestane,exemestane,0.964565,34
1423,veralipride,veralipride,0.964559,16
1424,lanatoside_C,lanatoside C,0.964547,19
1425,flurbiprofen,flurbiprofen,0.964545,34
1426,Tubastatin_A,Tubastatin A,0.964539,28
1427,bisabolol,bisabolol,0.964531,10
1428,tinidazole,tinidazole,0.964529,20
1429,tryptamine,tryptamine,0.964527,31
1430,carnosol,carnosol,0.964512,31
1431,thyroid_hormones,thyroid hormones,0.964511,28
1432,kynurenic_acid,kynurenic acid,0.964509,37
1433,tiotropium,tiotropium,0.964499,30
1434,chrysoeriol,chrysoeriol,0.964492,16
1435,paromomycin,paromomycin,0.964486,27
1436,8-azaguanine,8-azaguanine,0.964485,25
1437,hamycin,hamycin,0.964472,14
1438,aldehydes,aldehydes,0.964470,38
1439,amoxicillin,amoxicillin,0.964470,32
1440,nitrate,nitrate,0.964464,49
1441,aldehyde,aldehyde,0.964464,55
1442,linezolid,linezolid,0.964461,24
1443,TEA,TEA,0.964455,34
1444,D-lactate,D-lactate,0.964448,33
1445,leucovorin,leucovorin,0.964447,36
1446,safingol,safingol,0.964445,31
1447,methoprene,methoprene,0.964438,21
1448,d-tubocurarine,d-tubocurarine,0.964428,31
1449,atomoxetine,atomoxetine,0.964427,33
1450,linalool,linalool,0.964426,29
1451,dipyridamole,dipyridamole,0.964419,35
1452,CX-4945,CX-4945,0.964400,29
1453,dihydrofolate,dihydrofolate,0.964374,34
1454,kenpaullone,kenpaullone,0.964374,21
1455,macrolides,macrolides,0.964373,39
1456,25-hydroxycholesterol,25-hydroxycholesterol,0.964371,33
1457,bromide,bromide,0.964369,37
1458,cycloserine,cycloserine,0.964363,15
1459,PEI,PEI,0.964359,35
1460,nitroxoline,nitroxoline,0.964358,24
1461,miconazole,miconazole,0.964357,34
1462,bromine,bromine,0.964355,26
1463,didanosine,didanosine,0.964342,21
1464,hexosamine,hexosamine,0.964334,34
1465,6-gingerol,6-gingerol,0.964333,32
1466,PEITC,PEITC,0.964322,38
1467,asiatic_acid,asiatic acid,0.964322,33
1468,enoximone,enoximone,0.964321,16
1469,mithramycin_A,mithramycin A,0.964310,35
1470,pancuronium,pancuronium,0.964307,26
1471,niclosamide,niclosamide,0.964306,39
1472,imidazole,imidazole,0.964305,34
1473,tacrolimus,tacrolimus,0.964292,99
1474,Tc-99m,Tc-99m,0.964285,24
1475,oligosaccharides,oligosaccharides,0.964283,30
1476,beryllium,beryllium,0.964276,33
1477,MgSO4,MgSO4,0.964275,34
1478,trans-chalcone,trans-chalcone,0.964265,26
1479,glycosylphosphatidylinositol,glycosylphosphatidylinositol,0.964254,63
1480,benorylate,benorylate,0.964245,14
1481,pentose,pentose,0.964244,15
1482,lysophosphatidylcholine,lysophosphatidylcholine,0.964237,46
1483,prostaglandin,prostaglandin,0.964234,65
1484,acylcarnitine,acylcarnitine,0.964226,36
1485,karenitecin,karenitecin,0.964223,14
1486,guanethidine,guanethidine,0.964223,30
1487,tetrac,tetrac,0.964219,24
1488,glucosamine-6-phosphate,glucosamine-6-phosphate,0.964217,18
1489,5-fluouracil,5-fluouracil,0.964215,19
1490,benzathine_penicillin_G,benzathine penicillin G,0.964214,20
1491,fusidic_acid,fusidic acid,0.964214,31
1492,anidulafungin,anidulafungin,0.964212,21
1493,benzene,benzene,0.964210,45
1494,nimodipine,nimodipine,0.964207,36
1495,artemisone,artemisone,0.964202,10
1496,pentosan_polysulfate,pentosan polysulfate,0.964200,22
1497,irsogladine,irsogladine,0.964195,24
1498,phosphatidic_acid,phosphatidic acid,0.964195,47
1499,atrazine,atrazine,0.964188,33
1500,antidepressant,antidepressant,0.964178,31
1501,monoamine,monoamine,0.964177,50
1502,aldosterone,aldosterone,0.964174,122
1503,maltitol,maltitol,0.964174,12
1504,demeclocycline,demeclocycline,0.964173,22
1505,imidacloprid,imidacloprid,0.964168,30
1506,noscapine,noscapine,0.964166,33
1507,Augmentin,Augmentin,0.964164,18
1508,para-aminosalicylic_acid,para-aminosalicylic acid,0.964153,21
1509,ganglioside_GM3,ganglioside GM3,0.964152,33
1510,ceftazidime,ceftazidime,0.964150,40
1511,fucoidan,fucoidan,0.964148,36
1512,phenformin,phenformin,0.964146,36
1513,ethinyl_estradiol,ethinyl estradiol,0.964144,34
1514,methacrylate,methacrylate,0.964136,18
1515,ethylestrenol,ethylestrenol,0.964135,10
1516,benzyl_alcohol,benzyl alcohol,0.964134,31
1517,1-butanol,1-butanol,0.964104,30
1518,acetylstrophanthidin,acetylstrophanthidin,0.964094,15
1519,hexylresorcinol,hexylresorcinol,0.964092,17
1520,hydrocortisone_acetate,hydrocortisone acetate,0.964090,19
1521,6-OH-BDE-47,6-OH-BDE-47,0.964089,10
1522,calcium_hydroxide,calcium hydroxide,0.964085,26
1523,triazoles,triazoles,0.964081,32
1524,nitrite,nitrite,0.964079,56
1525,boron,boron,0.964075,42
1526,methionine,methionine,0.964073,87
1527,mahanine,mahanine,0.964053,26
1528,lutein,lutein,0.964053,39
1529,cefazolin,cefazolin,0.964050,29
1530,etidronate,etidronate,0.964048,31
1531,fusicoccin,fusicoccin,0.964037,10
1532,aspartate,aspartate,0.964032,66
1533,epigallocatechin-3-gallate,epigallocatechin-3-gallate,0.964029,53
1534,fumonisin_B1,fumonisin B1,0.964015,28
1535,phenolphthalein,phenolphthalein,0.964015,22
1536,diazinon,diazinon,0.964014,31
1537,asenapine,asenapine,0.964007,25
1538,alitretinoin,alitretinoin,0.963994,31
1539,sodium_chloride,sodium chloride,0.963986,42
1540,eupatilin,eupatilin,0.963973,32
1541,dexrazoxane,dexrazoxane,0.963969,28
1542,palbociclib,palbociclib,0.963968,42
1543,L-leucine,L-leucine,0.963964,32
1544,SKF_38393,SKF 38393,0.963961,32
1545,prostaglandins,prostaglandins,0.963961,86
1546,oxaliplatin,oxaliplatin,0.963960,69
1547,NaHS,NaHS,0.963954,40
1548,lercanidipine,lercanidipine,0.963952,22
1549,lithium,lithium,0.963948,77
1550,dobutamine,dobutamine,0.963938,37
1551,trifluoroacetic_acid,trifluoroacetic acid,0.963931,20
1552,Cytokines,Cytokines,0.963931,12
1553,CHS_828,CHS 828,0.963930,21
1554,mimosine,mimosine,0.963926,32
1555,vinorelbine,vinorelbine,0.963922,36
1556,nimesulide,nimesulide,0.963920,32
1557,emetine,emetine,0.963919,32
1558,lactone,lactone,0.963918,35
1559,xenon,xenon,0.963918,30
1560,FT-207,FT-207,0.963916,15
1561,acetylcholine,acetylcholine,0.963913,102
1562,doxazosin,doxazosin,0.963910,36
1563,ABT-888,ABT-888,0.963905,31
1564,betulinic_acid,betulinic acid,0.963897,35
1565,dimethylglycine,dimethylglycine,0.963894,19
1566,benserazide,benserazide,0.963876,31
1567,dimethylarsinous_acid,dimethylarsinous acid,0.963873,6
1568,3H-thymidine,3H-thymidine,0.963871,35
1569,clofibrate,clofibrate,0.963868,34
1570,diphenhydramine,diphenhydramine,0.963862,30
1571,Salvianolic_acid_B,Salvianolic acid B,0.963862,33
1572,triazine,triazine,0.963861,21
1573,buprenorphine,buprenorphine,0.963859,33
1574,U-74389G,U-74389G,0.963858,27
1575,ZOL,ZOL,0.963856,39
1576,talaporfin_sodium,talaporfin sodium,0.963850,16
1577,ramipril,ramipril,0.963844,34
1578,natamycin,natamycin,0.963843,24
1579,bicuculline,bicuculline,0.963843,34
1580,sorbitol,sorbitol,0.963841,36
1581,fluoride,fluoride,0.963826,51
1582,MK886,MK886,0.963824,32
1583,ethyl_acetate,ethyl acetate,0.963822,33
1584,benzamil,benzamil,0.963816,22
1585,apomorphine,apomorphine,0.963805,35
1586,cytarabine_ocfosfate,cytarabine ocfosfate,0.963791,15
1587,CP-31398,CP-31398,0.963788,31
1588,NaCl,NaCl,0.963786,72
1589,cocaine,cocaine,0.963783,100
1590,AMD3100,AMD3100,0.963780,47
1591,D2O,D2O,0.963777,29
1592,thallium,thallium,0.963773,28
1593,cefoperazone,cefoperazone,0.963769,22
1594,disaccharide,disaccharide,0.963764,30
1595,thallium_acetate,thallium acetate,0.963757,9
1596,hematoporphyrin_monomethyl_ether,hematoporphyrin monomethyl ether,0.963757,18
1597,dieckol,dieckol,0.963747,30
1598,aspirin,aspirin,0.963730,124
1599,cystathionine,cystathionine,0.963729,32
1600,donepezil,donepezil,0.963728,33
1601,enalapril,enalapril,0.963722,41
1602,cardamonin,cardamonin,0.963718,34
1603,acyclovir,acyclovir,0.963717,34
1604,diallyl_trisulfide,diallyl trisulfide,0.963711,32
1605,polyacetylenes,polyacetylenes,0.963704,16
1606,irofulven,irofulven,0.963698,25
1607,ajmaline,ajmaline,0.963697,21
1608,pipecolic_acid,pipecolic acid,0.963685,29
1609,sodium_phosphate,sodium phosphate,0.963677,33
1610,dimethyl_fumarate,dimethyl fumarate,0.963674,35
1611,ONO-4007,ONO-4007,0.963673,25
1612,colchicine,colchicine,0.963671,74
1613,prostacyclin,prostacyclin,0.963670,48
1614,8-hydroxyquinoline,8-hydroxyquinoline,0.963664,21
1615,pentacyclic_triterpenoid,pentacyclic triterpenoid,0.963661,19
1616,3-aminobenzamide,3-aminobenzamide,0.963658,31
1617,vorinostat,vorinostat,0.963656,51
1618,cysteinyl,cysteinyl,0.963647,32
1619,boldine,boldine,0.963646,22
1620,perchloric_acid,perchloric acid,0.963642,21
1621,nitrous_oxide,nitrous oxide,0.963636,32
1622,SKF96365,SKF96365,0.963635,31
1623,G3139,G3139,0.963633,30
1624,cytochalasin_B,cytochalasin B,0.963632,35
1625,Arg-Gly-Asp,Arg-Gly-Asp,0.963626,38
1626,spermidine,spermidine,0.963624,41
1627,luliconazole,luliconazole,0.963622,15
1628,calycosin,calycosin,0.963611,33
1629,zolmitriptan,zolmitriptan,0.963609,29
1630,sulfides,sulfides,0.963592,20
1631,azacitidine,azacitidine,0.963587,63
1632,puromycin,puromycin,0.963582,34
1633,L-NAME,L-NAME,0.963575,35
1634,carbazole,carbazole,0.963568,22
1635,sialic_acids,sialic acids,0.963567,35
1636,pregnenolone,pregnenolone,0.963563,37
1637,lincomycin,lincomycin,0.963561,21
1638,etoposide,etoposide,0.963556,102
1639,trifluralin,trifluralin,0.963542,13
1640,hydroxamic_acid,hydroxamic acid,0.963538,32
1641,phthalocyanine,phthalocyanine,0.963538,20
1642,nucleoside,nucleoside,0.963535,52
1643,silver_nitrate,silver nitrate,0.963523,21
1644,18F-fluorocholine,18F-fluorocholine,0.963516,18
1645,N-methyl-D-aspartate,N-methyl-D-aspartate,0.963509,44
1646,vecuronium,vecuronium,0.963507,26
1647,cyclophosphamide,cyclophosphamide,0.963506,106
1648,arsenite,arsenite,0.963501,69
1649,clioquinol,clioquinol,0.963493,35
1650,imatinib,imatinib,0.963489,139
1651,KOS-862,KOS-862,0.963484,16
1652,morusin,morusin,0.963479,30
1653,agmatine,agmatine,0.963473,36
1654,RSU-1069,RSU-1069,0.963470,17
1655,hexane,hexane,0.963442,33
1656,clonidine,clonidine,0.963441,46
1657,TBT,TBT,0.963431,32
1658,isometamidium_chloride,isometamidium chloride,0.963413,16
1659,MnTBAP,MnTBAP,0.963411,30
1660,kanamycin,kanamycin,0.963409,30
1661,FOY-305,FOY-305,0.963406,33
1662,DMN,DMN,0.963404,34
1663,bafilomycin_A1,bafilomycin A1,0.963401,35
1664,ilimaquinone,ilimaquinone,0.963397,11
1665,chromium,chromium,0.963397,34
1666,baclofen,baclofen,0.963396,38
1667,phenols,phenols,0.963389,35
1668,retinoids,retinoids,0.963385,70
1669,tivantinib,tivantinib,0.963378,30
1670,apocynin,apocynin,0.963368,11
1671,dimethylformamide,dimethylformamide,0.963365,30
1672,LMWH,LMWH,0.963362,28
1673,Flavokawain_B,Flavokawain B,0.963361,19
1674,guanine,guanine,0.963360,66
1675,alanine,alanine,0.963359,99
1676,ergonovine,ergonovine,0.963350,24
1677,trientine,trientine,0.963348,22
1678,zerumbone,zerumbone,0.963337,34
1679,lysine,lysine,0.963333,210
1680,thiazole,thiazole,0.963326,30
1681,captopril,captopril,0.963320,52
1682,marinobufagenin,marinobufagenin,0.963310,18
1683,lopinavir,lopinavir,0.963308,32
1684,nitrogen,nitrogen,0.963307,63
1685,digoxin,digoxin,0.963300,41
1686,desipramine,desipramine,0.963294,39
1687,fexinidazole,fexinidazole,0.963292,12
1688,naltriben,naltriben,0.963290,10
1689,acylglycerols,acylglycerols,0.963283,29
1690,SU11274,SU11274,0.963281,29
1691,calcium_hopantenate,calcium hopantenate,0.963280,17
1692,propionic_acid,propionic acid,0.963278,30
1693,naloxone,naloxone,0.963276,47
1694,ferric_ammonium_citrate,ferric ammonium citrate,0.963273,24
1695,technetium,technetium,0.963271,34
1696,lapachol,lapachol,0.963270,20
1697,U87MG,U87MG,0.963247,40
1698,gemcitabine,gemcitabine,0.963246,137
1699,phorbol_ester,phorbol ester,0.963242,79
1700,lysophosphatidylserine,lysophosphatidylserine,0.963225,14
1701,amine,amine,0.963219,43
1702,Tc-99m_DMSA,Tc-99m DMSA,0.963206,18
1703,AG1478,AG1478,0.963204,41
1704,interferon,interferon,0.963200,57
1705,AG490,AG490,0.963199,48
1706,sterols,sterols,0.963199,46
1707,terbinafine,terbinafine,0.963197,36
1708,5-fluorocytosine,5-fluorocytosine,0.963197,33
1709,cholic_acid,cholic acid,0.963178,34
1710,tryptophan,tryptophan,0.963177,93
1711,copper,copper,0.963176,107
1712,disulfide,disulfide,0.963171,109
1713,PABA,PABA,0.963170,34
1714,emodin,emodin,0.963166,52
1715,PEG,PEG,0.963164,42
1716,interferon-alpha,interferon-alpha,0.963161,76
1717,veratridine,veratridine,0.963156,33
1718,nickel_subsulfide,nickel subsulfide,0.963149,19
1719,nitrates,nitrates,0.963146,32
1720,Pseudolaric_acid_B,Pseudolaric acid B,0.963141,24
1721,DTPA,DTPA,0.963139,32
1722,inosine,inosine,0.963133,36
1723,L-AmB,L-AmB,0.963104,14
1724,monastrol,monastrol,0.963088,16
1725,nickel,nickel,0.963083,51
1726,aminochrome,aminochrome,0.963064,19
1727,liarozole,liarozole,0.963063,26
1728,calcium,calcium,0.963057,723
1729,pyrophosphate,pyrophosphate,0.963046,39
1730,dianhydrogalactitol,dianhydrogalactitol,0.963043,16
1731,forskolin,forskolin,0.963035,111
1732,bepotastine,bepotastine,0.963027,19
1733,cyclic_nucleotide,cyclic nucleotide,0.963011,35
1734,PVA,PVA,0.963010,32
1735,morphine,morphine,0.963010,106
1736,PEEP,PEEP,0.963002,30
1737,hydroxyapatite,hydroxyapatite,0.962997,42
1738,glycitein,glycitein,0.962988,15
1739,omega-3_fatty_acids,omega-3 fatty acids,0.962986,37
1740,kynurenine,kynurenine,0.962981,42
1741,MK-801,MK-801,0.962977,44
1742,ergosterol_peroxide,ergosterol peroxide,0.962977,16
1743,topotecan,topotecan,0.962976,39
1744,epirubicin,epirubicin,0.962971,46
1745,reserpine,reserpine,0.962968,37
1746,tamoxifen,tamoxifen,0.962963,186
1747,risperidone,risperidone,0.962962,41
1748,alcuronium,alcuronium,0.962954,17
1749,staurosporine,staurosporine,0.962948,81
1750,fluoxetine,fluoxetine,0.962945,58
1751,vinpocetine,vinpocetine,0.962938,32
1752,clofazimine,clofazimine,0.962928,34
1753,hydroxyl,hydroxyl,0.962920,17
1754,thymol,thymol,0.962908,34
1755,sulfonylurea,sulfonylurea,0.962904,36
1756,antipyrine,antipyrine,0.962904,29
1757,ascomycin,ascomycin,0.962899,16
1758,benzoic_acid,benzoic acid,0.962897,32
1759,"1,3-butadiene","1,3-butadiene",0.962892,23
1760,tributyltin,tributyltin,0.962875,32
1761,neridronate,neridronate,0.962873,18
1762,isoleucine,isoleucine,0.962873,41
1763,sodium,sodium,0.962869,176
1764,dolichol,dolichol,0.962867,30
1765,ethylenethiourea,ethylenethiourea,0.962860,21
1766,phenylacetate,phenylacetate,0.962855,29
1767,thymine_glycol,thymine glycol,0.962853,10
1768,6-OHDA,6-OHDA,0.962843,52
1769,perillyl_alcohol,perillyl alcohol,0.962840,28
1770,acyl-CoA,acyl-CoA,0.962832,59
1771,AmB,AmB,0.962815,36
1772,PTA,PTA,0.962815,34
1773,methyl_methanesulfonate,methyl methanesulfonate,0.962812,38
1774,N-methyl-N-nitrosourea,N-methyl-N-nitrosourea,0.962809,37
1775,ionomycin,ionomycin,0.962808,55
1776,DAPT,DAPT,0.962806,36
1777,sulfones,sulfones,0.962805,25
1778,actinonin,actinonin,0.962792,24
1779,atrium,atrium,0.962790,19
1780,octreotide,octreotide,0.962789,66
1781,propidium_iodide,propidium iodide,0.962780,34
1782,PDGF-BB,PDGF-BB,0.962759,27
1783,lead_acetate,lead acetate,0.962758,31
1784,bupivacaine,bupivacaine,0.962753,41
1785,minocycline,minocycline,0.962752,48
1786,triethylene_melamine,triethylene melamine,0.962752,16
1787,lithium_carbonate,lithium carbonate,0.962743,25
1788,adipic_acid,adipic acid,0.962736,9
1789,sildenafil,sildenafil,0.962726,50
1790,ampicillin,ampicillin,0.962715,32
1791,rutin,rutin,0.962703,35
1792,farnesyl,farnesyl,0.962698,32
1793,ASO,ASO,0.962693,32
1794,oxycodone,oxycodone,0.962690,34
1795,chondroitin_sulphate,chondroitin sulphate,0.962688,25
1796,hyperforin,hyperforin,0.962683,31
1797,pamidronate,pamidronate,0.962662,38
1798,metronidazole,metronidazole,0.962647,39
1799,monosaccharide,monosaccharide,0.962624,32
1800,AZQ,AZQ,0.962624,29
1801,Na2S,Na2S,0.962608,21
1802,glutaraldehyde,glutaraldehyde,0.962602,36
1803,vincristine,vincristine,0.962602,64
1804,abscisic_acid,abscisic acid,0.962571,36
1805,pramipexole,pramipexole,0.962568,33
1806,pyruvate,pyruvate,0.962560,89
1807,citalopram,citalopram,0.962550,41
1808,tetrabenazine,tetrabenazine,0.962545,25
1809,chlorophenol,chlorophenol,0.962533,12
1810,triolein,triolein,0.962526,31
1811,testosterone,testosterone,0.962517,165
1812,APR-246,APR-246,0.962507,30
1813,DMSO,DMSO,0.962504,78
1814,thromboxane_B2,thromboxane B2,0.962498,33
1815,mitomycin_C,mitomycin C,0.962497,57
1816,rolipram,rolipram,0.962487,34
1817,Mn-TPPS,Mn-TPPS,0.962465,15
1818,motexafin_gadolinium,motexafin gadolinium,0.962462,17
1819,carbachol,carbachol,0.962460,60
1820,phenyl,phenyl,0.962454,31
1821,isoprene,isoprene,0.962450,24
1822,nuciferine,nuciferine,0.962449,23
1823,salbutamol,salbutamol,0.962436,47
1824,danthron,danthron,0.962435,21
1825,carnitine,carnitine,0.962425,53
1826,TTX,TTX,0.962402,31
1827,"2,3-dimercaptopropanol","2,3-dimercaptopropanol",0.962391,25
1828,indole_alkaloids,indole alkaloids,0.962388,10
1829,dioxin,dioxin,0.962383,35
1830,vitamin_D2,vitamin D2,0.962378,32
1831,methylglyoxal,methylglyoxal,0.962374,37
1832,novobiocin,novobiocin,0.962374,32
1833,polyamidoamine,polyamidoamine,0.962350,10
1834,ganglioside_GM1,ganglioside GM1,0.962338,36
1835,rotenone,rotenone,0.962330,36
1836,vitamin_K1,vitamin K1,0.962321,34
1837,calcium_carbonate,calcium carbonate,0.962313,31
1838,uridine,uridine,0.962310,35
1839,L-histidine,L-histidine,0.962292,32
1840,phosphatidylethanolamine,phosphatidylethanolamine,0.962289,43
1841,alcohols,alcohols,0.962262,34
1842,erythromycin,erythromycin,0.962253,52
1843,PEG-IFN,PEG-IFN,0.962251,26
1844,gallium,gallium,0.962247,32
1845,PBDEs,PBDEs,0.962233,32
1846,hyaluronate,hyaluronate,0.962229,36
1847,indoleamine,indoleamine,0.962223,34
1848,aminothiadiazole,aminothiadiazole,0.962222,14
1849,polyamine,polyamine,0.962215,57
1850,vitamin_E,vitamin E,0.962213,71
1851,decitabine,decitabine,0.962206,74
1852,MNG,MNG,0.962189,23
1853,aluminum_fluoride,aluminum fluoride,0.962176,17
1854,rocuronium,rocuronium,0.962164,22
1855,fluorescein,fluorescein,0.962158,61
1856,psorospermin,psorospermin,0.962157,5
1857,Timentin,Timentin,0.962152,15
1858,deferasirox,deferasirox,0.962151,30
1859,ACNU,ACNU,0.962151,38
1860,vitamin_B12,vitamin B12,0.962149,50
1861,beta-lactam,beta-lactam,0.962133,30
1862,paxilline,paxilline,0.962129,21
1863,netilmicin,netilmicin,0.962123,22
1864,TXL,TXL,0.962120,33
1865,diacylglycerol,diacylglycerol,0.962107,53
1866,boronic_acid,boronic acid,0.962106,20
1867,silica,silica,0.962103,59
1868,calcitriol,calcitriol,0.962101,93
1869,clofilium,clofilium,0.962101,20
1870,triacsin_C,triacsin C,0.962096,20
1871,dehydroepiandrosterone_sulfate,dehydroepiandrosterone sulfate,0.962096,38
1872,ammonia,ammonia,0.962091,85
1873,cannabidiol,cannabidiol,0.962082,40
1874,phenylalanine,phenylalanine,0.962078,83
1875,hydride,hydride,0.962074,30
1876,TCNU,TCNU,0.962067,16
1877,etanidazole,etanidazole,0.962065,16
1878,vitamins,vitamins,0.962063,34
1879,matrine,matrine,0.962060,50
1880,thioester,thioester,0.962056,28
1881,alcohol,alcohol,0.962056,171
1882,meloxicam,meloxicam,0.962047,36
1883,pneumolysin,pneumolysin,0.962037,22
1884,dibutyltin_dichloride,dibutyltin dichloride,0.962028,15
1885,dipeptides,dipeptides,0.962026,36
1886,methylmercury,methylmercury,0.962023,34
1887,crocetin,crocetin,0.962019,34
1888,Lithium_salts,Lithium salts,0.962018,16
1889,amprolium,amprolium,0.961988,15
1890,purines,purines,0.961984,39
1891,ethidium_bromide,ethidium bromide,0.961982,31
1892,omega-3_fatty_acid,omega-3 fatty acid,0.961977,32
1893,sulpiride,sulpiride,0.961976,33
1894,doxorubicin,doxorubicin,0.961969,249
1895,midodrine,midodrine,0.961966,23
1896,bleomycin,bleomycin,0.961964,70
1897,juglone,juglone,0.961961,33
1898,hyaluronic_acid,hyaluronic acid,0.961960,42
1899,perfluorobutane,perfluorobutane,0.961956,13
1900,KB-R7943,KB-R7943,0.961949,30
1901,dioxins,dioxins,0.961947,37
1902,zinc_phthalocyanine,zinc phthalocyanine,0.961897,11
1903,nadolol,nadolol,0.961893,31
1904,polyphyllin_D,polyphyllin D,0.961889,17
1905,ascorbate,ascorbate,0.961887,49
1906,nerolidol,nerolidol,0.961885,14
1907,cyproterone_acetate,cyproterone acetate,0.961878,32
1908,clofibric_acid,clofibric acid,0.961865,32
1909,DSCG,DSCG,0.961852,23
1910,"fructose-1,6-bisphosphate","fructose-1,6-bisphosphate",0.961851,34
1911,Hispidulin,Hispidulin,0.961848,21
1912,rapamycin,rapamycin,0.961845,201
1913,alloantigen,alloantigen,0.961837,29
1914,stilbamidine,stilbamidine,0.961826,12
1915,BDE-47,BDE-47,0.961826,33
1916,5-fluorouridine,5-fluorouridine,0.961825,17
1917,LY341495,LY341495,0.961822,27
1918,chlorophenols,chlorophenols,0.961812,11
1919,biguanide,biguanide,0.961804,24
1920,acitretin,acitretin,0.961802,35
1921,curcumin,curcumin,0.961800,245
1922,talampanel,talampanel,0.961797,17
1923,glycopyrrolate,glycopyrrolate,0.961790,18
1924,hydroquinidine,hydroquinidine,0.961782,14
1925,glutamic_acid,glutamic acid,0.961770,90
1926,patupilone,patupilone,0.961768,30
1927,temocillin,temocillin,0.961760,15
1928,piperonyl_butoxide,piperonyl butoxide,0.961756,31
1929,thyroid_hormone,thyroid hormone,0.961754,51
1930,thyroxine,thyroxine,0.961750,58
1931,hydrogen_cyanide,hydrogen cyanide,0.961749,18
1932,rhodamine_123,rhodamine 123,0.961748,38
1933,embelin,embelin,0.961740,35
1934,nafamostat_mesilate,nafamostat mesilate,0.961735,33
1935,methyltestosterone,methyltestosterone,0.961731,17
1936,ICA,ICA,0.961721,33
1937,trabectedin,trabectedin,0.961711,37
1938,BDD,BDD,0.961704,33
1939,fumagillin,fumagillin,0.961703,32
1940,239PuO2,239PuO2,0.961690,15
1941,scutellarein,scutellarein,0.961684,19
1942,triglycerides,triglycerides,0.961675,119
1943,PNP,PNP,0.961670,86
1944,dichlorodifluoromethane,dichlorodifluoromethane,0.961667,9
1945,paraoxon,paraoxon,0.961642,32
1946,milrinone,milrinone,0.961627,33
1947,ONO-1301,ONO-1301,0.961626,26
1948,alvogyl,alvogyl,0.961624,5
1949,U937,U937,0.961615,32
1950,saralasin,saralasin,0.961604,29
1951,MHPG,MHPG,0.961601,30
1952,gallamine,gallamine,0.961598,20
1953,fructose,fructose,0.961565,50
1954,PBD,PBD,0.961558,34
1955,calmidazolium,calmidazolium,0.961556,26
1956,carumonam,carumonam,0.961554,11
1957,dihydroxyacetone,dihydroxyacetone,0.961544,23
1958,PTCA,PTCA,0.961530,26
1959,thiobencarb,thiobencarb,0.961495,7
1960,nitrogen_oxide,nitrogen oxide,0.961488,23
1961,sucrose,sucrose,0.961484,50
1962,citrulline,citrulline,0.961466,43
1963,sulfate,sulfate,0.961464,139
1964,erucylphosphocholine,erucylphosphocholine,0.961457,8
1965,ether,ether,0.961456,33
1966,glycosaminoglycans,glycosaminoglycans,0.961456,34
1967,carbon,carbon,0.961452,83
1968,MMA,MMA,0.961442,67
1969,proscillaridin_A,proscillaridin A,0.961440,14
1970,PCI-24781,PCI-24781,0.961439,22
1971,acetone,acetone,0.961437,36
1972,99mTc-diphosphonate,99mTc-diphosphonate,0.961420,17
1973,phosphorus,phosphorus,0.961412,58
1974,beta-sitosterol,beta-sitosterol,0.961411,31
1975,perospirone,perospirone,0.961406,24
1976,alendronate,alendronate,0.961393,41
1977,MNNG,MNNG,0.961391,37
1978,lactose,lactose,0.961381,46
1979,asparagine,asparagine,0.961379,58
1980,ABA,ABA,0.961368,40
1981,CUDC-907,CUDC-907,0.961359,27
1982,endotoxin,endotoxin,0.961358,31
1983,aromatic_amino_acids,aromatic amino acids,0.961355,31
1984,macrocyclic_lactones,macrocyclic lactones,0.961351,14
1985,octanoic_acid,octanoic acid,0.961325,33
1986,sulfite,sulfite,0.961323,33
1987,furegrelate,furegrelate,0.961316,11
1988,uric_acid,uric acid,0.961307,69
1989,squalene,squalene,0.961295,33
1990,cerulein,cerulein,0.961295,40
1991,DMTU,DMTU,0.961294,31
1992,"1,1,1-trichloroethane","1,1,1-trichloroethane",0.961291,15
1993,manganese,manganese,0.961275,52
1994,monensin,monensin,0.961272,40
1995,lidamycin,lidamycin,0.961271,30
1996,polyene,polyene,0.961232,16
1997,stearate,stearate,0.961229,19
1998,NNN,NNN,0.961226,18
1999,methane,methane,0.961214,33
2000,MVA,MVA,0.961212,26
2001,kerosene,kerosene,0.961190,15
2002,6-thioguanine,6-thioguanine,0.961175,34
2003,cholesterol,cholesterol,0.961169,336
2004,antroquinonol,antroquinonol,0.961161,23
2005,penicillin_G,penicillin G,0.961149,38
2006,HOCl,HOCl,0.961130,37
2007,triterpenoid_saponins,triterpenoid saponins,0.961120,27
2008,propionate,propionate,0.961110,31
2009,somatomedin,somatomedin,0.961108,27
2010,WP1066,WP1066,0.961092,31
2011,arginine,arginine,0.961086,191
2012,phosphatidylinositol,phosphatidylinositol,0.961072,135
2013,brazilin,brazilin,0.961072,29
2014,NB-DNJ,NB-DNJ,0.961068,11
2015,pyrazoloacridine,pyrazoloacridine,0.961062,19
2016,radium,radium,0.961062,19
2017,guanfacine,guanfacine,0.961057,30
2018,cantharidin,cantharidin,0.961048,32
2019,vitamin_C,vitamin C,0.961046,105
2020,carbocysteine,carbocysteine,0.961039,17
2021,copper_sulfate,copper sulfate,0.961037,26
2022,ammonium_acetate,ammonium acetate,0.961026,35
2023,thujone,thujone,0.961012,7
2024,triglyceride,triglyceride,0.961010,93
2025,PLA,PLA,0.960997,36
2026,paclitaxel,paclitaxel,0.960991,180
2027,gimatecan,gimatecan,0.960985,13
2028,coformycin,coformycin,0.960982,12
2029,AN-215,AN-215,0.960977,19
2030,99mTc-DTPA,99mTc-DTPA,0.960974,17
2031,ammonium,ammonium,0.960974,42
2032,ketones,ketones,0.960971,31
2033,guanidine,guanidine,0.960961,43
2034,rifamycin,rifamycin,0.960931,22
2035,everolimus,everolimus,0.960912,56
2036,acetic_acid,acetic acid,0.960906,44
2037,cladribine,cladribine,0.960893,39
2038,UDCA,UDCA,0.960882,32
2039,pitavastatin,pitavastatin,0.960878,8
2040,homocysteine,homocysteine,0.960877,81
2041,GnRHa,GnRHa,0.960874,32
2042,PP242,PP242,0.960869,31
2043,acridines,acridines,0.960859,13
2044,polyimide,polyimide,0.960852,13
2045,nucleotide,nucleotide,0.960850,831
2046,5-hydroxydecanoate,5-hydroxydecanoate,0.960818,19
2047,rottlerin,rottlerin,0.960814,50
2048,15d-PGJ2,15d-PGJ2,0.960803,38
2049,mefenamic_acid,mefenamic acid,0.960799,27
2050,melarsoprol,melarsoprol,0.960797,17
2051,propargylglycine,propargylglycine,0.960776,12
2052,TMA,TMA,0.960773,35
2053,silver_sulfadiazine,silver sulfadiazine,0.960765,25
2054,genistein,genistein,0.960763,114
2055,HgCl2,HgCl2,0.960747,38
2056,tocoretinate,tocoretinate,0.960745,10
2057,luteolin,luteolin,0.960723,65
2058,sodium_oxybate,sodium oxybate,0.960722,26
2059,catechin,catechin,0.960720,39
2060,potassium,potassium,0.960718,185
2061,MMI,MMI,0.960718,33
2062,porphyrins,porphyrins,0.960710,38
2063,amrinone,amrinone,0.960693,31
2064,pirarubicin,pirarubicin,0.960675,21
2065,ZnO,ZnO,0.960674,31
2066,dicarboxylic_acids,dicarboxylic acids,0.960668,30
2067,brefeldin_A,brefeldin A,0.960663,53
2068,Lipopolysaccharide,Lipopolysaccharide,0.960659,35
2069,DMB,DMB,0.960649,22
2070,oleuropein,oleuropein,0.960649,33
2071,PDTC,PDTC,0.960644,45
2072,BIBR1532,BIBR1532,0.960643,20
2073,YM155,YM155,0.960637,38
2074,IPA,IPA,0.960628,33
2075,aluminium_phosphide,aluminium phosphide,0.960624,20
2076,hydroxylamine,hydroxylamine,0.960621,32
2077,ouabain,ouabain,0.960619,50
2078,tumstatin,tumstatin,0.960610,8
2079,diethylstilbestrol_diphosphate,diethylstilbestrol diphosphate,0.960603,18
2080,tropacin,tropacin,0.960600,8
2081,amphetamine,amphetamine,0.960571,58
2082,valproic_acid,valproic acid,0.960567,90
2083,phorbol_12-myristate_13-acetate,phorbol 12-myristate 13-acetate,0.960551,80
2084,deoxyribonucleic_acid,deoxyribonucleic acid,0.960548,34
2085,farnesyl_diphosphate,farnesyl diphosphate,0.960535,34
2086,AMPs,AMPs,0.960528,22
2087,GdCl3,GdCl3,0.960527,35
2088,superoxide,superoxide,0.960526,119
2089,PUFAs,PUFAs,0.960525,55
2090,poly-L-lactic_acid,poly-L-lactic acid,0.960508,19
2091,curcumol,curcumol,0.960504,30
2092,carbonyl,carbonyl,0.960493,53
2093,iberiotoxin,iberiotoxin,0.960472,28
2094,DA-125,DA-125,0.960466,10
2095,PD153035,PD153035,0.960464,32
2096,progestins,progestins,0.960464,35
2097,phenol,phenol,0.960454,33
2098,isocitrate,isocitrate,0.960431,52
2099,oxalate,oxalate,0.960415,22
2100,amide,amide,0.960391,53
2101,ARA,ARA,0.960381,31
2102,acetate,acetate,0.960377,50
2103,polydatin,polydatin,0.960372,34
2104,SSRI,SSRI,0.960371,16
2105,ibandronate,ibandronate,0.960353,29
2106,glycolic_acid,glycolic acid,0.960327,33
2107,alpha-galactosylceramide,alpha-galactosylceramide,0.960320,31
2108,serpentine,serpentine,0.960314,26
2109,simvastatin_hydroxy_acid,simvastatin hydroxy acid,0.960313,9
2110,AEA,AEA,0.960306,24
2111,5-hydroxymethylcytosine,5-hydroxymethylcytosine,0.960294,32
2112,ENU,ENU,0.960294,32
2113,INNO-406,INNO-406,0.960292,21
2114,thymidine,thymidine,0.960292,75
2115,chetomin,chetomin,0.960281,14
2116,BW373U86,BW373U86,0.960276,7
2117,organic_acid,organic acid,0.960275,20
2118,acarbose,acarbose,0.960273,36
2119,Fe3O4,Fe3O4,0.960254,23
2120,oxylipin,oxylipin,0.960253,19
2121,metrizamide,metrizamide,0.960232,28
2122,alkylating_agents,alkylating agents,0.960227,30
2123,IFN,IFN,0.960201,98
2124,teleocidin,teleocidin,0.960198,23
2125,NAA,NAA,0.960194,36
2126,silver,silver,0.960188,55
2127,thiotepa,thiotepa,0.960180,22
2128,PX-866,PX-866,0.960179,18
2129,FK866,FK866,0.960171,34
2130,polysialic_acid,polysialic acid,0.960158,35
2131,bismuth,bismuth,0.960149,29
2132,NMMA,NMMA,0.960100,29
2133,ITF2357,ITF2357,0.960086,29
2134,AgNO3,AgNO3,0.960083,19
2135,Ro_31-8220,Ro 31-8220,0.960082,35
2136,Y-27632,Y-27632,0.960070,50
2137,risedronate,risedronate,0.960066,35
2138,cyclocreatine,cyclocreatine,0.960066,14
2139,palladium,palladium,0.960063,27
2140,Fe-NTA,Fe-NTA,0.960062,30
2141,clorgyline,clorgyline,0.960062,31
2142,peroxide,peroxide,0.960055,36
2143,polyphyllin_I,polyphyllin I,0.960042,17
2144,fluconazole,fluconazole,0.960042,50
2145,siramesine,siramesine,0.960036,12
2146,indatraline,indatraline,0.960005,5
2147,DMA,DMA,0.959984,32
2148,HMBA,HMBA,0.959983,34
2149,myo-inositol,myo-inositol,0.959975,46
2150,retinoic_acid,retinoic acid,0.959964,308
2151,8-CPT-cAMP,8-CPT-cAMP,0.959959,14
2152,DMI,DMI,0.959957,35
2153,AmBisome,AmBisome,0.959949,14
2154,7-dehydrocholesterol,7-dehydrocholesterol,0.959944,30
2155,4-phenylbutyrate,4-phenylbutyrate,0.959936,34
2156,androgen,androgen,0.959921,212
2157,Li,Li,0.959917,28
2158,lathosterol,lathosterol,0.959915,28
2159,ADO,ADO,0.959895,34
2160,thiol,thiol,0.959879,70
2161,sodium_alginate,sodium alginate,0.959863,25
2162,GSNO,GSNO,0.959861,38
2163,TMP,TMP,0.959858,44
2164,2-CdA,2-CdA,0.959847,23
2165,oxygen,oxygen,0.959835,380
2166,LY294002,LY294002,0.959826,126
2167,H2O2,H2O2,0.959821,150
2168,AP_12009,AP 12009,0.959817,18
2169,nimustine_hydrochloride,nimustine hydrochloride,0.959809,10
2170,iloperidone,iloperidone,0.959802,22
2171,18F-DOPA,18F-DOPA,0.959794,20
2172,cyclic_GMP,cyclic GMP,0.959786,41
2173,NDGA,NDGA,0.959777,35
2174,calcium_phosphate,calcium phosphate,0.959776,38
2175,PK11195,PK11195,0.959756,31
2176,PEM,PEM,0.959749,29
2177,imidocarb_dipropionate,imidocarb dipropionate,0.959747,11
2178,fentanyl,fentanyl,0.959735,41
2179,mizoribine,mizoribine,0.959724,33
2180,OSU-03012,OSU-03012,0.959714,31
2181,DEHP,DEHP,0.959709,44
2182,CNI-1493,CNI-1493,0.959703,30
2183,cardiolipin,cardiolipin,0.959703,47
2184,leucine,leucine,0.959698,162
2185,8-cyclopentyltheophylline,8-cyclopentyltheophylline,0.959676,16
2186,alpha-lipoic_acid,alpha-lipoic acid,0.959658,38
2187,cisplatin,cisplatin,0.959654,543
2188,tungsten,tungsten,0.959654,26
2189,CYT387,CYT387,0.959646,25
2190,GSK126,GSK126,0.959638,23
2191,bilirubin,bilirubin,0.959622,70
2192,S-nitrosothiols,S-nitrosothiols,0.959603,31
2193,PQQ,PQQ,0.959580,32
2194,TPEN,TPEN,0.959569,30
2195,LiCl,LiCl,0.959534,57
2196,fucose,fucose,0.959522,34
2197,vidarabine,vidarabine,0.959520,32
2198,As2O3,As2O3,0.959519,58
2199,bufalin,bufalin,0.959516,42
2200,Ki-67,Ki-67,0.959514,22
2201,FDA,FDA,0.959512,17
2202,HMF,HMF,0.959509,27
2203,THA,THA,0.959503,70
2204,glucosylceramide,glucosylceramide,0.959500,36
2205,"fructose_2,6-bisphosphate","fructose 2,6-bisphosphate",0.959491,33
2206,hypoxanthine,hypoxanthine,0.959469,41
2207,hexose,hexose,0.959452,34
2208,polyphosphate,polyphosphate,0.959432,31
2209,carboxamides,carboxamides,0.959419,19
2210,L-proline,L-proline,0.959418,30
2211,hydrogen,hydrogen,0.959416,58
2212,chaetocin,chaetocin,0.959414,33
2213,"1,4-dioxane","1,4-dioxane",0.959406,27
2214,2-ME,2-ME,0.959401,41
2215,rhein,rhein,0.959387,32
2216,iridoids,iridoids,0.959387,18
2217,NPI-0052,NPI-0052,0.959383,23
2218,bepridil,bepridil,0.959382,33
2219,pancreolauryl,pancreolauryl,0.959374,12
2220,phenothiazine,phenothiazine,0.959374,33
2221,deoxyadenosine,deoxyadenosine,0.959327,30
2222,MZ-5-156,MZ-5-156,0.959315,16
2223,sterol,sterol,0.959301,44
2224,afamelanotide,afamelanotide,0.959285,16
2225,triptolide,triptolide,0.959268,65
2226,hypocretin,hypocretin,0.959238,22
2227,N2O,N2O,0.959212,34
2228,DPA,DPA,0.959210,35
2229,TAA,TAA,0.959196,38
2230,NPA,NPA,0.959192,30
2231,pyriproxyfen,pyriproxyfen,0.959190,16
2232,AGs,AGs,0.959184,24
2233,pingyangmycin,pingyangmycin,0.959175,19
2234,flavonoid,flavonoid,0.959151,40
2235,L-glutamic_acid,L-glutamic acid,0.959148,31
2236,ethylene_glycol_monomethyl_ether,ethylene glycol monomethyl ether,0.959129,23
2237,azole,azole,0.959124,33
2238,HVA,HVA,0.959108,34
2239,vindesine,vindesine,0.959106,25
2240,neodymium,neodymium,0.959100,16
2241,DEAE-dextran,DEAE-dextran,0.959091,9
2242,pinosylvin,pinosylvin,0.959085,24
2243,capsazepine,capsazepine,0.959084,31
2244,99mTc-HM-PAO,99mTc-HM-PAO,0.959083,14
2245,ramosetron,ramosetron,0.959076,18
2246,ethanol,ethanol,0.959074,230
2247,PT-100,PT-100,0.959065,20
2248,poly-ICLC,poly-ICLC,0.959047,20
2249,PFA,PFA,0.959038,29
2250,A-192621,A-192621,0.959033,14
2251,Fe2O3,Fe2O3,0.959032,19
2252,phytol,phytol,0.959013,31
2253,ZD6126,ZD6126,0.959007,15
2254,palmitate,palmitate,0.959002,72
2255,dibutyryl_cyclic_AMP,dibutyryl cyclic AMP,0.959001,54
2256,biochanin_A,biochanin A,0.959000,37
2257,doxepin,doxepin,0.958985,28
2258,DOM,DOM,0.958981,30
2259,alkylglycerols,alkylglycerols,0.958946,20
2260,4-PBA,4-PBA,0.958935,30
2261,KCC009,KCC009,0.958925,13
2262,estradiol,estradiol,0.958909,288
2263,unoprostone,unoprostone,0.958903,26
2264,lonidamine,lonidamine,0.958881,27
2265,Bay_K_8644,Bay K 8644,0.958878,31
2266,PCL,PCL,0.958876,34
2267,TPA,TPA,0.958856,135
2268,cystine,cystine,0.958855,39
2269,ellipticine,ellipticine,0.958845,31
2270,DMSA,DMSA,0.958843,28
2271,mannose,mannose,0.958832,63
2272,aflatoxin_B1,aflatoxin B1,0.958832,33
2273,bergenin,bergenin,0.958815,31
2274,ozone,ozone,0.958799,51
2275,DHT,DHT,0.958785,62
2276,SR_48692,SR 48692,0.958775,28
2277,5-HTP,5-HTP,0.958748,33
2278,imidocarb,imidocarb,0.958730,8
2279,inositol_hexaphosphate,inositol hexaphosphate,0.958730,36
2280,DMPS,DMPS,0.958722,32
2281,lead,lead,0.958722,38
2282,titanium_dioxide,titanium dioxide,0.958708,30
2283,DPT,DPT,0.958695,32
2284,imidazoline,imidazoline,0.958692,32
2285,primary_amines,primary amines,0.958649,24
2286,metformin,metformin,0.958645,172
2287,A77_1726,A77 1726,0.958640,27
2288,DMC,DMC,0.958635,40
2289,vitamin_D3,vitamin D3,0.958629,57
2290,chlormadinone_acetate,chlormadinone acetate,0.958610,18
2291,hydrogen_peroxide,hydrogen peroxide,0.958603,140
2292,AH6809,AH6809,0.958593,23
2293,alliin,alliin,0.958575,17
2294,sulfamide,sulfamide,0.958559,20
2295,colistin_methanesulfonate,colistin methanesulfonate,0.958553,15
2296,chloroform,chloroform,0.958549,34
2297,estrogen,estrogen,0.958506,481
2298,R-568,R-568,0.958485,30
2299,polyestradiol_phosphate,polyestradiol phosphate,0.958478,9
2300,oridonin,oridonin,0.958474,42
2301,OKN-007,OKN-007,0.958466,14
2302,PGE2,PGE2,0.958437,159
2303,digitoxin,digitoxin,0.958431,34
2304,tachykinin,tachykinin,0.958430,41
2305,8-bromo-cAMP,8-bromo-cAMP,0.958429,35
2306,Endocrine,Endocrine,0.958424,6
2307,SNS-032,SNS-032,0.958422,25
2308,HCPT,HCPT,0.958417,31
2309,3-bromopyruvate,3-bromopyruvate,0.958406,33
2310,cyanide,cyanide,0.958404,39
2311,DEC,DEC,0.958384,27
2312,CLO,CLO,0.958383,28
2313,vardenafil,vardenafil,0.958369,34
2314,fatty_acid,fatty acid,0.958368,188
2315,N-methylprotoporphyrin,N-methylprotoporphyrin,0.958367,5
2316,vancomycin,vancomycin,0.958365,42
2317,LPA,LPA,0.958364,94
2318,melatonin,melatonin,0.958350,139
2319,bitoscanate,bitoscanate,0.958344,6
2320,LAM,LAM,0.958341,70
2321,etretinate,etretinate,0.958327,26
2322,BI_6727,BI 6727,0.958323,22
2323,duramycin,duramycin,0.958318,8
2324,Gln,Gln,0.958316,61
2325,Durabolin,Durabolin,0.958314,11
2326,phosphocreatine,phosphocreatine,0.958300,32
2327,carboxylic_acid,carboxylic acid,0.958253,31
2328,methylazoxymethanol_acetate,methylazoxymethanol acetate,0.958237,18
2329,2-hydroxyglutarate,2-hydroxyglutarate,0.958233,31
2330,IBMX,IBMX,0.958232,35
2331,kallidin,kallidin,0.958227,22
2332,BH4,BH4,0.958215,36
2333,colistin,colistin,0.958215,37
2334,MO,MO,0.958209,23
2335,pipobroman,pipobroman,0.958201,15
2336,IdB_1016,IdB 1016,0.958195,11
2337,DNP,DNP,0.958186,30
2338,GA,GA,0.958178,64
2339,8-OHdG,8-OHdG,0.958176,51
2340,PVC,PVC,0.958173,31
2341,4-methylimidazole,4-methylimidazole,0.958171,10
2342,pantothenic_acid,pantothenic acid,0.958170,31
2343,MMF,MMF,0.958161,52
2344,PCBs,PCBs,0.958146,44
2345,HCB,HCB,0.958140,31
2346,borocaptate_sodium,borocaptate sodium,0.958138,4
2347,GNA,GNA,0.958122,13
2348,TEM,TEM,0.958119,29
2349,glycerol,glycerol,0.958109,56
2350,thapsigargin,thapsigargin,0.958089,45
2351,PGE1,PGE1,0.958088,49
2352,CYP,CYP,0.958050,205
2353,DEET,DEET,0.958045,33
2354,AN-162,AN-162,0.958029,14
2355,lamotrigine,lamotrigine,0.958017,35
2356,bupropion,bupropion,0.957943,32
2357,potassium_citrate,potassium citrate,0.957928,16
2358,tyrosine,tyrosine,0.957920,895
2359,phosphatidylcholine,phosphatidylcholine,0.957915,67
2360,tubercidin,tubercidin,0.957909,12
2361,VNB,VNB,0.957908,11
2362,allylamine,allylamine,0.957898,18
2363,Phen,Phen,0.957862,20
2364,clomiphene_citrate,clomiphene citrate,0.957807,47
2365,DENSPM,DENSPM,0.957772,21
2366,aluminium,aluminium,0.957770,36
2367,MS-8209,MS-8209,0.957747,10
2368,silicone,silicone,0.957738,38
2369,selenite,selenite,0.957738,43
2370,BI_2536,BI 2536,0.957698,31
2371,bavachin,bavachin,0.957685,8
2372,piplartine,piplartine,0.957664,13
2373,L-NMMA,L-NMMA,0.957663,36
2374,carbapenem,carbapenem,0.957653,32
2375,Gla,Gla,0.957622,34
2376,chlorfenapyr,chlorfenapyr,0.957618,7
2377,geranylgeranyl_diphosphate,geranylgeranyl diphosphate,0.957616,25
2378,phosphoinositide,phosphoinositide,0.957600,44
2379,cadmium,cadmium,0.957585,90
2380,8-chloroadenosine,8-chloroadenosine,0.957551,17
2381,magnesium,magnesium,0.957537,76
2382,PFOA,PFOA,0.957523,33
2383,prolyl,prolyl,0.957515,43
2384,cystatins,cystatins,0.957506,30
2385,MET,MET,0.957489,29
2386,bisulfite,bisulfite,0.957462,34
2387,2-AG,2-AG,0.957449,34
2388,11C-PIB,11C-PIB,0.957440,8
2389,isoniazid,isoniazid,0.957430,36
2390,formalin,formalin,0.957421,53
2391,etomidate,etomidate,0.957413,32
2392,NMDA,NMDA,0.957388,94
2393,K7174,K7174,0.957376,9
2394,magnesium_oxide,magnesium oxide,0.957365,18
2395,5-FU,5-FU,0.957348,205
2396,PMMA,PMMA,0.957339,35
2397,AZD9291,AZD9291,0.957337,20
2398,sestamibi,sestamibi,0.957328,35
2399,MMC,MMC,0.957320,47
2400,20-HETE,20-HETE,0.957309,33
2401,propylthiouracil,propylthiouracil,0.957306,36
2402,spermine,spermine,0.957275,40
2403,polyurethane,polyurethane,0.957216,26
2404,sulfaguanidine,sulfaguanidine,0.957213,9
2405,dGTP,dGTP,0.957208,26
2406,TPN,TPN,0.957199,31
2407,DDAVP,DDAVP,0.957156,38
2408,AZT,AZT,0.957154,44
2409,3-methylcrotonyl-CoA,3-methylcrotonyl-CoA,0.957131,12
2410,DADLE,DADLE,0.957123,29
2411,ryanodine,ryanodine,0.957117,43
2412,pentacyclic_triterpenes,pentacyclic triterpenes,0.957107,19
2413,vanadate,vanadate,0.957107,46
2414,BNP,BNP,0.957084,122
2415,BzATP,BzATP,0.957071,31
2416,PVB,PVB,0.957023,18
2417,vinylsulfone,vinylsulfone,0.957022,9
2418,Dox,Dox,0.957015,31
2419,TAC,TAC,0.957014,51
2420,bile_acids,bile acids,0.957010,77
2421,O6-methylguanine,O6-methylguanine,0.957003,29
2422,DES,DES,0.956994,55
2423,cis-parinaric_acid,cis-parinaric acid,0.956989,10
2424,guanine_nucleotide,guanine nucleotide,0.956986,142
2425,ONC201,ONC201,0.956972,30
2426,lipopolysaccharide,lipopolysaccharide,0.956968,62
2427,THC,THC,0.956959,74
2428,aluminum_phthalocyanine,aluminum phthalocyanine,0.956923,12
2429,H-89,H-89,0.956920,42
2430,avasimibe,avasimibe,0.956880,20
2431,aluminum,aluminum,0.956869,44
2432,xylitol,xylitol,0.956843,33
2433,SarCNU,SarCNU,0.956833,13
2434,MCA,MCA,0.956826,35
2435,CNU,CNU,0.956818,8
2436,cyclic_AMP,cyclic AMP,0.956811,140
2437,DPPE,DPPE,0.956809,28
2438,quinolone,quinolone,0.956796,34
2439,K,K,0.956750,39
2440,LA,LA,0.956701,34
2441,Asp,Asp,0.956689,75
2442,SCH58261,SCH58261,0.956675,30
2443,xanthatin,xanthatin,0.956670,22
2444,creatine,creatine,0.956633,90
2445,C2-ceramide,C2-ceramide,0.956630,34
2446,ALN,ALN,0.956609,28
2447,glycerol_phosphate,glycerol phosphate,0.956606,15
2448,gamma-carboxyglutamic_acid,gamma-carboxyglutamic acid,0.956603,32
2449,Micheliolide,Micheliolide,0.956593,10
2450,SCH_39304,SCH 39304,0.956592,17
2451,PMA,PMA,0.956566,164
2452,lomustine,lomustine,0.956565,33
2453,taxanes,taxanes,0.956559,41
2454,merbarone,merbarone,0.956534,15
2455,o-phthalaldehyde,o-phthalaldehyde,0.956532,9
2456,AAs,AAs,0.956514,32
2457,THP,THP,0.956503,49
2458,CH2O,CH2O,0.956476,19
2459,kaolin,kaolin,0.956469,31
2460,NaF,NaF,0.956445,32
2461,OH,OH,0.956427,63
2462,butein,butein,0.956400,33
2463,phosphotyrosine,phosphotyrosine,0.956374,83
2464,graphene,graphene,0.956370,38
2465,ATO,ATO,0.956351,48
2466,vitamin_B6,vitamin B6,0.956341,38
2467,TSA,TSA,0.956309,95
2468,glicentin,glicentin,0.956272,20
2469,MPA,MPA,0.956229,39
2470,cobalt,cobalt,0.956228,43
2471,pyoverdine,pyoverdine,0.956228,10
2472,SB216763,SB216763,0.956225,35
2473,PHT,PHT,0.956215,50
2474,MSG,MSG,0.956203,34
2475,fatty_acids,fatty acids,0.956190,158
2476,glycine,glycine,0.956157,90
2477,adenosine,adenosine,0.956124,154
2478,mithramycin,mithramycin,0.956122,39
2479,sphingosine-1-phosphate,sphingosine-1-phosphate,0.956079,53
2480,molybdenum,molybdenum,0.956063,36
2481,tachyplesin_I,tachyplesin I,0.956061,14
2482,hydrate,hydrate,0.956029,19
2483,proanthocyanidin,proanthocyanidin,0.956027,29
2484,5-methyltetrahydrofolate,5-methyltetrahydrofolate,0.956021,30
2485,DPG,DPG,0.955946,24
2486,SDS,SDS,0.955919,82
2487,3-methyladenine,3-methyladenine,0.955888,42
2488,DOX,DOX,0.955885,76
2489,methyl,methyl,0.955879,52
2490,methicillin,methicillin,0.955867,19
2491,IDA,IDA,0.955853,21
2492,DOPS,DOPS,0.955851,15
2493,naltrexone,naltrexone,0.955847,34
2494,RG7388,RG7388,0.955838,12
2495,GDP,GDP,0.955819,69
2496,smoking,smoking,0.955819,35
2497,EDL-155,EDL-155,0.955818,6
2498,TCN,TCN,0.955803,26
2499,CHO,CHO,0.955780,49
2500,MIBG,MIBG,0.955779,37
2501,silicon,silicon,0.955761,39
2502,acetyl,acetyl,0.955752,41
2503,BAPN,BAPN,0.955725,32
2504,"3,4-benzpyrene","3,4-benzpyrene",0.955719,15
2505,"D,L-methadone","D,L-methadone",0.955715,6
2506,ZnCl2,ZnCl2,0.955713,31
2507,almitrine,almitrine,0.955706,23
2508,DOTA,DOTA,0.955697,12
2509,paraffin,paraffin,0.955628,28
2510,MDMA,MDMA,0.955596,35
2511,ATZ,ATZ,0.955595,30
2512,NVP-BEZ235,NVP-BEZ235,0.955568,45
2513,AA,AA,0.955564,117
2514,tricetin,tricetin,0.955557,18
2515,NO2,NO2,0.955517,40
2516,"2,3-diphosphoglycerate","2,3-diphosphoglycerate",0.955455,30
2517,DMBA,DMBA,0.955447,39
2518,6-MP,6-MP,0.955429,31
2519,secretin,secretin,0.955425,127
2520,NAs,NAs,0.955399,30
2521,progestin,progestin,0.955374,11
2522,artesunic_acid,artesunic acid,0.955365,5
2523,PPi,PPi,0.955338,35
2524,AVA,AVA,0.955317,15
2525,SCIO-469,SCIO-469,0.955315,13
2526,TTFCA,TTFCA,0.955298,13
2527,phosphoglyceride,phosphoglyceride,0.955295,7
2528,AS602868,AS602868,0.955294,21
2529,triclabendazole,triclabendazole,0.955289,16
2530,bephenium_hydroxynaphthoate,bephenium hydroxynaphthoate,0.955241,11
2531,1-beta-D-arabinofuranosylcytosine,1-beta-D-arabinofuranosylcytosine,0.955233,30
2532,CoQ10,CoQ10,0.955228,44
2533,terpenoid,terpenoid,0.955218,17
2534,amino,amino,0.955205,186
2535,LPC,LPC,0.955195,36
2536,HPA,HPA,0.955193,29
2537,PTX,PTX,0.955173,51
2538,VX-809,VX-809,0.955162,14
2539,8-nitro-cGMP,8-nitro-cGMP,0.955159,9
2540,dipotassium_clorazepate,dipotassium clorazepate,0.955105,15
2541,OCS,OCS,0.955074,31
2542,O6-benzylguanine,O6-benzylguanine,0.955067,24
2543,PD173074,PD173074,0.955024,32
2544,4-OHT,4-OHT,0.955020,30
2545,CBZ,CBZ,0.954994,37
2546,DDC,DDC,0.954977,35
2547,piperacillin,piperacillin,0.954968,28
2548,8-Cl-cAMP,8-Cl-cAMP,0.954921,31
2549,avibactam,avibactam,0.954914,12
2550,CMP,CMP,0.954866,64
2551,biperiden,biperiden,0.954857,19
2552,99mTc-pyrophosphate,99mTc-pyrophosphate,0.954854,18
2553,PH,PH,0.954853,37
2554,AZD1152,AZD1152,0.954846,27
2555,GDC-0980,GDC-0980,0.954837,18
2556,SB366791,SB366791,0.954827,16
2557,Z-VAD-FMK,Z-VAD-FMK,0.954825,18
2558,methylhydrazine,methylhydrazine,0.954747,15
2559,sarcosine,sarcosine,0.954676,32
2560,EGCG,EGCG,0.954587,111
2561,SDX-308,SDX-308,0.954523,8
2562,phenazines,phenazines,0.954522,10
2563,HPH,HPH,0.954512,22
2564,AVP,AVP,0.954499,105
2565,porphyran,porphyran,0.954464,11
2566,7beta-hydroxycholesterol,7beta-hydroxycholesterol,0.954459,30
2567,polyenes,polyenes,0.954437,16
2568,BDA,BDA,0.954426,18
2569,DEX,DEX,0.954401,70
2570,calcitonin,calcitonin,0.954391,77
2571,dopamine,dopamine,0.954350,192
2572,CBA,CBA,0.954339,30
2573,Ro5-4864,Ro5-4864,0.954339,31
2574,2-deoxy-D-glucose,2-deoxy-D-glucose,0.954315,52
2575,FFA,FFA,0.954307,37
2576,"16,16-dimethyl_prostaglandin_E2","16,16-dimethyl prostaglandin E2",0.954266,22
2577,TET,TET,0.954258,32
2578,fura-2,fura-2,0.954256,34
2579,5-FC,5-FC,0.954223,23
2580,PFO,PFO,0.954213,25
2581,HIDA,HIDA,0.954208,14
2582,TiO2,TiO2,0.954186,34
2583,polyvinylpyridine-N-oxide,polyvinylpyridine-N-oxide,0.954100,13
2584,CsCl,CsCl,0.954079,19
2585,TJN-101,TJN-101,0.954054,25
2586,L-T4,L-T4,0.953962,33
2587,MLN4924,MLN4924,0.953949,36
2588,AS1411,AS1411,0.953889,22
2589,N-butyl-2-cyanoacrylate,N-butyl-2-cyanoacrylate,0.953882,16
2590,isoprenoid,isoprenoid,0.953861,34
2591,dapivirine,dapivirine,0.953853,8
2592,"D,L-carnitine","D,L-carnitine",0.953841,11
2593,polystyrene,polystyrene,0.953815,33
2594,Tween_80,Tween 80,0.953806,3
2595,PJ34,PJ34,0.953792,34
2596,DMPC,DMPC,0.953756,31
2597,TPT,TPT,0.953715,35
2598,D-xylose,D-xylose,0.953707,33
2599,TXA,TXA,0.953706,33
2600,NB-506,NB-506,0.953706,8
2601,papaverine,papaverine,0.953677,35
2602,ethylnitrosourea,ethylnitrosourea,0.953666,33
2603,IPP,IPP,0.953657,18
2604,CaCl2,CaCl2,0.953628,35
2605,MTT,MTT,0.953611,78
2606,choleragenoid,choleragenoid,0.953606,8
2607,coumarin,coumarin,0.953559,39
2608,germacrone,germacrone,0.953555,19
2609,TRAM-34,TRAM-34,0.953467,31
2610,citrates,citrates,0.953446,10
2611,BDA-410,BDA-410,0.953445,8
2612,TMZ,TMZ,0.953444,96
2613,NH4Cl,NH4Cl,0.953415,33
2614,crizotinib,crizotinib,0.953414,47
2615,MNU,MNU,0.953363,35
2616,SB203580,SB203580,0.953357,73
2617,cyclopamine,cyclopamine,0.953337,48
2618,PGA,PGA,0.953327,34
2619,cyclopentenyl_cytosine,cyclopentenyl cytosine,0.953286,16
2620,SAs,SAs,0.953281,23
2621,bacteriocin,bacteriocin,0.953260,37
2622,TMPyP4,TMPyP4,0.953249,21
2623,metomidate,metomidate,0.953230,7
2624,ethyleneimine,ethyleneimine,0.953227,17
2625,NH2,NH2,0.953210,42
2626,BaCl2,BaCl2,0.953184,26
2627,AT-101,AT-101,0.953174,23
2628,SGI-1776,SGI-1776,0.953155,23
2629,sulfamate,sulfamate,0.953146,8
2630,betaine,betaine,0.953135,35
2631,BAs,BAs,0.953099,34
2632,PpIX,PpIX,0.953088,45
2633,PPG,PPG,0.953053,72
2634,valacyclovir,valacyclovir,0.953040,25
2635,ceftolozane,ceftolozane,0.953030,5
2636,KRN8602,KRN8602,0.953025,22
2637,xyloketal_B,xyloketal B,0.953001,17
2638,calcein,calcein,0.952966,24
2639,Mg,Mg,0.952931,36
2640,NaHCO3,NaHCO3,0.952929,30
2641,ZSTK474,ZSTK474,0.952925,31
2642,GaAs,GaAs,0.952920,25
2643,HCl,HCl,0.952877,39
2644,GF120918,GF120918,0.952839,23
2645,PVP,PVP,0.952826,32
2646,CMX,CMX,0.952801,17
2647,IBU,IBU,0.952792,18
2648,glucose-6-phosphate,glucose-6-phosphate,0.952786,40
2649,Mal,Mal,0.952774,43
2650,VPA,VPA,0.952754,79
2651,combretastatin_A4_phosphate,combretastatin A4 phosphate,0.952701,24
2652,4-hydroperoxycyclophosphamide,4-hydroperoxycyclophosphamide,0.952660,20
2653,platinum,platinum,0.952605,67
2654,PDA,PDA,0.952556,35
2655,MDP,MDP,0.952550,38
2656,N-tert-butyl-alpha-phenylnitrone,N-tert-butyl-alpha-phenylnitrone,0.952518,24
2657,methyl-CCNU,methyl-CCNU,0.952512,18
2658,ISIS_2302,ISIS 2302,0.952505,7
2659,MGd,MGd,0.952498,18
2660,BIX-01294,BIX-01294,0.952497,29
2661,urea,urea,0.952456,66
2662,OH-2,OH-2,0.952427,13
2663,berbamine,berbamine,0.952414,31
2664,cycloplatam,cycloplatam,0.952397,6
2665,KCl,KCl,0.952393,43
2666,RC-3095,RC-3095,0.952384,30
2667,barium,barium,0.952360,33
2668,CoQ,CoQ,0.952353,33
2669,SAM,SAM,0.952350,49
2670,Soyasaponin_Ab,Soyasaponin Ab,0.952327,8
2671,PBN,PBN,0.952326,34
2672,BKM120,BKM120,0.952306,37
2673,AMP,AMP,0.952302,62
2674,provitamin_A,provitamin A,0.952290,7
2675,BrdU,BrdU,0.952277,72
2676,TCE,TCE,0.952258,35
2677,TNBS,TNBS,0.952253,34
2678,CUS,CUS,0.952240,21
2679,MeOH,MeOH,0.952182,27
2680,N-formyl-methionyl-leucyl-phenylalanine,N-formyl-methionyl-leucyl-phenylalanine,0.952166,34
2681,ASA,ASA,0.952156,49
2682,TLN-4601,TLN-4601,0.952155,9
2683,technetium-99m_methylene_diphosphonate,technetium-99m methylene diphosphonate,0.952148,12
2684,PTC,PTC,0.952142,213
2685,DOCA,DOCA,0.952128,34
2686,ceramide,ceramide,0.952116,129
2687,D-serine,D-serine,0.952115,35
2688,amines,amines,0.952111,46
2689,oestrogen,oestrogen,0.952062,86
2690,Glaucocalyxin_A,Glaucocalyxin A,0.952037,11
2691,azoles,azoles,0.952030,32
2692,PGP,PGP,0.952001,19
2693,DE,DE,0.951998,19
2694,DiI,DiI,0.951997,12
2695,SU1498,SU1498,0.951990,22
2696,Fluosol,Fluosol,0.951973,19
2697,BIIL_284,BIIL 284,0.951939,9
2698,25-hydroxyvitamin_D3,25-hydroxyvitamin D3,0.951934,36
2699,BAY_11-7082,BAY 11-7082,0.951930,43
2700,SNX-2112,SNX-2112,0.951907,28
2701,benzylthiouracil,benzylthiouracil,0.951887,9
2702,tubacin,tubacin,0.951828,23
2703,2-hydroxyoleic_acid,2-hydroxyoleic acid,0.951802,5
2704,PR-957,PR-957,0.951783,17
2705,ATP,ATP,0.951779,522
2706,importazole,importazole,0.951725,5
2707,Rolitetracycline,Rolitetracycline,0.951594,7
2708,fat,fat,0.951524,26
2709,CKD-602,CKD-602,0.951442,17
2710,allophycocyanin,allophycocyanin,0.951426,5
2711,PD0325901,PD0325901,0.951404,31
2712,NSC23766,NSC23766,0.951372,32
2713,rucaparib,rucaparib,0.951354,24
2714,LBW242,LBW242,0.951304,9
2715,mucopolysaccharide,mucopolysaccharide,0.951289,14
2716,CX-659S,CX-659S,0.951255,11
2717,olaparib,olaparib,0.951225,35
2718,amoscanate,amoscanate,0.951215,8
2719,pheromone,pheromone,0.951143,34
2720,nikkomycin_Z,nikkomycin Z,0.951134,11
2721,nystatin,nystatin,0.951120,30
2722,PAF,PAF,0.951085,152
2723,AG3340,AG3340,0.951085,19
2724,DMPP,DMPP,0.951065,30
2725,DABA,DABA,0.950982,5
2726,MK-2206,MK-2206,0.950961,36
2727,CoCl2,CoCl2,0.950930,49
2728,benoxaprofen,benoxaprofen,0.950909,19
2729,oxytocin,oxytocin,0.950903,142
2730,AK-2123,AK-2123,0.950861,18
2731,BA,BA,0.950850,66
2732,serotonin,serotonin,0.950794,167
2733,MK-1775,MK-1775,0.950784,23
2734,L-fucose,L-fucose,0.950775,31
2735,cysteine,cysteine,0.950740,257
2736,MGBG,MGBG,0.950740,24
2737,HNE,HNE,0.950693,35
2738,SNP,SNP,0.950559,67
2739,PPS,PPS,0.950518,52
2740,TG101348,TG101348,0.950476,19
2741,Apomine,Apomine,0.950442,13
2742,AMPA,AMPA,0.950431,66
2743,Cys,Cys,0.950403,60
2744,Na2EDTA,Na2EDTA,0.950386,15
2745,TFO,TFO,0.950384,16
2746,MC540,MC540,0.950354,18
2747,PAP,PAP,0.950346,120
2748,biotin,biotin,0.950218,44
2749,d-lysergic_acid_diethylamide,d-lysergic acid diethylamide,0.950190,10
2750,Tau,Tau,0.950153,40
2751,HS-1793,HS-1793,0.950114,21
2752,FH,FH,0.950091,116
2753,proline,proline,0.950020,83
2754,2H-chromen-2-one,2H-chromen-2-one,0.949990,5
2755,CY,CY,0.949976,38
2756,Hcy,Hcy,0.949974,47
2757,MMS,MMS,0.949928,39
2758,TRH,TRH,0.949795,188
2759,1-EBIO,1-EBIO,0.949690,9
2760,SI-27,SI-27,0.949663,10
2761,RA,RA,0.949657,536
2762,LPO,LPO,0.949635,86
2763,FDG,FDG,0.949576,17
2764,PCN,PCN,0.949467,33
2765,DEB,DEB,0.949334,27
2766,Ardipusilloside_I,Ardipusilloside I,0.949324,10
2767,TBG,TBG,0.949320,72
2768,melflufen,melflufen,0.949288,10
2769,AZD7762,AZD7762,0.949267,27
2770,CDCA,CDCA,0.949264,34
2771,DHAP,DHAP,0.949256,27
2772,NADPH,NADPH,0.949229,170
2773,CF3,CF3,0.949202,15
2774,diphenoxylate,diphenoxylate,0.949194,14
2775,TCA,TCA,0.949089,39
2776,busulfan,busulfan,0.949074,37
2777,1-desamino-8-D-arginine_vasopressin,1-desamino-8-D-arginine vasopressin,0.949065,21
2778,didemnin_B,didemnin B,0.949060,22
2779,PGE,PGE,0.949059,46
2780,ACN,ACN,0.949053,37
2781,5-hydroxymethyl-2-furfural,5-hydroxymethyl-2-furfural,0.948929,23
2782,PTC124,PTC124,0.948871,12
2783,VCZ,VCZ,0.948849,14
2784,NTP,NTP,0.948770,38
2785,amino_acid,amino acid,0.948753,1446
2786,sulfur,sulfur,0.948719,44
2787,CPX,CPX,0.948713,30
2788,morin,morin,0.948694,33
2789,CNP,CNP,0.948690,85
2790,shikonin,shikonin,0.948688,50
2791,ADMA,ADMA,0.948675,65
2792,FK565,FK565,0.948614,22
2793,PAMAM,PAMAM,0.948553,27
2794,TAU,TAU,0.948544,11
2795,Dyazide,Dyazide,0.948502,5
2796,puerarin,puerarin,0.948485,39
2797,FA,FA,0.948450,106
2798,BH3,BH3,0.948438,46
2799,NAD,NAD,0.948418,140
2800,EFA,EFA,0.948417,18
2801,PCB,PCB,0.948393,123
2802,MTX,MTX,0.948315,142
2803,capsaicin,capsaicin,0.948312,59
2804,TG101209,TG101209,0.948297,12
2805,PLGA,PLGA,0.948232,37
2806,5-iodo-2-deoxyuridine,5-iodo-2-deoxyuridine,0.948212,9
2807,thaliblastine,thaliblastine,0.948153,12
2808,ANCA,ANCA,0.948115,21
2809,triphenylethylene,triphenylethylene,0.948111,9
2810,D-glucosamine,D-glucosamine,0.947980,19
2811,myricetin,myricetin,0.947969,40
2812,isochaihulactone,isochaihulactone,0.947961,7
2813,PLL,PLL,0.947957,39
2814,GHB,GHB,0.947924,33
2815,N-acetylglucosamine,N-acetylglucosamine,0.947871,37
2816,pO2,pO2,0.947807,43
2817,DB-67,DB-67,0.947788,7
2818,6-azauridine,6-azauridine,0.947710,11
2819,TAM,TAM,0.947704,87
2820,MCC,MCC,0.947622,93
2821,gadobutrol,gadobutrol,0.947604,16
2822,PC,PC,0.947597,74
2823,BMS309403,BMS309403,0.947573,15
2824,PTH,PTH,0.947489,307
2825,ENMD-2076,ENMD-2076,0.947434,20
2826,PM00104,PM00104,0.947357,12
2827,dibromomannitol,dibromomannitol,0.947284,10
2828,MBT,MBT,0.947125,26
2829,M6G,M6G,0.947094,30
2830,triphenyltetrazolium_chloride,triphenyltetrazolium chloride,0.947084,18
2831,BSH,BSH,0.947067,22
2832,CPT,CPT,0.947055,115
2833,KHG26377,KHG26377,0.947024,5
2834,Pomolic_acid,Pomolic acid,0.946993,10
2835,SO2,SO2,0.946978,32
2836,iron_chelate,iron chelate,0.946909,5
2837,GCDH,GCDH,0.946880,46
2838,BGT226,BGT226,0.946852,12
2839,FP,FP,0.946824,14
2840,CBL0137,CBL0137,0.946571,8
2841,arctiin,arctiin,0.946512,22
2842,TNB,TNB,0.946402,21
2843,GABA,GABA,0.946307,111
2844,PAN,PAN,0.946304,40
2845,HCN,HCN,0.946280,74
2846,TCDD,TCDD,0.946259,75
2847,nickel_sulfide,nickel sulfide,0.946247,7
2848,IAA,IAA,0.946209,33
2849,AEE788,AEE788,0.946184,27
2850,antimony_potassium_tartrate,antimony potassium tartrate,0.946141,4
2851,lipofuscin,lipofuscin,0.946132,24
2852,CH-11,CH-11,0.946118,27
2853,caprine,caprine,0.946026,26
2854,rhein_lysinate,rhein lysinate,0.945846,3
2855,cilastatin,cilastatin,0.945796,20
2856,PEG-IFN_alpha-2b,PEG-IFN alpha-2b,0.945749,20
2857,LY2109761,LY2109761,0.945745,30
2858,LUT,LUT,0.945676,22
2859,MLN2238,MLN2238,0.945652,15
2860,GSSG,GSSG,0.945637,40
2861,adrenalin,adrenalin,0.945631,31
2862,AAC,AAC,0.945611,76
2863,Gly,Gly,0.945597,42
2864,TTP,TTP,0.945518,170
2865,ubiquinone,ubiquinone,0.945500,33
2866,PAH,PAH,0.945476,129
2867,BG,BG,0.945441,13
2868,PPD,PPD,0.945433,72
2869,RG,RG,0.945420,19
2870,punicic_acid,punicic acid,0.945349,8
2871,AMD,AMD,0.945335,192
2872,GH,GH,0.945265,344
2873,CTA,CTA,0.945218,19
2874,68Ga-DOTANOC,68Ga-DOTANOC,0.945214,4
2875,AG1296,AG1296,0.945097,25
2876,ALT,ALT,0.945082,125
2877,ONYX-015,ONYX-015,0.944975,19
2878,enediyne,enediyne,0.944973,6
2879,NBP,NBP,0.944803,61
2880,SCN,SCN,0.944685,93
2881,SMX,SMX,0.944679,18
2882,LEV,LEV,0.944602,29
2883,CTAB,CTAB,0.944530,23
2884,APC,APC,0.944496,225
2885,zeolite,zeolite,0.944473,33
2886,"5,10-methylenetetrahydrofolate","5,10-methylenetetrahydrofolate",0.944446,30
2887,Antihistamines,Antihistamines,0.944392,25
2888,Xestospongin_C,Xestospongin C,0.944381,17
2889,N-acetyl-L-aspartate,N-acetyl-L-aspartate,0.944294,8
2890,MLN8237,MLN8237,0.944253,28
2891,MDC-1112,MDC-1112,0.944229,4
2892,LCL161,LCL161,0.944192,32
2893,AAA,AAA,0.944177,166
2894,DEAE-D,DEAE-D,0.944074,11
2895,polyvinylpyrrolidone,polyvinylpyrrolidone,0.944061,24
2896,TH,TH,0.944051,113
2897,2-aminophenoxazine-3-one,2-aminophenoxazine-3-one,0.944041,8
2898,BMS-754807,BMS-754807,0.944018,22
2899,oroxyloside,oroxyloside,0.944002,5
2900,ACh,ACh,0.943904,64
2901,Sudan_III,Sudan III,0.943897,8
2902,ZD0473,ZD0473,0.943877,16
2903,TAS-115,TAS-115,0.943867,18
2904,cinchona_alkaloids,cinchona alkaloids,0.943814,5
2905,Hg,Hg,0.943802,30
2906,polysaccharopeptide,polysaccharopeptide,0.943765,5
2907,BAY_60-6583,BAY 60-6583,0.943750,19
2908,IA,IA,0.943745,9
2909,68Ga-DOTATATE,68Ga-DOTATATE,0.943694,16
2910,ketone,ketone,0.943577,5
2911,DDS,DDS,0.943540,54
2912,p-boronophenylalanine,p-boronophenylalanine,0.943526,8
2913,CPFA,CPFA,0.943516,12
2914,Tc-99m_hydroxymethylene_diphosphonate,Tc-99m hydroxymethylene diphosphonate,0.943488,15
2915,99mTc-phosphate,99mTc-phosphate,0.943442,4
2916,imide,imide,0.943433,8
2917,BMS-536924,BMS-536924,0.943433,15
2918,ACTH,ACTH,0.943368,224
2919,HA,HA,0.943264,66
2920,ascorbyl_palmitate,ascorbyl palmitate,0.943248,7
2921,PAX3-FKHR,PAX3-FKHR,0.943231,35
2922,DB289,DB289,0.943163,7
2923,"WIN_55,212-2","WIN 55,212-2",0.943017,31
2924,CPP,CPP,0.942922,32
2925,GlcNAc,GlcNAc,0.942916,42
2926,DOXO-EMCH,DOXO-EMCH,0.942914,10
2927,GM1,GM1,0.942880,100
2928,Val,Val,0.942818,39
2929,PDT,PDT,0.942657,33
2930,KW-2478,KW-2478,0.942562,9
2931,oleandomycin,oleandomycin,0.942559,8
2932,CpG-ODN,CpG-ODN,0.942464,37
2933,OA,OA,0.942410,261
2934,PSA,PSA,0.942388,191
2935,HCC,HCC,0.942388,1956
2936,decursin,decursin,0.942200,33
2937,ADP,ADP,0.941978,144
2938,chebulagic_acid,chebulagic acid,0.941865,6
2939,PFOB,PFOB,0.941822,19
2940,STX-0119,STX-0119,0.941386,14
2941,hydroxyitraconazole,hydroxyitraconazole,0.941349,5
2942,H2S,H2S,0.941156,116
2943,AEZS-108,AEZS-108,0.940374,24
2944,CO2,CO2,0.940357,292
2945,Dx,Dx,0.940164,5
2946,AITC,AITC,0.940158,32
2947,3-O-methylglucose,3-O-methylglucose,0.940154,30
2948,Gadofluorine,Gadofluorine,0.940140,5
2949,PF-8380,PF-8380,0.940057,5
2950,HBsAg,HBsAg,0.939911,53
2951,CoA,CoA,0.939899,54
2952,PEP,PEP,0.939884,101
2953,PTN,PTN,0.939861,111
2954,PPO,PPO,0.939718,83
2955,ACY-1215,ACY-1215,0.939714,21
2956,CTP,CTP,0.939645,39
2957,PPF,PPF,0.939558,33
2958,GM3,GM3,0.939370,81
2959,aloperine,aloperine,0.939315,17
2960,reumycin,reumycin,0.939281,3
2961,MPD,MPD,0.939144,69
2962,TAE226,TAE226,0.939110,30
2963,alfaxalone,alfaxalone,0.939013,18
2964,OXA,OXA,0.939011,36
2965,zeranol,zeranol,0.938950,25
2966,AN-238,AN-238,0.938949,24
2967,PEEK,PEEK,0.938888,16
2968,FITC,FITC,0.938657,35
2969,Am80,Am80,0.938505,37
2970,icaritin,icaritin,0.938427,34
2971,CEA,CEA,0.938401,213
2972,SU9516,SU9516,0.938270,10
2973,PHA-848125,PHA-848125,0.938195,8
2974,hydrocarbon,hydrocarbon,0.938194,32
2975,TZD18,TZD18,0.938168,24
2976,NU1025,NU1025,0.937913,10
2977,SRL,SRL,0.937790,61
2978,TRA-8,TRA-8,0.937744,11
2979,GTP,GTP,0.937743,154
2980,MCNU,MCNU,0.937709,14
2981,phosphorus-32,phosphorus-32,0.937278,6
2982,zinc_phthalocyanine_disulfonate,zinc phthalocyanine disulfonate,0.937260,4
2983,FL,FL,0.936984,107
2984,KU-60019,KU-60019,0.936927,10
2985,methoxyamine,methoxyamine,0.936875,9
2986,NVP-AEW541,NVP-AEW541,0.936807,31
2987,VO2,VO2,0.936802,30
2988,NCC,NCC,0.936737,59
2989,"3,5-DHPG","3,5-DHPG",0.936667,5
2990,salicylic_acid,salicylic acid,0.936663,33
2991,calprotectin,calprotectin,0.936476,37
2992,ABPA,ABPA,0.936428,42
2993,BENC-511,BENC-511,0.936357,9
2994,ALA,ALA,0.936165,51
2995,statin,statin,0.936153,40
2996,AT9283,AT9283,0.935797,21
2997,CI-980,CI-980,0.935676,12
2998,Tc-99m-diethyl-IDA,Tc-99m-diethyl-IDA,0.935672,7
2999,HPO,HPO,0.935582,10
3000,PKF115-584,PKF115-584,0.935272,14
3001,HAL,HAL,0.935250,77
3002,SMA,SMA,0.934789,175
3003,alpha-cyano-4-hydroxycinnamate,alpha-cyano-4-hydroxycinnamate,0.934595,8
3004,solasonine,solasonine,0.934368,5
3005,CYT997,CYT997,0.934363,10
3006,glyoxalate,glyoxalate,0.934219,5
3007,PCP,PCP,0.934089,140
3008,CH2,CH2,0.933965,32
3009,GMF,GMF,0.933883,72
3010,SAR405838,SAR405838,0.933648,12
3011,cefclidin,cefclidin,0.933554,5
3012,PAM,PAM,0.933329,94
3013,adaphostin,adaphostin,0.933329,20
3014,"phosphatidylinositol_4,5-bisphosphate","phosphatidylinositol 4,5-bisphosphate",0.933265,27
3015,Met,Met,0.933209,43
3016,TJ-960,TJ-960,0.933209,7
3017,E1210,E1210,0.933194,8
3018,NE-10790,NE-10790,0.933110,7
3019,PCHO,PCHO,0.933019,5
3020,zone,zone,0.932949,6
3021,lutropin,lutropin,0.932902,4
3022,chrysin,chrysin,0.932695,38
3023,AT7519,AT7519,0.932674,12
3024,SAH,SAH,0.932552,107
3025,PTC-209,PTC-209,0.932279,12
3026,albumin,albumin,0.932242,110
3027,Hematide,Hematide,0.932232,6
3028,TCC,TCC,0.931933,116
3029,ginsenoside_Rb1,ginsenoside Rb1,0.931822,7
3030,ACA,ACA,0.931603,13
3031,SAA,SAA,0.931573,104
3032,ADA,ADA,0.931361,141
3033,KRN5500,KRN5500,0.931290,17
3034,PGG,PGG,0.931261,36
3035,BCFA,BCFA,0.931184,11
3036,ASC,ASC,0.931167,98
3037,LY2157299,LY2157299,0.931162,19
3038,GANT61,GANT61,0.931162,32
3039,PWT-458,PWT-458,0.930934,5
3040,VER-155008,VER-155008,0.930912,25
3041,POH,POH,0.930764,8
3042,GMP,GMP,0.930734,112
3043,kallikrein,kallikrein,0.930645,130
3044,ACV,ACV,0.930461,25
3045,diazo,diazo,0.930311,6
3046,DDE,DDE,0.930192,34
3047,aplysin,aplysin,0.930178,5
3048,PEDOT,PEDOT,0.929970,18
3049,ABO,ABO,0.929858,74
3050,"L-744,832","L-744,832",0.929853,9
3051,LY500307,LY500307,0.929754,7
3052,ambruticin,ambruticin,0.929753,3
3053,12-O-tetradecanoylphorbol-13-acetate,12-O-tetradecanoylphorbol-13-acetate,0.929747,86
3054,GW5074,GW5074,0.929579,21
3055,trypanothione,trypanothione,0.929507,9
3056,PEF,PEF,0.929439,12
3057,ABH,ABH,0.929383,40
3058,ABC294640,ABC294640,0.929370,32
3059,QLT0267,QLT0267,0.929340,16
3060,FG-4095,FG-4095,0.928880,4
3061,selenazofurin,selenazofurin,0.928678,3
3062,CAA,CAA,0.928630,74
3063,HDC,HDC,0.928262,84
3064,TPP,TPP,0.928207,38
3065,Ologen,Ologen,0.928051,7
3066,BFP,BFP,0.927711,47
3067,S_5682,S 5682,0.927683,8
3068,"3,5-diethoxycarbonyl-1,4-dihydrocollidine","3,5-diethoxycarbonyl-1,4-dihydrocollidine",0.927162,17
3069,somatostatin,somatostatin,0.927073,217
3070,PTP,PTP,0.927023,105
3071,PFOS,PFOS,0.927009,35
3072,TF,TF,0.926686,168
3073,YM881,YM881,0.926670,8
3074,BSc2118,BSc2118,0.926520,7
3075,5-CT,5-CT,0.926332,7
3076,CsA,CsA,0.926332,186
3077,F14512,F14512,0.926170,11
3078,JNJ-26481585,JNJ-26481585,0.926119,18
3079,ethers,ethers,0.926099,6
3080,hexacosanoic_acid,hexacosanoic acid,0.926058,10
3081,PFD,PFD,0.925866,46
3082,TGA,TGA,0.925780,124
3083,PCA,PCA,0.925483,74
3084,UK1,UK1,0.925398,13
3085,HPPH,HPPH,0.925173,15
3086,eNO,eNO,0.925089,10
3087,LY186641,LY186641,0.924985,13
3088,APN,APN,0.924965,59
3089,S1P,S1P,0.924815,138
3090,PDQ,PDQ,0.924712,16
3091,PCNU,PCNU,0.924596,9
3092,NVP-AUY922,NVP-AUY922,0.924286,34
3093,APG,APG,0.924196,6
3094,MPG,MPG,0.924182,73
3095,8-Aminoadenosine,8-Aminoadenosine,0.924125,4
3096,harmol,harmol,0.924063,8
3097,S14161,S14161,0.924058,10
3098,PLD,PLD,0.923518,178
3099,marchantin_C,marchantin C,0.923337,4
3100,MPO,MPO,0.923218,248
3101,MIA,MIA,0.922491,62
3102,LIG,LIG,0.922453,35
3103,toloxatone,toloxatone,0.922441,9
3104,BaP,BaP,0.922353,118
3105,bendiocarb,bendiocarb,0.922283,4
3106,vasopressin,vasopressin,0.921961,235
3107,DMAMCL,DMAMCL,0.921786,9
3108,NO3,NO3,0.921209,104
3109,carbazoles,carbazoles,0.921042,9
3110,Chrysamine-G,Chrysamine-G,0.920882,3
3111,MCP,MCP,0.920873,87
3112,NAG,NAG,0.920755,113
3113,RO4929097,RO4929097,0.920633,23
3114,heptafluorobutyric_acid,heptafluorobutyric acid,0.920502,4
3115,Titanocene_Y,Titanocene Y,0.918689,5
3116,APE,APE,0.918244,8
3117,N-methyl-glucamine,N-methyl-glucamine,0.917875,9
3118,melanin,melanin,0.917832,23
3119,RMP-7,RMP-7,0.917788,20
3120,BMS-214662,BMS-214662,0.917578,10
3121,YIT9018,YIT9018,0.916946,7
3122,PLG,PLG,0.916789,64
3123,azlocillin_sodium,azlocillin sodium,0.916394,0
3124,LY2228820,LY2228820,0.915946,8
3125,Aroclor_1016,Aroclor 1016,0.915924,5
3126,NG,NG,0.915910,21
3127,calcineurin,calcineurin,0.915862,76
3128,STF-083010,STF-083010,0.915388,12
3129,lysomustine,lysomustine,0.914500,2
3130,MST-312,MST-312,0.914319,11
3131,PPH,PPH,0.913888,12
3132,DBP,DBP,0.913774,133
3133,Osthole,Osthole,0.913742,31
3134,norfenefrine,norfenefrine,0.913722,7
3135,CaMKII,CaMKII,0.913646,152
3136,LEE011,LEE011,0.913646,8
3137,ANG1005,ANG1005,0.913643,6
3138,O2,O2,0.913420,72
3139,orexin,orexin,0.913374,87
3140,MOPC_104E,MOPC 104E,0.913213,5
3141,CGP57380,CGP57380,0.913191,13
3142,DCC,DCC,0.912970,104
3143,chlorofluorocarbons,chlorofluorocarbons,0.912513,5
3144,TGX-221,TGX-221,0.912474,15
3145,FK973,FK973,0.912317,11
3146,ADC,ADC,0.912275,70
3147,endostatin,endostatin,0.911029,120
3148,cercosporin,cercosporin,0.911016,5
3149,90Y-DOTA-lanreotide,90Y-DOTA-lanreotide,0.910656,6
3150,PKA,PKA,0.910632,127
3151,Pd-bacteriopheophorbide,Pd-bacteriopheophorbide,0.910389,5
3152,UAB30,UAB30,0.910304,15
3153,TNF,TNF,0.910048,126
3154,TES,TES,0.910047,58
3155,RSR13,RSR13,0.910022,16
3156,BMP,BMP,0.909995,153
3157,PTMA,PTMA,0.909066,48
3158,XL765,XL765,0.909029,7
3159,PACAP38,PACAP38,0.908746,40
3160,Prolastin,Prolastin,0.907913,20
3161,MICA,MICA,0.907883,92
3162,TS,TS,0.907690,214
3163,cobalt_sulfate,cobalt sulfate,0.907616,6
3164,CSP,CSP,0.906992,78
3165,CCT,CCT,0.906700,98
3166,galanin,galanin,0.906490,111
3167,UTP,UTP,0.906288,39
3168,ETA,ETA,0.906007,120
3169,VIP,VIP,0.905996,200
3170,K11777,K11777,0.905969,9
3171,APP,APP,0.905673,302
3172,hydrogen_sulfide,hydrogen sulfide,0.905663,11
3173,MCI-826,MCI-826,0.905657,5
3174,triamcinolone_diacetate,triamcinolone diacetate,0.905427,5
3175,Rg1,Rg1,0.905406,97
3176,CYC,CYC,0.905363,38
3177,imino,imino,0.905142,7
3178,PLA2,PLA2,0.905044,179
3179,MAO,MAO,0.904761,127
3180,CDH,CDH,0.904454,88
3181,cAMP,cAMP,0.904188,354
3182,OPG,OPG,0.904041,148
3183,MDL101731,MDL101731,0.903781,5
3184,ACE,ACE,0.903686,223
3185,CTB,CTB,0.903349,78
3186,AF38469,AF38469,0.903331,4
3187,Palomid_529,Palomid 529,0.902523,11
3188,heparin,heparin,0.902240,52
3189,IgA,IgA,0.901247,69
3190,picroliv,picroliv,0.901044,7
3191,SCFA,SCFA,0.900424,33
3192,foretinib,foretinib,0.900072,31
3193,PSP,PSP,0.899488,122
3194,METVAN,METVAN,0.899154,6
3195,CDP,CDP,0.898844,96
3196,B12,B12,0.898752,84
3197,TRAP,TRAP,0.898726,105
3198,TSC,TSC,0.897772,54
3199,RO5126766,RO5126766,0.897700,6
3200,PSC,PSC,0.897580,78
3201,arecaidine,arecaidine,0.897488,7
3202,ornidazole,ornidazole,0.897476,17
3203,SAG,SAG,0.897467,69
3204,IgG,IgG,0.897089,59
3205,erlotinib,erlotinib,0.897079,67
3206,Sec,Sec,0.896670,52
3207,ADI-PEG20,ADI-PEG20,0.896609,21
3208,STA2,STA2,0.895865,21
3209,alphastatin,alphastatin,0.895165,6
3210,bean,bean,0.894952,42
3211,Ro11-3128,Ro11-3128,0.894822,5
3212,brivudine,brivudine,0.894595,8
3213,BCAA,BCAA,0.893731,70
3214,PP2,PP2,0.893125,103
3215,GRN163,GRN163,0.892040,8
3216,MPTP,MPTP,0.891416,111
3217,neurotoxin,neurotoxin,0.890571,34
3218,SB743921,SB743921,0.890480,10
3219,CUDC-305,CUDC-305,0.888860,8
3220,IPT,IPT,0.888809,36
3221,ascorbyl_esters,ascorbyl esters,0.888798,3
3222,PDI,PDI,0.887527,107
3223,MRA,MRA,0.887374,14
3224,PBF,PBF,0.887213,73
3225,cephalotaxine,cephalotaxine,0.886956,3
3226,RFP,RFP,0.886884,72
3227,norethisterone,norethisterone,0.886249,3
3228,Ca,Ca,0.885604,51
3229,decoquinate,decoquinate,0.885210,4
3230,ARRY-520,ARRY-520,0.884745,9
3231,BLZ945,BLZ945,0.884468,7
3232,TCR,TCR,0.883449,147
3233,PHA-767491,PHA-767491,0.882771,9
3234,AMPH-B,AMPH-B,0.882293,7
3235,GW2974,GW2974,0.881768,11
3236,PBS-1086,PBS-1086,0.880539,4
3237,hepatitis_B_vaccine,hepatitis B vaccine,0.879599,5
3238,dihydro-5-azacytidine,dihydro-5-azacytidine,0.879437,6
3239,LY364947,LY364947,0.879110,11
3240,lepadiformine,lepadiformine,0.878319,2
3241,IDO,IDO,0.877180,121
3242,bioflorin,bioflorin,0.876529,4
3243,tesmilifene,tesmilifene,0.876343,7
3244,BO-1051,BO-1051,0.874941,5
3245,RAP,RAP,0.874260,96
3246,RX871024,RX871024,0.873669,4
3247,PCFT,PCFT,0.872797,66
3248,adrenomedullin,adrenomedullin,0.872793,138
3249,CEP-18770,CEP-18770,0.872597,6
3250,GX15-070,GX15-070,0.871908,27
3251,BZ,BZ,0.871180,1
3252,Rh2,Rh2,0.870937,91
3253,coma,coma,0.870492,69
3254,TDZD-8,TDZD-8,0.870469,11
3255,TEL,TEL,0.868474,69
3256,RG108,RG108,0.867373,18
3257,GnRH,GnRH,0.866688,252
3258,Inositol_trispyrophosphate,Inositol trispyrophosphate,0.865740,5
3259,tetramesyl-mannite,tetramesyl-mannite,0.865509,2
3260,polyribosylribitol_phosphate,polyribosylribitol phosphate,0.865384,5
3261,PGDH,PGDH,0.862955,70
3262,MSI,MSI,0.862339,120
3263,Ceftazidime-Avibactam,Ceftazidime-Avibactam,0.860863,3
3264,cGMP,cGMP,0.860293,84
3265,calcium_fluoride,calcium fluoride,0.859963,4
3266,Didox,Didox,0.858825,12
3267,D-carnitine,D-carnitine,0.858816,5
3268,melittin,melittin,0.858479,96
3269,methyldiazepinone,methyldiazepinone,0.857788,3
3270,tricarballylate,tricarballylate,0.857502,3
3271,HGFA,HGFA,0.856486,61
3272,CFH,CFH,0.855116,108
3273,D-met,D-met,0.854857,5
3274,MG132,MG132,0.852568,124
3275,Lin,Lin,0.852322,26
3276,PSCA,PSCA,0.851545,67
3277,BSP,BSP,0.849601,82
3278,placental_lactogen,placental lactogen,0.849278,76
3279,TG02,TG02,0.848864,9
3280,NVP-HSP990,NVP-HSP990,0.848653,5
3281,antimony_dimercaptosuccinate,antimony dimercaptosuccinate,0.847993,5
3282,aluminum_hydroxide,aluminum hydroxide,0.847596,4
3283,TBP,TBP,0.847384,130
3284,gp130,gp130,0.845662,124
3285,AMG_232,AMG 232,0.845184,8
3286,SSAO,SSAO,0.843613,81
3287,TPO,TPO,0.843232,133
3288,FAP,FAP,0.841438,133
3289,erythropoietin,erythropoietin,0.840854,194
3290,aminoquinolines,aminoquinolines,0.840298,5
3291,FAD,FAD,0.840165,35
3292,neovibsanin_B,neovibsanin B,0.839431,4
3293,MDR,MDR,0.839171,10
3294,AICAR,AICAR,0.839071,104
3295,LGK974,LGK974,0.839063,10
3296,EZN-2968,EZN-2968,0.838947,8
3297,AFA,AFA,0.838781,13
3298,NVP-BEP800,NVP-BEP800,0.838654,8
3299,POR,POR,0.838486,84
3300,P276-00,P276-00,0.836930,7
3301,adiponectin,adiponectin,0.835168,236
3302,Ca2,Ca2,0.835164,201
3303,Flutropium_bromide,Flutropium bromide,0.834411,1
3304,HECNU,HECNU,0.832467,5
3305,Staphylolysin,Staphylolysin,0.832311,3
3306,"2,4,6-trichlorophenol","2,4,6-trichlorophenol",0.831480,5
3307,PTB,PTB,0.830206,94
3308,bile_acid,bile acid,0.829996,122
3309,WR_33063,WR 33063,0.829260,4
3310,CHM,CHM,0.828778,79
3311,GGC,GGC,0.827454,55
3312,m-tyrosine,m-tyrosine,0.826444,5
3313,bradykinin,bradykinin,0.824531,215
3314,dimidin,dimidin,0.824004,0
3315,BKT140,BKT140,0.823942,14
3316,insulin,insulin,0.823398,534
3317,D-24851,D-24851,0.823157,5
3318,CRH,CRH,0.823035,167
3319,OTC,OTC,0.820688,82
3320,FMISO,FMISO,0.817734,17
3321,GSK343,GSK343,0.817653,8
3322,CTD,CTD,0.815152,64
3323,pyrroxan,pyrroxan,0.814823,5
3324,MRI,MRI,0.812007,91
3325,ovalbumin,ovalbumin,0.811463,95
3326,"L-2,4_diaminobutyric_acid","L-2,4 diaminobutyric acid",0.810136,5
3327,GPT,GPT,0.808342,70
3328,PLP,PLP,0.805927,83
3329,benzalkonium_chloride,benzalkonium chloride,0.805603,1
3330,JNJ-26854165,JNJ-26854165,0.805388,12
3331,carbodiimides,carbodiimides,0.805364,6
3332,epoxiconazole,epoxiconazole,0.804686,4
3333,brucellin,brucellin,0.804052,3
3334,SF6,SF6,0.803565,7
3335,prolactin,prolactin,0.802644,295
3336,longikaurin_A,longikaurin A,0.800365,6
3337,CFI,CFI,0.797872,61
3338,DHEAS,DHEAS,0.797166,120
3339,NBS,NBS,0.796283,40
3340,petroleum,petroleum,0.795506,4
3341,silver_carbonate,silver carbonate,0.794036,2
3342,FLAG,FLAG,0.793404,7
3343,KM-233,KM-233,0.793392,4
3344,GSK1838705A,GSK1838705A,0.790981,8
3345,INCB16562,INCB16562,0.790809,7
3346,ATX,ATX,0.790341,85
3347,N-tritylmorpholine,N-tritylmorpholine,0.790175,4
3348,TNM,TNM,0.789177,57
3349,GSK2334470,GSK2334470,0.787614,7
3350,CHOP,CHOP,0.787510,169
3351,diclofenamide,diclofenamide,0.786779,3
3352,DNT,DNT,0.785957,52
3353,Lycobetaine,Lycobetaine,0.785886,3
3354,NMO,NMO,0.784960,29
3355,methoxy,methoxy,0.784825,7
3356,SAP,SAP,0.783327,122
3357,scytonemin,scytonemin,0.782344,5
3358,substance_P,substance P,0.781560,169
3359,RPE,RPE,0.781537,261
3360,dehydrotestosterone,dehydrotestosterone,0.779646,3
3361,osteopontin,osteopontin,0.773650,97
3362,IgH,IgH,0.773482,62
3363,PPHP,PPHP,0.772074,12
3364,Cbl,Cbl,0.770624,139
3365,quinidine_bisulfate,quinidine bisulfate,0.770276,4
3366,DRA,DRA,0.768443,72
3367,7-epiclusianone,7-epiclusianone,0.768257,4
3368,sporotrichin,sporotrichin,0.767332,3
3369,dimetinur,dimetinur,0.765742,2
3370,EPO,EPO,0.762995,138
3371,166Ho-DOTMP,166Ho-DOTMP,0.762222,0
3372,flavonol,flavonol,0.761655,1
3373,myostatin,myostatin,0.755938,122
3374,thioxanthone,thioxanthone,0.754247,0
3375,TM1,TM1,0.753791,35
3376,GCAP,GCAP,0.752552,51
3377,AMI,AMI,0.749938,11
3378,ASM,ASM,0.749868,172
3379,tritium,tritium,0.746391,3
3380,TNFR_p55,TNFR p55,0.744975,18
3381,ON123300,ON123300,0.742815,4
3382,glutaconyl-CoA,glutaconyl-CoA,0.740702,5
3383,eupomatenoid-5,eupomatenoid-5,0.737921,0
3384,WP1193,WP1193,0.737395,4
3385,alpha_2-macroglobulin,alpha 2-macroglobulin,0.736914,102
3386,disophenol,disophenol,0.733013,2
3387,WR-151327,WR-151327,0.732991,3
3388,MK571,MK571,0.731009,7
3389,meglumine_antimonate,meglumine antimonate,0.729954,1
3390,GC_B,GC B,0.727412,74
3391,MAG,MAG,0.720991,78
3392,ACMP,ACMP,0.720571,3
3393,16-acetylgitoxin,16-acetylgitoxin,0.720379,2
3394,Th2,Th2,0.719289,105
3395,RHD,RHD,0.719104,69
3396,BN_52063,BN 52063,0.718616,5
3397,APCs,APCs,0.712858,107
3398,AAT,AAT,0.711721,152
3399,spiromustine,spiromustine,0.710166,3
3400,angiotensin_II,angiotensin II,0.705294,424
3401,CCNU,CCNU,0.704141,65
3402,NMS-E973,NMS-E973,0.702919,3
3403,ferrociphenol,ferrociphenol,0.701436,2
3404,9-deazainosine,9-deazainosine,0.699234,3
3405,CFSE,CFSE,0.697018,8
3406,GLA,GLA,0.694059,79
3407,picene,picene,0.691603,2
3408,neurotensin,neurotensin,0.690324,152
3409,adenosine_deaminase,adenosine deaminase,0.687122,88
3410,MR,MR,0.684513,84
3411,BeSO4,BeSO4,0.683133,5
3412,quinidine_phenylethylbarbiturate,quinidine phenylethylbarbiturate,0.683129,3
3413,beta-thromboglobulin,beta-thromboglobulin,0.682169,81
3414,LTP,LTP,0.679450,20
3415,MCO,MCO,0.675643,6
3416,paramethasone,paramethasone,0.674514,3
3417,NS-123,NS-123,0.673472,3
3418,CRP,CRP,0.670179,341
3419,GO-203,GO-203,0.669736,4
3420,IFN-gamma,IFN-gamma,0.668158,681
3421,transferrin,transferrin,0.657153,218
3422,thioredoxin,thioredoxin,0.656430,174
3423,EPZ015666,EPZ015666,0.656008,5
3424,beta_2-adrenoceptor,beta 2-adrenoceptor,0.653349,66
3425,duocarmycin_SA,duocarmycin SA,0.652808,2
3426,IH,IH,0.652020,42
3427,2-hydroxybutyrate,2-hydroxybutyrate,0.651419,3
3428,enkephalin,enkephalin,0.649982,125
3429,NASH,NASH,0.649089,114
3430,PDH,PDH,0.648273,78
3431,AID,AID,0.647688,114
3432,MRK003,MRK003,0.647423,11
3433,C2H2,C2H2,0.644600,26
3434,BAL30072,BAL30072,0.643754,3
3435,ribonucleoside_diphosphate,ribonucleoside diphosphate,0.640141,3
3436,NPD,NPD,0.637082,3
3437,beta3-adrenoceptor,beta3-adrenoceptor,0.636859,54
3438,6-methyladenine,6-methyladenine,0.635684,3
3439,RCP,RCP,0.633814,57
3440,CIL-102,CIL-102,0.630188,4
3441,chotosan,chotosan,0.629926,3
3442,Th1,Th1,0.626792,162
3443,Pomiferin,Pomiferin,0.626399,5
3444,EDA,EDA,0.625247,105
3445,IDR-1018,IDR-1018,0.622593,2
3446,FMF,FMF,0.618160,132
3447,NVP-BSK805,NVP-BSK805,0.617800,6
3448,quinpirole,quinpirole,0.617557,3
3449,GAD,GAD,0.616038,90
3450,genipin,genipin,0.614391,39
3451,MMAB,MMAB,0.611868,37
3452,TMX,TMX,0.611518,38
3453,SPP,SPP,0.609399,44
3454,tetrahexylammonium,tetrahexylammonium,0.608970,0
3455,RANK-Fc,RANK-Fc,0.604723,5
3456,tentoxin,tentoxin,0.603101,5
3457,tolazoline,tolazoline,0.602597,1
3458,amylin,amylin,0.602318,109
3459,Allopurinol_riboside,Allopurinol riboside,0.601975,2
3460,chromomycin,chromomycin,0.599506,5
3461,SCH_28191,SCH 28191,0.598347,2
3462,SAR,SAR,0.593507,65
3463,prostasin,prostasin,0.589237,70
3464,IDE,IDE,0.588986,76
3465,tiagabine,tiagabine,0.585828,2
3466,PrP,PrP,0.582505,127
3467,podoplanin,podoplanin,0.579906,88
3468,KHS101,KHS101,0.579607,9
3469,Co-trimazine,Co-trimazine,0.574603,5
3470,sigetin,sigetin,0.570363,3
3471,MK,MK,0.570163,104
3472,tissue_plasminogen_activator,tissue plasminogen activator,0.568693,77
3473,TnT,TnT,0.563066,67
3474,eckol,eckol,0.561772,12
3475,naphthalene_diimide,naphthalene diimide,0.559001,3
3476,INS37217,INS37217,0.558124,6
3477,PACAP,PACAP,0.556040,117
3478,AChE,AChE,0.550974,316
3479,Prolyl,Prolyl,0.550738,5
3480,triheptanoin,triheptanoin,0.550179,2
3481,yatein,yatein,0.549259,2
3482,LAT,LAT,0.549044,88
3483,MLC,MLC,0.548914,128
3484,sex,sex,0.545595,54
3485,NNC_55-0396,NNC 55-0396,0.544730,5
3486,tert-amyl_alcohol,tert-amyl alcohol,0.543850,1
3487,ibotenic_acid,ibotenic acid,0.543797,1
3488,CAD,CAD,0.542984,109
3489,IMD,IMD,0.541135,65
3490,ST1926,ST1926,0.535788,25
3491,BET,BET,0.535704,89
3492,haptoglobin,haptoglobin,0.531976,93
3493,dolastatin_15,dolastatin 15,0.531916,4
3494,APG101,APG101,0.524910,4
3495,estragole,estragole,0.524554,1
3496,JNJ-10198409,JNJ-10198409,0.522290,2
3497,L-733560,L-733560,0.522231,3
3498,hycanthone_sulfamate,hycanthone sulfamate,0.521592,0
3499,HR,HR,0.519536,137
3500,DCX,DCX,0.519454,91
3501,MDM,MDM,0.519035,103
3502,Phenithionate,Phenithionate,0.517406,0
3503,LPL,LPL,0.514822,147
3504,osteocalcin,osteocalcin,0.513325,153
3505,MPL,MPL,0.512313,72
3506,C-peptide,C-peptide,0.507744,52
3507,SB-656933,SB-656933,0.507387,4
3508,AST,AST,0.506316,105
3509,HDAC,HDAC,0.504767,113
3510,pancreatic_polypeptide,pancreatic polypeptide,0.502858,83
3511,LAP,LAP,0.498997,93
3512,PDE4_inhibitors,PDE4 inhibitors,0.498596,5
3513,vitronectin,vitronectin,0.496423,105
3514,Denbinobin,Denbinobin,0.495060,14
3515,polidocanol,polidocanol,0.491431,1
3516,KIN-193,KIN-193,0.490985,4
3517,ibopamine,ibopamine,0.487228,2
3518,EED,EED,0.485663,56
3519,XPC,XPC,0.484140,108
3520,MOG,MOG,0.481987,68
3521,SCC,SCC,0.480356,86
3522,globularifolin,globularifolin,0.479713,2
3523,GPC,GPC,0.476681,7
3524,Plg,Plg,0.476315,68
3525,MGP,MGP,0.474485,81
3526,RDS,RDS,0.469882,91
3527,BIBF_1000,BIBF 1000,0.469131,2
3528,spirobromine,spirobromine,0.468557,2
3529,kallistatin,kallistatin,0.453281,4
3530,meglumine_gadoterate,meglumine gadoterate,0.450123,1
3531,cevimeline,cevimeline,0.441292,1
3532,Shanchol,Shanchol,0.441015,5
3533,JTP-70902,JTP-70902,0.436308,5
3534,mytatrienediol,mytatrienediol,0.433080,1
3535,allopregnanolone,allopregnanolone,0.431786,3
3536,Mos,Mos,0.429203,63
3537,brinzolamide,brinzolamide,0.421473,2
3538,bombesin,bombesin,0.417931,154
3539,11C-PK11195,11C-PK11195,0.416878,4
3540,co-amilozide,co-amilozide,0.416407,1
3541,HGD,HGD,0.413731,36
3542,MK-0991,MK-0991,0.412058,8
3543,benzamidoacetonitrile,benzamidoacetonitrile,0.408888,1
3544,monolysocardiolipin,monolysocardiolipin,0.406345,2
3545,GSK2256098,GSK2256098,0.405479,5
3546,renin,renin,0.402877,235
3547,alpha-sarcoglycan,alpha-sarcoglycan,0.401315,53
3548,FLT-monophosphate,FLT-monophosphate,0.401159,3
3549,J-508,J-508,0.399258,3
3550,VX-944,VX-944,0.398569,2
3551,SAHH,SAHH,0.398053,72
3552,crocin,crocin,0.396638,4
3553,PF-1355,PF-1355,0.395927,6
3554,GHRH,GHRH,0.394710,117
3555,CIN,CIN,0.390312,120
3556,Z-50,Z-50,0.386880,1
3557,ETFA,ETFA,0.386547,5
3558,nucleoside_phosphates,nucleoside phosphates,0.386500,2
3559,3-alpha-methyl-digitoxigenin_glucoside,3-alpha-methyl-digitoxigenin glucoside,0.383605,1
3560,E-4IB,E-4IB,0.383208,3
3561,lutecium,lutecium,0.373028,0
3562,E7010,E7010,0.372663,3
3563,tetraethyl_orthosilicate,tetraethyl orthosilicate,0.370725,1
3564,amocarzine,amocarzine,0.367350,2
3565,BML-275,BML-275,0.364881,5
3566,POSS,POSS,0.359405,4
3567,methemoglobin,methemoglobin,0.358238,91
3568,iNOS,iNOS,0.348859,446
3569,lactoferrin,lactoferrin,0.348331,106
3570,PSMA,PSMA,0.342799,89
3571,G17,G17,0.337595,3
3572,cyclohexane,cyclohexane,0.337539,1
3573,canavanine,canavanine,0.334325,3
3574,TGR,TGR,0.332316,80
3575,EMT,EMT,0.328970,214
3576,ECM,ECM,0.324250,73
3577,ardipusilloside_III,ardipusilloside III,0.323522,1
3578,CAR,CAR,0.321045,135
3579,F30066,F30066,0.320792,2
3580,3-deazaneplanocin_A,3-deazaneplanocin A,0.318725,4
3581,ECP,ECP,0.313375,81
3582,CTMP,CTMP,0.312839,53
3583,LBT613,LBT613,0.310136,2
3584,3-deazaadenosine,3-deazaadenosine,0.309974,3
3585,resolvin_D1,resolvin D1,0.306891,3
3586,IFN-alpha,IFN-alpha,0.305952,215
3587,serglycin,serglycin,0.299658,45
3588,pHi,pHi,0.288978,106
3589,glycophorin_A,glycophorin A,0.288650,78
3590,estradiol_cypionate,estradiol cypionate,0.288080,2
3591,FG-4497,FG-4497,0.287419,2
3592,TIR-203,TIR-203,0.285780,6
3593,quinones,quinones,0.285307,2
3594,anfibatide,anfibatide,0.285123,1
3595,BAY_n7133,BAY n7133,0.282034,3
3596,TNF-alpha,TNF-alpha,0.273699,1165
3597,GAS-KO,GAS-KO,0.266135,3
3598,XPG,XPG,0.259964,78
3599,SM-4470,SM-4470,0.257460,1
3600,PEG-PLA,PEG-PLA,0.257104,5
3601,TOX,TOX,0.252901,54
3602,FSA,FSA,0.251768,2
3603,11-hydroxysteroids,11-hydroxysteroids,0.251567,2
3604,roxarsone,roxarsone,0.251043,1
3605,Gd-EOB-DTPA,Gd-EOB-DTPA,0.246202,3
3606,hCG,hCG,0.244037,120
3607,3G3,3G3,0.241723,2
3608,GCC,GCC,0.241456,64
3609,thrombin,thrombin,0.240865,333
3610,GBP,GBP,0.238152,62
3611,B7-H3_and_B7-H1,B7-H3 and B7-H1,0.236771,4
3612,H3,H3,0.233872,40
3613,beta_2-microglobulin,beta 2-microglobulin,0.226564,126
3614,cetirizine,cetirizine,0.223426,3
3615,methionine_sulfoxide,methionine sulfoxide,0.219242,2
3616,DCB,DCB,0.219058,1
3617,ceruloplasmin,ceruloplasmin,0.217614,114
3618,PUFA,PUFA,0.217128,79
3619,OGC,OGC,0.216986,21
3620,selenomethionine,selenomethionine,0.216795,1
3621,TNF-beta,TNF-beta,0.209396,88
3622,mononucleotide,mononucleotide,0.208555,3
3623,isoamyl_acetate,isoamyl acetate,0.208024,3
3624,TUB,TUB,0.206779,29
3625,MAX,MAX,0.203931,22
3626,MITOX,MITOX,0.203217,4
3627,RET,RET,0.201825,147
3628,hexanal,hexanal,0.199468,1
3629,scopolamine,scopolamine,0.199401,3
3630,ERW1227B,ERW1227B,0.197393,2
3631,PTEN,PTEN,0.195088,385
3632,GalNAc,GalNAc,0.194291,7
3633,OPN,OPN,0.193164,209
3634,uPA,uPA,0.192220,186
3635,"2-Methyl-thiazolidine-2,4-dicarboxylic_acid","2-Methyl-thiazolidine-2,4-dicarboxylic acid",0.191564,2
3636,cystatin_C,cystatin C,0.189715,119
3637,IL-5,IL-5,0.187919,129
3638,Anthiomaline,Anthiomaline,0.183276,1
3639,fibrinogen,fibrinogen,0.181954,170
3640,gastrin,gastrin,0.181075,195
3641,sulfonate,sulfonate,0.180570,2
3642,calcineurin_inhibitor,calcineurin inhibitor,0.180277,70
3643,adropin,adropin,0.176458,61
3644,GRN,GRN,0.174050,94
3645,pristanal,pristanal,0.173955,1
3646,perlecan,perlecan,0.172304,53
3647,NSC_338258,NSC 338258,0.167522,1
3648,PKM,PKM,0.163655,60
3649,SOD,SOD,0.163369,168
3650,BLU,BLU,0.158128,52
3651,esculetin,esculetin,0.156852,2
3652,ABC,ABC,0.156096,80
3653,thiolutin,thiolutin,0.155976,2
3654,Visaline,Visaline,0.151258,1
3655,UII,UII,0.150332,77
3656,NTE,NTE,0.149669,72
3657,PIF,PIF,0.149638,72
3658,SSB,SSB,0.146928,66
3659,NEO212,NEO212,0.145838,5
3660,coproporphyrinogen_oxidase,coproporphyrinogen oxidase,0.145514,53
3661,IgAN,IgAN,0.143896,91
3662,FR-900098,FR-900098,0.143170,2
3663,helianthin,helianthin,0.143044,2
3664,LVS,LVS,0.141448,8
3665,TNAP,TNAP,0.140423,77
3666,Gd-TPPS,Gd-TPPS,0.139454,1
3667,P10,P10,0.138499,73
3668,betamethasone_dipropionate,betamethasone dipropionate,0.135894,1
3669,TOM,TOM,0.133670,53
3670,AR,AR,0.132883,444
3671,sodium_bromide,sodium bromide,0.131861,1
3672,soluble_liver_antigen,soluble liver antigen,0.129801,25
3673,beta_2m,beta 2m,0.128285,66
3674,benzotrifluoride,benzotrifluoride,0.126599,0
3675,hepcidin,hepcidin,0.124402,121
3676,MBL,MBL,0.122445,113
3677,bruceine_A,bruceine A,0.122387,1
3678,BiP,BiP,0.121737,77
3679,LaF3,LaF3,0.121382,5
3680,eNOS,eNOS,0.121085,156
3681,gamma-glutamyl_transpeptidase,gamma-glutamyl transpeptidase,0.117290,103
3682,BX471,BX471,0.114629,2
3683,MxA,MxA,0.111783,83
3684,MPB-91,MPB-91,0.110265,2
3685,FAAH,FAAH,0.109829,99
3686,TSG,TSG,0.104636,80
3687,ruthenium-106,ruthenium-106,0.104074,1
3688,vinylidene,vinylidene,0.102976,1
3689,ALDH,ALDH,0.096500,96
3690,STX,STX,0.094049,4
3691,Lobarstin,Lobarstin,0.093546,2
3692,aluminium_hydroxide,aluminium hydroxide,0.092897,1
3693,NXY-059,NXY-059,0.090616,1
3694,furin,furin,0.089402,93
3695,MADD,MADD,0.089389,95
3696,FOG,FOG,0.087838,65
3697,phthalate_esters,phthalate esters,0.087709,2
3698,SCYX-7158,SCYX-7158,0.087000,1
3699,S-antigen,S-antigen,0.086079,54
3700,tissue_kallikrein,tissue kallikrein,0.083847,41
3701,PDLLA,PDLLA,0.083328,1
3702,Nagilactone_C,Nagilactone C,0.080118,1
3703,BOR,BOR,0.079250,6
3704,SEW2871,SEW2871,0.078170,3
3705,FACS,FACS,0.077359,54
3706,CPI203,CPI203,0.075935,1
3707,LSD,LSD,0.074547,3
3708,PHTS,PHTS,0.074353,20
3709,LADA,LADA,0.073209,45
3710,cytoglobin,cytoglobin,0.069844,65
3711,Ruthenium_Red,Ruthenium Red,0.068827,1
3712,drebrin,drebrin,0.066565,54
3713,octasaccharides,octasaccharides,0.066447,1
3714,Tax,Tax,0.064964,116
3715,BDNF,BDNF,0.064816,395
3716,exotoxin_inhibitors,exotoxin inhibitors,0.064441,1
3717,lysozyme,lysozyme,0.064128,111
3718,S-sulpiride,S-sulpiride,0.063715,1
3719,PCB_153,PCB 153,0.063432,2
3720,NF115,NF115,0.062906,2
3721,ATM,ATM,0.062167,175
3722,thrombomodulin,thrombomodulin,0.062129,105
3723,nNOS,nNOS,0.060168,156
3724,TNF-a,TNF-a,0.059663,732
3725,adipsin,adipsin,0.059049,7
3726,titin,titin,0.058932,75
3727,DB829,DB829,0.058652,2
3728,BG9015,BG9015,0.058476,1
3729,cystatin_B,cystatin B,0.057979,68
3730,MEK,MEK,0.057364,153
3731,tTG,tTG,0.057051,105
3732,DCTD,DCTD,0.056436,41
3733,IFN-beta,IFN-beta,0.055093,209
3734,NSC_239851,NSC 239851,0.052283,1
3735,merulin_A,merulin A,0.051772,0
3736,BLM,BLM,0.051454,59
3737,Deacetylravidomycin_N-oxide,Deacetylravidomycin N-oxide,0.050802,0
3738,imidazotetrazine_prodrug,imidazotetrazine prodrug,0.050572,0
3739,GM-CSF,GM-CSF,0.049140,303
3740,LAR,LAR,0.049057,72
3741,PCNA,PCNA,0.049050,282
3742,1-octyne,1-octyne,0.048555,1
3743,iododiflunisal,iododiflunisal,0.047358,1
3744,SAa,SAa,0.046685,2
3745,ghrelin,ghrelin,0.045811,102
3746,BODIPY,BODIPY,0.045197,2
3747,HGF,HGF,0.044190,260
3748,FLG,FLG,0.044096,67
3749,Hochuekkito,Hochuekkito,0.043256,1
3750,IFN-gammaR,IFN-gammaR,0.043187,56
3751,"1-nitroso-5,6-dihydrouracil","1-nitroso-5,6-dihydrouracil",0.043077,1
3752,EDN,EDN,0.042192,60
3753,PLN,PLN,0.041967,67
3754,leptin,leptin,0.041268,225
3755,alpha_1-antichymotrypsin,alpha 1-antichymotrypsin,0.041018,82
3756,CGRP,CGRP,0.040838,222
3757,ACBP,ACBP,0.040517,71
3758,BET_bromodomain_inhibitors,BET bromodomain inhibitors,0.040515,0
3759,beta2,beta2,0.040492,102
3760,2-oxophytanic_acid,2-oxophytanic acid,0.040376,1
3761,CDR,CDR,0.039119,15
3762,RBM,RBM,0.038854,5
3763,MIF,MIF,0.038718,153
3764,MCPT,MCPT,0.037471,1
3765,L-asparaginase,L-asparaginase,0.036726,83
3766,ubiquitin,ubiquitin,0.035530,109
3767,podocalyxin,podocalyxin,0.035133,72
3768,RBP,RBP,0.033770,107
3769,benzyl,benzyl,0.033269,1
3770,PLVAP,PLVAP,0.033263,49
3771,JWH-018,JWH-018,0.033053,1
3772,CLU,CLU,0.032715,92
3773,GDNF,GDNF,0.032179,138
3774,VDR,VDR,0.030186,169
3775,Peru-15,Peru-15,0.029844,1
3776,CGP74588,CGP74588,0.029225,2
3777,MLP,MLP,0.029108,72
3778,COP,COP,0.028214,62
3779,epicalyxin_F,epicalyxin F,0.028214,1
3780,NGF,NGF,0.027909,199
3781,TAZ,TAZ,0.027704,100
3782,S2P,S2P,0.027690,31
3783,KPT-276,KPT-276,0.027547,1
3784,ICOS,ICOS,0.027403,66
3785,G6PD,G6PD,0.026702,164
3786,calreticulin,calreticulin,0.026335,113
3787,GW7845,GW7845,0.025696,4
3788,MT2-MMP,MT2-MMP,0.024918,48
3789,ANF,ANF,0.024327,139
3790,ARS,ARS,0.024148,50
3791,SPR,SPR,0.024106,71
3792,B10,B10,0.023426,52
3793,plasmin,plasmin,0.023207,128
3794,LDHA,LDHA,0.022693,94
3795,FSGS,FSGS,0.022566,124
3796,Neaumycin_B,Neaumycin B,0.022433,1
3797,B1R,B1R,0.022183,73
3798,"2,3,6-trimethyl-1,4-naphthoquinone","2,3,6-trimethyl-1,4-naphthoquinone",0.021777,1
3799,Peptichemio,Peptichemio,0.020913,0
3800,flap,flap,0.020637,81
3801,PI-PLC,PI-PLC,0.020255,87
3802,CTR,CTR,0.019155,84
3803,myoglobin,myoglobin,0.018209,103
3804,EPCR,EPCR,0.017990,75
3805,PE154,PE154,0.017762,1
3806,alpha-lactalbumin,alpha-lactalbumin,0.017743,75
3807,CRX,CRX,0.017616,83
3808,GHS-R,GHS-R,0.017318,67
3809,sodium_pyruvate,sodium pyruvate,0.017202,1
3810,LSH,LSH,0.016988,53
3811,RON,RON,0.016929,72
3812,CCK,CCK,0.016911,172
3813,preproenkephalin,preproenkephalin,0.016725,64
3814,XPD,XPD,0.016568,109
3815,GFAP,GFAP,0.015942,243
3816,SHBG,SHBG,0.015687,105
3817,beta-mannosidase,beta-mannosidase,0.015526,37
3818,"14,15-epoxygeranylgeraniol","14,15-epoxygeranylgeraniol",0.015464,0
3819,TARC,TARC,0.015105,84
3820,utrophin,utrophin,0.014919,57
3821,NPY,NPY,0.014666,167
3822,NPNT,NPNT,0.014495,30
3823,MKI67,MKI67,0.014412,51
3824,thioredoxin_reductase,thioredoxin reductase,0.013636,92
3825,ODC,ODC,0.012755,214
3826,G-CSF,G-CSF,0.012668,186
3827,NRL,NRL,0.012470,59
3828,CB2,CB2,0.012435,86
3829,LCAT,LCAT,0.011934,77
3830,CPK,CPK,0.011862,67
3831,AVSD,AVSD,0.011861,17
3832,ERG,ERG,0.011561,169
3833,beta-glucuronidase,beta-glucuronidase,0.011127,102
3834,IL-18,IL-18,0.011101,165
3835,CAGE,CAGE,0.010842,62
3836,ornithine_aminotransferase,ornithine aminotransferase,0.010754,34
3837,SCF,SCF,0.010463,172
3838,glutathione_reductase,glutathione reductase,0.010213,112
3839,ENL,ENL,0.010132,66
3840,beta-galactosidase,beta-galactosidase,0.010090,135
3841,PR,PR,0.010045,161
3842,FUS,FUS,0.009618,88
3843,diamine_oxidase,diamine oxidase,0.009502,90
3844,neuroserpin,neuroserpin,0.009502,65
3845,antithrombin_III,antithrombin III,0.009441,136
3846,canrenone,canrenone,0.008895,1
3847,GPI-PLD,GPI-PLD,0.008747,24
3848,TPR,TPR,0.008688,62
3849,ETFDH,ETFDH,0.008628,3
3850,Axin,Axin,0.008619,98
3851,TGF-beta,TGF-beta,0.008592,871
3852,ESBL,ESBL,0.008574,58
3853,PlGF,PlGF,0.008564,96
3854,LINC00052,LINC00052,0.008382,40
3855,PLTP,PLTP,0.008266,70
3856,BVR,BVR,0.008128,67
3857,ERa,ERa,0.008056,139
3858,LINC01116,LINC01116,0.008030,18
3859,GST,GST,0.007900,184
3860,SMO,SMO,0.007867,93
3861,CDX2-88,CDX2-88,0.007838,1
3862,HA-1-92,HA-1-92,0.007814,1
3863,protein_C,protein C,0.007785,80
3864,CBS,CBS,0.007734,82
3865,AFP,AFP,0.007631,198
3866,Mx2,Mx2,0.007626,53
3867,IL-6,IL-6,0.007528,1029
3868,SON,SON,0.007521,75
3869,TRAIL,TRAIL,0.007518,227
3870,s-thalidomide,s-thalidomide,0.007401,1
3871,NF-kappaB,NF-kappaB,0.007328,443
3872,ML-7,ML-7,0.007241,7
3873,LINC00339,LINC00339,0.007154,34
3874,b-CD,b-CD,0.007145,72
3875,betacellulin,betacellulin,0.007088,58
3876,NYX,NYX,0.006944,49
3877,NEMO,NEMO,0.006716,91
3878,GPIX,GPIX,0.006669,45
3879,IL-10,IL-10,0.006597,432
3880,ATR,ATR,0.006513,99
3881,Bid,Bid,0.006401,127
3882,transforming_growth_factor-beta_receptors_II_and_III,transforming growth factor-beta receptors II and III,0.006388,1
3883,GCNF,GCNF,0.006264,59
3884,ASL,ASL,0.006239,53
3885,MOZ,MOZ,0.006138,53
3886,LINC00675,LINC00675,0.006049,22
3887,decorin,decorin,0.006011,75
3888,HFE,HFE,0.006011,80
3889,FPPS,FPPS,0.005907,83
3890,FAME,FAME,0.005872,29
3891,LIF,LIF,0.005632,127
3892,alpha-synuclein,alpha-synuclein,0.005627,142
3893,DHFR,DHFR,0.005570,131
3894,WTAP,WTAP,0.005566,38
3895,IL-8,IL-8,0.005448,482
3896,TCTP,TCTP,0.005224,86
3897,IL-9,IL-9,0.005199,96
3898,ER,ER,0.005179,430
3899,T-6,T-6,0.005149,13
3900,HLA-A,HLA-A,0.005148,99
3901,synaptophysin,synaptophysin,0.005134,115
3902,cytochrome_c,cytochrome c,0.005017,215
3903,IL-3,IL-3,0.005007,128
3904,GNAQ,GNAQ,0.004735,78
3905,TFEB,TFEB,0.004731,73
3906,TSLP,TSLP,0.004722,97
3907,mucin,mucin,0.004707,121
3908,PORCN,PORCN,0.004660,50
3909,DM1,DM1,0.004593,76
3910,TLRs_3_and_5,TLRs 3 and 5,0.004591,2
3911,ASNS,ASNS,0.004589,63
3912,HLF,HLF,0.004544,65
3913,17beta-hydroxysteroid_dehydrogenase,17beta-hydroxysteroid dehydrogenase,0.004447,57
3914,biglycan,biglycan,0.004433,92
3915,IL-15,IL-15,0.004373,113
3916,gelsolin,gelsolin,0.004217,96
3917,CD4,CD4,0.004216,510
3918,MGMT,MGMT,0.004213,179
3919,chemerin,chemerin,0.004212,77
3920,APOE,APOE,0.004207,170
3921,HLA-DRA,HLA-DRA,0.004201,50
3922,trypanocides,trypanocides,0.004133,1
3923,CSL,CSL,0.004116,53
3924,Dpl,Dpl,0.003955,57
3925,GAPDH,GAPDH,0.003915,159
3926,IGF-I,IGF-I,0.003866,448
3927,HLA-C,HLA-C,0.003857,86
3928,LMNA,LMNA,0.003854,72
3929,PACT,PACT,0.003841,57
3930,STN,STN,0.003807,2
3931,vWF,vWF,0.003781,72
3932,DOR,DOR,0.003735,70
3933,P14,P14,0.003697,67
3934,protease_inhibitor,protease inhibitor,0.003664,44
3935,T-bet,T-bet,0.003631,90
3936,BHD,BHD,0.003548,2
3937,HRG,HRG,0.003527,71
3938,GPCR,GPCR,0.003507,71
3939,MOR,MOR,0.003506,99
3940,fMLP,fMLP,0.003490,127
3941,alpha-glucosidase,alpha-glucosidase,0.003463,83
3942,BID,BID,0.003456,2
3943,IFN-a,IFN-a,0.003443,140
3944,M-CSF,M-CSF,0.003381,130
3945,BAR,BAR,0.003357,20
3946,L-PK,L-PK,0.003344,66
3947,IL-2,IL-2,0.003321,434
3948,DR4,DR4,0.003250,96
3949,SLC26A4,SLC26A4,0.003239,79
3950,IL-4,IL-4,0.003233,386
3951,D2_dopamine_receptor,D2 dopamine receptor,0.003201,15
3952,TGF-b,TGF-b,0.003162,294
3953,CD80,CD80,0.003142,114
3954,PPARgamma,PPARgamma,0.003101,276
3955,IL-17,IL-17,0.003066,209
3956,adenosine_kinase,adenosine kinase,0.003027,72
3957,VWF,VWF,0.002966,142
3958,HASPA,HASPA,0.002958,1
3959,ELP,ELP,0.002952,72
3960,fibromodulin,fibromodulin,0.002905,69
3961,GNAS,GNAS,0.002890,95
3962,IL-33,IL-33,0.002874,128
3963,alpha-internexin,alpha-internexin,0.002871,72
3964,endocan,endocan,0.002867,71
3965,chromogranin_A,chromogranin A,0.002780,151
3966,C10,C10,0.002745,80
3967,TGF-alpha,TGF-alpha,0.002722,125
3968,gp120,gp120,0.002691,97
3969,WRN,WRN,0.002640,97
3970,COMT,COMT,0.002638,141
3971,BMP-2,BMP-2,0.002633,256
3972,DR3,DR3,0.002623,70
3973,IAP,IAP,0.002584,90
3974,EL2,EL2,0.002510,64
3975,TCR_alpha,TCR alpha,0.002480,62
3976,IL-13,IL-13,0.002474,179
3977,PDGF-D,PDGF-D,0.002460,53
3978,ALDOC,ALDOC,0.002457,35
3979,HLA-G,HLA-G,0.002442,104
3980,c-Met,c-Met,0.002367,190
3981,GTPCH,GTPCH,0.002355,65
3982,recoverin,recoverin,0.002347,80
3983,A1BG,A1BG,0.002344,55
3984,FTL,FTL,0.002317,55
3985,GnRHR,GnRHR,0.002271,80
3986,RMRP,RMRP,0.002260,43
3987,IL-1_alpha,IL-1 alpha,0.002222,96
3988,SIL,SIL,0.002175,56
3989,DARC,DARC,0.002135,72
3990,pIgR,pIgR,0.002104,72
3991,acrosin,acrosin,0.002089,73
3992,PEDF,PEDF,0.002079,88
3993,NSE,NSE,0.002068,123
3994,VEGF-C,VEGF-C,0.002050,114
3995,GEF,GEF,0.002039,95
3996,menin,menin,0.002037,69
3997,ERF,ERF,0.002021,59
3998,TLR6,TLR6,0.002021,59
3999,SLPI,SLPI,0.001991,82
4000,SV2,SV2,0.001969,72
4001,megalin,megalin,0.001928,85
4002,H-FABP,H-FABP,0.001917,80
4003,IGF-II,IGF-II,0.001910,174
4004,Bw54,Bw54,0.001900,13
4005,C1-INH,C1-INH,0.001899,61
4006,KRAS,KRAS,0.001879,223
4007,cone_transducin,cone transducin,0.001867,2
4008,XPA,XPA,0.001859,75
4009,HPRT,HPRT,0.001824,102
4010,PRCD,PRCD,0.001816,8
4011,CK-BB,CK-BB,0.001807,71
4012,Eosin_B,Eosin B,0.001805,1
4013,CIC,CIC,0.001797,55
4014,gp63,gp63,0.001792,45
4015,STAMP,STAMP,0.001788,10
4016,visfatin,visfatin,0.001753,114
4017,HLA-B,HLA-B,0.001752,96
4018,glucose-6-phosphate_dehydrogenase,glucose-6-phosphate dehydrogenase,0.001702,96
4019,FRK,FRK,0.001676,51
4020,DIAM_3,DIAM 3,0.001671,2
4021,neutrophil_elastase,neutrophil elastase,0.001670,122
4022,NFI,NFI,0.001642,62
4023,HSPG,HSPG,0.001637,83
4024,vinculin,vinculin,0.001609,91
4025,EWS,EWS,0.001602,75
4026,TLR2,TLR2,0.001592,167
4027,ferrochelatase,ferrochelatase,0.001548,77
4028,GALT,GALT,0.001528,65
4029,FIR,FIR,0.001525,47
4030,urocortin,urocortin,0.001520,70
4031,EGF,EGF,0.001506,265
4032,SAA2,SAA2,0.001498,51
4033,RAR,RAR,0.001481,115
4034,ShcC,ShcC,0.001478,47
4035,CRLR,CRLR,0.001477,68
4036,LAS,LAS,0.001469,1
4037,IL-25,IL-25,0.001456,71
4038,AT2,AT2,0.001454,81
4039,IgG1,IgG1,0.001450,84
4040,alphaB-crystallin,alphaB-crystallin,0.001440,71
4041,TTR,TTR,0.001386,117
4042,MVK,MVK,0.001385,63
4043,IL-31,IL-31,0.001375,74
4044,IL-12,IL-12,0.001374,62
4045,Bcl-xL,Bcl-xL,0.001372,203
4046,beta-actin,beta-actin,0.001361,87
4047,VEGF-D,VEGF-D,0.001361,78
4048,IL-27,IL-27,0.001360,80
4049,TTK,TTK,0.001351,71
4050,TLR4,TLR4,0.001351,340
4051,IL-1b,IL-1b,0.001346,737
4052,MS1,MS1,0.001343,61
4053,I-FABP,I-FABP,0.001336,73
4054,tricellulin,tricellulin,0.001335,57
4055,PPAR,PPAR,0.001286,166
4056,CCL21,CCL21,0.001285,72
4057,M-protein,M-protein,0.001285,60
4058,ILK,ILK,0.001285,119
4059,IL-17F,IL-17F,0.001275,87
4060,POF,POF,0.001255,39
4061,nephrin,nephrin,0.001253,90
4062,periostin,periostin,0.001243,107
4063,fibronectin,fibronectin,0.001233,362
4064,P-gp,P-gp,0.001232,666
4065,IL-7,IL-7,0.001219,104
4066,glutamine_synthetase,glutamine synthetase,0.001218,101
4067,NGFR,NGFR,0.001193,17
4068,CD24,CD24,0.001193,110
4069,HERG,HERG,0.001167,115
4070,GIPC,GIPC,0.001155,62
4071,Bim,Bim,0.001149,93
4072,sialyltransferase,sialyltransferase,0.001147,38
4073,Fab,Fab,0.001146,92
4074,PRLR,PRLR,0.001105,84
4075,IL-1,IL-1,0.001105,256
4076,TLR7,TLR7,0.001105,83
4077,TMEM39A,TMEM39A,0.001104,10
4078,HRAS,HRAS,0.001075,125
4079,CREB,CREB,0.001059,300
4080,GM-CSFR,GM-CSFR,0.001056,67
4081,GMPS,GMPS,0.001056,62
4082,TIMP-1-GPI,TIMP-1-GPI,0.001045,5
4083,AE1,AE1,0.001040,78
4084,biotinidase,biotinidase,0.001036,47
4085,HULC,HULC,0.001020,58
4086,PHD2,PHD2,0.001007,82
4087,MIR155HG,MIR155HG,0.001005,23
4088,COXIV,COXIV,0.001005,61
4089,M-1,M-1,0.001004,63
4090,TFPI,TFPI,0.001002,96
4091,IAPP,IAPP,0.000989,15
4092,Hlx,Hlx,0.000975,27
4093,elastin,elastin,0.000970,147
4094,HLA-F,HLA-F,0.000968,46
4095,KIT,KIT,0.000967,66
4096,oxidoreductase,oxidoreductase,0.000965,69
4097,PIGN,PIGN,0.000958,44
4098,LOX,LOX,0.000958,113
4099,TLR3,TLR3,0.000954,102
4100,BC200,BC200,0.000953,49
4101,CD38,CD38,0.000942,127
4102,noi,noi,0.000934,9
4103,elafin,elafin,0.000932,71
4104,scFv,scFv,0.000930,82
4105,frataxin,frataxin,0.000930,65
4106,IL-6R,IL-6R,0.000928,104
4107,superoxide_dismutase,superoxide dismutase,0.000916,4
4108,NR1,NR1,0.000903,85
4109,NLK,NLK,0.000896,66
4110,C5a,C5a,0.000893,101
4111,eotaxin,eotaxin,0.000890,106
4112,desmin,desmin,0.000883,137
4113,PRIP,PRIP,0.000862,49
4114,RMST,RMST,0.000857,14
4115,EREG,EREG,0.000853,59
4116,PEX10,PEX10,0.000838,36
4117,cathepsin_D,cathepsin D,0.000836,133
4118,CD59,CD59,0.000834,122
4119,RP2,RP2,0.000825,67
4120,TOR,TOR,0.000823,75
4121,CPAP,CPAP,0.000822,70
4122,caldesmon,caldesmon,0.000822,69
4123,lactase,lactase,0.000820,75
4124,protein_kinase_B,protein kinase B,0.000820,131
4125,TLR9,TLR9,0.000810,96
4126,PARP,PARP,0.000783,291
4127,MT2,MT2,0.000781,95
4128,aromatase,aromatase,0.000780,34
4129,RP1,RP1,0.000779,67
4130,cTnI,cTnI,0.000775,92
4131,TFAM,TFAM,0.000774,81
4132,CD10,CD10,0.000766,133
4133,preB,preB,0.000764,61
4134,CD30,CD30,0.000764,115
4135,IL-37,IL-37,0.000764,62
4136,IL-1ra,IL-1ra,0.000752,112
4137,CERT,CERT,0.000736,53
4138,HLA-E,HLA-E,0.000735,62
4139,FICD,FICD,0.000734,27
4140,Nam,Nam,0.000732,39
4141,B2R,B2R,0.000728,70
4142,cTnT,cTnT,0.000725,79
4143,c-kit,c-kit,0.000701,229
4144,FADD,FADD,0.000693,89
4145,SNRPN,SNRPN,0.000693,57
4146,S1P1_and_S1P3,S1P1 and S1P3,0.000688,22
4147,PERK,PERK,0.000686,116
4148,K12,K12,0.000685,53
4149,ZAK,ZAK,0.000684,65
4150,XT-I,XT-I,0.000678,51
4151,L-selectin,L-selectin,0.000676,116
4152,EP4,EP4,0.000673,74
4153,IgG3,IgG3,0.000667,84
4154,FLNA,FLNA,0.000664,103
4155,F-18,F-18,0.000660,67
4156,muscle-specific,muscle-specific,0.000660,41
4157,CD25,CD25,0.000652,189
4158,FAK,FAK,0.000652,241
4159,NTPDases_2_and_3,NTPDases 2 and 3,0.000647,1
4160,CD8,CD8,0.000642,243
4161,Hsc70,Hsc70,0.000640,115
4162,Cx40,Cx40,0.000638,77
4163,CCR1,CCR1,0.000638,89
4164,CCL20,CCL20,0.000636,109
4165,MMP-28,MMP-28,0.000633,55
4166,HHIP,HHIP,0.000627,48
4167,SR-BI,SR-BI,0.000623,81
4168,CD15,CD15,0.000618,87
4169,S100,S100,0.000616,64
4170,BTK,BTK,0.000614,91
4171,CD3epsilon,CD3epsilon,0.000609,53
4172,TLR5,TLR5,0.000609,76
4173,OSMR,OSMR,0.000608,54
4174,LRP,LRP,0.000607,113
4175,DGK,DGK,0.000606,73
4176,KHK,KHK,0.000606,39
4177,heat_shock_protein,heat shock protein,0.000604,70
4178,MX2,MX2,0.000602,66
4179,IL12B,IL12B,0.000599,66
4180,CD138,CD138,0.000598,98
4181,CT-322,CT-322,0.000594,23
4182,IL-32,IL-32,0.000592,73
4183,CD53,CD53,0.000592,71
4184,Drosomycin,Drosomycin,0.000592,40
4185,CS1,CS1,0.000592,74
4186,GluR2,GluR2,0.000580,85
4187,gp70,gp70,0.000577,69
4188,XOR,XOR,0.000575,77
4189,CNTF,CNTF,0.000573,93
4190,Ro52,Ro52,0.000570,78
4191,Sri,Sri,0.000563,76
4192,JNK,JNK,0.000562,381
4193,NK2_receptor,NK2 receptor,0.000560,43
4194,GALC,GALC,0.000556,60
4195,CD68,CD68,0.000543,158
4196,c-fms,c-fms,0.000542,99
4197,EGFR,EGFR,0.000539,814
4198,ShcD,ShcD,0.000538,40
4199,hnRNP_M,hnRNP M,0.000538,52
4200,mDC,mDC,0.000538,68
4201,Mnk1,Mnk1,0.000536,60
4202,BART,BART,0.000534,48
4203,RPGR,RPGR,0.000533,70
4204,RAGE,RAGE,0.000532,117
4205,AIRE,AIRE,0.000532,69
4206,CD21,CD21,0.000531,90
4207,HGPRT,HGPRT,0.000530,11
4208,LRF,LRF,0.000526,67
4209,SREBP,SREBP,0.000524,69
4210,filamin,filamin,0.000522,83
4211,BSEP,BSEP,0.000522,74
4212,IL-24,IL-24,0.000520,87
4213,MMP-2,MMP-2,0.000520,385
4214,Ngb,Ngb,0.000516,75
4215,CD79a,CD79a,0.000513,80
4216,neuraminidase,neuraminidase,0.000510,101
4217,Plk1,Plk1,0.000504,159
4218,AIM2,AIM2,0.000503,71
4219,cathepsin_B,cathepsin B,0.000502,143
4220,b-catenin,b-catenin,0.000501,560
4221,p53,p53,0.000499,1404
4222,MTA2,MTA2,0.000497,59
4223,C-8,C-8,0.000494,79
4224,bFGF,bFGF,0.000492,381
4225,VIII,VIII,0.000488,85
4226,ST2,ST2,0.000487,70
4227,CD52,CD52,0.000486,67
4228,gp96,gp96,0.000486,64
4229,AHNAK,AHNAK,0.000484,57
4230,PDGF-B,PDGF-B,0.000479,104
4231,IL-1Ra,IL-1Ra,0.000479,68
4232,CD14,CD14,0.000478,171
4233,NMT,NMT,0.000476,66
4234,cholinesterase,cholinesterase,0.000475,132
4235,factor_Xa,factor Xa,0.000473,98
4236,H2AX,H2AX,0.000472,87
4237,GRHPR,GRHPR,0.000469,48
4238,L-ficolin,L-ficolin,0.000460,68
4239,NIS,NIS,0.000459,72
4240,CD70,CD70,0.000457,67
4241,KIR,KIR,0.000455,80
4242,trehalase,trehalase,0.000448,58
4243,Sp3,Sp3,0.000445,72
4244,MMP-8,MMP-8,0.000444,80
4245,tyrosine_kinase,tyrosine kinase,0.000444,80
4246,C3b,C3b,0.000441,59
4247,GRPR,GRPR,0.000438,83
4248,factor_V_Leiden,factor V Leiden,0.000438,71
4249,CEAP,CEAP,0.000436,33
4250,CD18,CD18,0.000435,101
4251,HDGF,HDGF,0.000434,81
4252,HRK,HRK,0.000434,58
4253,PP6,PP6,0.000433,46
4254,CD34,CD34,0.000433,281
4255,CD20,CD20,0.000431,130
4256,laminin_B1,laminin B1,0.000431,43
4257,histidase,histidase,0.000430,31
4258,BMP-7,BMP-7,0.000428,104
4259,COUP-TFII,COUP-TFII,0.000428,84
4260,TRADD,TRADD,0.000427,56
4261,Dicer,Dicer,0.000427,78
4262,CCM3,CCM3,0.000426,62
4263,granzyme_B,granzyme B,0.000424,88
4264,AhR,AhR,0.000424,240
4265,EG-VEGF,EG-VEGF,0.000422,68
4266,GB1,GB1,0.000419,62
4267,Sm-C,Sm-C,0.000415,30
4268,mast_cell_tryptase,mast cell tryptase,0.000414,55
4269,Nrf2,Nrf2,0.000412,333
4270,band_3,band 3,0.000408,6
4271,CFTR,CFTR,0.000407,204
4272,PR3,PR3,0.000405,98
4273,CaF2,CaF2,0.000405,39
4274,PHGDH,PHGDH,0.000404,18
4275,p16,p16,0.000404,344
4276,CA1,CA1,0.000402,222
4277,G-CSFR,G-CSFR,0.000396,68
4278,ILKAP,ILKAP,0.000396,37
4279,IgA1,IgA1,0.000395,75
4280,PDGF-A,PDGF-A,0.000392,88
4281,sulfatase,sulfatase,0.000392,66
4282,5-HT3_receptor,5-HT3 receptor,0.000389,52
4283,PC3,PC3,0.000387,155
4284,cyclin_A,cyclin A,0.000387,125
4285,Nestin,Nestin,0.000386,90
4286,Bax,Bax,0.000386,423
4287,CK17,CK17,0.000385,62
4288,CCR4,CCR4,0.000385,88
4289,MAO-B,MAO-B,0.000384,114
4290,IL-28,IL-28,0.000384,30
4291,RhoA,RhoA,0.000382,255
4292,CTGF,CTGF,0.000382,182
4293,M1_and_T1,M1 and T1,0.000382,15
4294,FASN,FASN,0.000376,98
4295,gp100,gp100,0.000376,72
4296,BCR-ABL,BCR-ABL,0.000376,158
4297,CCR10,CCR10,0.000376,56
4298,MMP-9,MMP-9,0.000373,460
4299,CD40L,CD40L,0.000373,115
4300,ENO3,ENO3,0.000372,37
4301,MMP-7,MMP-7,0.000371,105
4302,DNA-PK,DNA-PK,0.000371,115
4303,N-cadherin,N-cadherin,0.000369,133
4304,NCKX,NCKX,0.000367,22
4305,LRBA,LRBA,0.000365,53
4306,cofilin,cofilin,0.000365,110
4307,Wnt4,Wnt4,0.000362,8
4308,MAGL,MAGL,0.000361,80
4309,CART,CART,0.000361,79
4310,Pokemon,Pokemon,0.000357,68
4311,SN1,SN1,0.000357,62
4312,PD-L2,PD-L2,0.000357,63
4313,ROR,ROR,0.000355,70
4314,mEH,mEH,0.000353,70
4315,CD42b,CD42b,0.000352,79
4316,Bcl-2,Bcl-2,0.000349,690
4317,CTCL,CTCL,0.000348,76
4318,C9orf72,C9orf72,0.000348,60
4319,mesothelin,mesothelin,0.000348,72
4320,JWA,JWA,0.000347,68
4321,Tb4,Tb4,0.000346,67
4322,Tie2,Tie2,0.000345,95
4323,granzyme_H,granzyme H,0.000345,43
4324,NgR,NgR,0.000344,67
4325,A20,A20,0.000344,85
4326,CD31,CD31,0.000344,141
4327,HESL,HESL,0.000343,14
4328,NGAL,NGAL,0.000342,102
4329,AMACR,AMACR,0.000342,65
4330,MP1,MP1,0.000342,57
4331,EpCAM,EpCAM,0.000340,108
4332,IL-11,IL-11,0.000340,97
4333,SETX,SETX,0.000339,56
4334,C2orf71,C2orf71,0.000338,33
4335,tenascin,tenascin,0.000336,106
4336,MMP-13,MMP-13,0.000336,137
4337,Prx,Prx,0.000334,67
4338,14-3-3sigma,14-3-3sigma,0.000334,65
4339,IP-10,IP-10,0.000333,133
4340,MIP-1beta,MIP-1beta,0.000333,102
4341,PrRP,PrRP,0.000331,67
4342,V13,V13,0.000331,7
4343,CCR3,CCR3,0.000331,89
4344,E-cadherin,E-cadherin,0.000329,474
4345,TGF-b1,TGF-b1,0.000325,236
4346,TGF-b3,TGF-b3,0.000325,82
4347,11beta-HSD2,11beta-HSD2,0.000325,75
4348,E-selectin,E-selectin,0.000323,111
4349,catalase,catalase,0.000321,239
4350,Lao,Lao,0.000321,66
4351,L1CAM,L1CAM,0.000319,88
4352,nucleolin,nucleolin,0.000315,107
4353,Eag1,Eag1,0.000314,72
4354,pyrin,pyrin,0.000313,36
4355,H-ras,H-ras,0.000311,66
4356,HK2,HK2,0.000310,105
4357,vaspin,vaspin,0.000309,67
4358,EC-SOD,EC-SOD,0.000306,83
4359,TRAF6,TRAF6,0.000306,127
4360,heparanase,heparanase,0.000306,81
4361,ICAT,ICAT,0.000304,64
4362,IL-10R,IL-10R,0.000301,63
4363,ChM-I,ChM-I,0.000301,56
4364,C/EBPbeta,C/EBPbeta,0.000300,140
4365,TGF-b2,TGF-b2,0.000300,38
4366,CCR6,CCR6,0.000298,71
4367,MIP-1alpha,MIP-1alpha,0.000295,131
4368,p150,p150,0.000295,79
4369,Flk-1,Flk-1,0.000294,75
4370,CK3,CK3,0.000294,59
4371,cathepsin_G,cathepsin G,0.000293,76
4372,PTRF,PTRF,0.000291,56
4373,HSP70,HSP70,0.000290,281
4374,Ku80,Ku80,0.000288,79
4375,UGT1A1,UGT1A1,0.000288,90
4376,TOPK,TOPK,0.000286,71
4377,Sp100,Sp100,0.000283,49
4378,IRS-2,IRS-2,0.000282,90
4379,TBXA2R,TBXA2R,0.000282,65
4380,GRP75,GRP75,0.000280,65
4381,Rheb,Rheb,0.000280,15
4382,C-4,C-4,0.000279,90
4383,CapG,CapG,0.000277,59
4384,Egr-1,Egr-1,0.000276,217
4385,DSPP,DSPP,0.000275,84
4386,B2m,B2m,0.000275,24
4387,c-fos,c-fos,0.000275,393
4388,FcgammaRIIB,FcgammaRIIB,0.000274,67
4389,ANC-1,ANC-1,0.000271,6
4390,sigma-1_receptor,sigma-1 receptor,0.000270,67
4391,FTH1,FTH1,0.000270,63
4392,4-1BB,4-1BB,0.000267,75
4393,S100A9,S100A9,0.000267,89
4394,RhoH,RhoH,0.000267,57
4395,C-1,C-1,0.000267,77
4396,ADRP,ADRP,0.000267,77
4397,Aurora_kinases_A_and_B,Aurora kinases A and B,0.000266,34
4398,C1q,C1q,0.000264,110
4399,PDGFR,PDGFR,0.000264,145
4400,TP1,TP1,0.000261,62
4401,M-ficolin,M-ficolin,0.000260,56
4402,beta/A4,beta/A4,0.000258,34
4403,C-6,C-6,0.000258,94
4404,plectin,plectin,0.000258,63
4405,hCG_beta,hCG beta,0.000257,66
4406,g-1,g-1,0.000254,72
4407,MMP-3,MMP-3,0.000253,128
4408,cathepsin_L,cathepsin L,0.000252,92
4409,MRF,MRF,0.000252,50
4410,TGF-beta2,TGF-beta2,0.000252,147
4411,separase,separase,0.000251,65
4412,PDGFRA,PDGFRA,0.000250,115
4413,IRP,IRP,0.000250,74
4414,IRBP,IRBP,0.000250,76
4415,CYP2D6,CYP2D6,0.000250,187
4416,NF-kB,NF-kB,0.000249,129
4417,SR-A,SR-A,0.000248,73
4418,annexin_V,annexin V,0.000248,126
4419,APRIL,APRIL,0.000248,58
4420,CAIX,CAIX,0.000247,125
4421,H-2,H-2,0.000246,78
4422,TB10,TB10,0.000246,48
4423,SREBP-1c,SREBP-1c,0.000245,120
4424,PI3K,PI3K,0.000243,337
4425,PLS3,PLS3,0.000243,4
4426,PER2,PER2,0.000242,92
4427,CYP17,CYP17,0.000242,97
4428,CD7,CD7,0.000241,85
4429,MCM-3,MCM-3,0.000241,5
4430,GART,GART,0.000239,60
4431,FosB,FosB,0.000238,88
4432,CD146,CD146,0.000237,86
4433,HOXA,HOXA,0.000237,52
4434,CK1,CK1,0.000237,99
4435,GPR7,GPR7,0.000235,1
4436,MTH1,MTH1,0.000232,67
4437,AQP4,AQP4,0.000231,113
4438,TK1,TK1,0.000231,76
4439,APTX,APTX,0.000230,53
4440,DINE,DINE,0.000229,30
4441,CYLD,CYLD,0.000229,77
4442,FasL,FasL,0.000229,165
4443,legumain,legumain,0.000227,16
4444,VEGF,VEGF,0.000227,1082
4445,p62,p62,0.000226,125
4446,PSAP,PSAP,0.000224,63
4447,CYP1A2,CYP1A2,0.000224,169
4448,AS1,AS1,0.000224,52
4449,CypA,CypA,0.000222,93
4450,TfR2,TfR2,0.000222,62
4451,dUTPase,dUTPase,0.000222,60
4452,CD23,CD23,0.000221,86
4453,CD11b,CD11b,0.000221,200
4454,RD1,RD1,0.000220,64
4455,CD28,CD28,0.000219,95
4456,HIF-1a,HIF-1a,0.000219,637
4457,HRB,HRB,0.000218,43
4458,CD1a,CD1a,0.000218,79
4459,vimentin,vimentin,0.000217,278
4460,CD99,CD99,0.000216,87
4461,RKIP,RKIP,0.000216,87
4462,TSP-1,TSP-1,0.000215,161
4463,CD44,CD44,0.000215,256
4464,MK2,MK2,0.000214,79
4465,cytochrome_b,cytochrome b,0.000214,77
4466,cyclin_F,cyclin F,0.000214,52
4467,CAST,CAST,0.000212,75
4468,TIF2,TIF2,0.000211,72
4469,CypD,CypD,0.000211,70
4470,p120,p120,0.000210,81
4471,pN1,pN1,0.000210,74
4472,LRRC10,LRRC10,0.000210,8
4473,S-100,S-100,0.000208,110
4474,TRPA1,TRPA1,0.000208,105
4475,LTBP-3,LTBP-3,0.000207,13
4476,TGase,TGase,0.000206,91
4477,DREAM,DREAM,0.000206,73
4478,CCL22,CCL22,0.000205,87
4479,DDR2,DDR2,0.000205,66
4480,GILT,GILT,0.000204,56
4481,myocardin,myocardin,0.000203,69
4482,THP-1,THP-1,0.000203,166
4483,mitoNEET,mitoNEET,0.000202,59
4484,CP2,CP2,0.000202,28
4485,TIM-4,TIM-4,0.000202,53
4486,SCAI,SCAI,0.000202,47
4487,A2BAR,A2BAR,0.000202,64
4488,TIMP-1,TIMP-1,0.000201,180
4489,MetRS,MetRS,0.000200,58
4490,Wnt1,Wnt1,0.000200,103
4491,JAM-C,JAM-C,0.000200,53
4492,OCRL,OCRL,0.000198,64
4493,chordin,chordin,0.000198,53
4494,SAP102,SAP102,0.000198,51
4495,DPP-4,DPP-4,0.000197,150
4496,PLP2,PLP2,0.000196,38
4497,iRGD,iRGD,0.000194,9
4498,Reg_IV,Reg IV,0.000192,17
4499,Numb,Numb,0.000191,83
4500,RIF-1,RIF-1,0.000191,53
4501,Tinagl1,Tinagl1,0.000191,27
4502,COX-2,COX-2,0.000191,599
4503,IL-4R,IL-4R,0.000191,94
4504,PHF20,PHF20,0.000190,48
4505,TRP-1,TRP-1,0.000189,85
4506,itch,itch,0.000189,82
4507,IL-21R,IL-21R,0.000189,54
4508,PAI-2,PAI-2,0.000188,80
4509,LEPR,LEPR,0.000188,81
4510,GRP78,GRP78,0.000188,204
4511,apoA-I,apoA-I,0.000187,182
4512,p185,p185,0.000186,51
4513,CCR8,CCR8,0.000186,65
4514,AGPS,AGPS,0.000186,38
4515,p190RhoGAP,p190RhoGAP,0.000185,69
4516,rhodopsin,rhodopsin,0.000184,183
4517,MDM2,MDM2,0.000183,224
4518,PYGM,PYGM,0.000183,51
4519,OPRT,OPRT,0.000183,66
4520,FGF-1,FGF-1,0.000182,111
4521,CD27,CD27,0.000182,71
4522,glucokinase,glucokinase,0.000182,119
4523,UNC119,UNC119,0.000181,44
4524,CEP290,CEP290,0.000181,57
4525,Akt,Akt,0.000180,890
4526,S100A8,S100A8,0.000180,94
4527,TRP-2,TRP-2,0.000179,75
4528,CypB,CypB,0.000179,64
4529,PEA15,PEA15,0.000179,46
4530,Src,Src,0.000178,282
4531,PHF19,PHF19,0.000178,43
4532,Herp,Herp,0.000178,69
4533,NeuN,NeuN,0.000178,86
4534,AC8,AC8,0.000177,54
4535,S-1,S-1,0.000177,74
4536,BBS2,BBS2,0.000177,52
4537,MDR1,MDR1,0.000176,100
4538,TEM-1,TEM-1,0.000176,69
4539,NF2,NF2,0.000175,102
4540,TGF-beta1,TGF-beta1,0.000175,71
4541,GNPAT,GNPAT,0.000174,47
4542,hTERT,hTERT,0.000174,207
4543,Msx2,Msx2,0.000173,83
4544,USP9X,USP9X,0.000173,59
4545,BHLHA9,BHLHA9,0.000172,17
4546,IGFBP-5,IGFBP-5,0.000172,85
4547,Flt3L,Flt3L,0.000171,64
4548,fetuin-A,fetuin-A,0.000171,76
4549,BCRP,BCRP,0.000171,109
4550,IGFBP-6,IGFBP-6,0.000171,78
4551,MCP-3,MCP-3,0.000169,72
4552,p37,p37,0.000169,3
4553,MMP16,MMP16,0.000169,59
4554,LPA1,LPA1,0.000169,75
4555,C1INH,C1INH,0.000169,75
4556,p57,p57,0.000168,97
4557,miR-3653,miR-3653,0.000168,10
4558,CD57,CD57,0.000168,93
4559,Hhat,Hhat,0.000168,35
4560,Ron,Ron,0.000167,57
4561,P311,P311,0.000167,52
4562,RhoB,RhoB,0.000167,83
4563,IA-2beta,IA-2beta,0.000166,55
4564,INF-alpha,INF-alpha,0.000165,56
4565,RdCVF,RdCVF,0.000165,32
4566,TGFBR2,TGFBR2,0.000165,107
4567,TrkB,TrkB,0.000165,116
4568,ET-1,ET-1,0.000164,315
4569,IGFBP-1,IGFBP-1,0.000164,92
4570,Abeta,Abeta,0.000164,10
4571,Sgs1,Sgs1,0.000164,51
4572,B7-H6,B7-H6,0.000164,33
4573,PAR-2,PAR-2,0.000164,93
4574,CB1,CB1,0.000163,123
4575,GAP-43,GAP-43,0.000163,97
4576,CD51,CD51,0.000163,61
4577,TWEAK,TWEAK,0.000162,83
4578,ARHGAP26,ARHGAP26,0.000161,2
4579,chymase,chymase,0.000161,76
4580,GARP,GARP,0.000161,53
4581,S100B,S100B,0.000161,149
4582,TFF1,TFF1,0.000160,77
4583,FPR1,FPR1,0.000160,58
4584,p65,p65,0.000160,246
4585,GDF15,GDF15,0.000160,107
4586,EB1,EB1,0.000160,72
4587,TOPORS,TOPORS,0.000159,49
4588,GCase,GCase,0.000159,64
4589,EpoR,EpoR,0.000158,102
4590,Axl,Axl,0.000157,113
4591,CORT,CORT,0.000157,71
4592,MMP-1,MMP-1,0.000157,181
4593,Raf-1,Raf-1,0.000156,163
4594,PON2,PON2,0.000156,75
4595,NKG2D,NKG2D,0.000156,100
4596,PI-6,PI-6,0.000156,46
4597,CDK7,CDK7,0.000156,73
4598,CD49b,CD49b,0.000156,73
4599,ICAM-2,ICAM-2,0.000155,58
4600,BMP9,BMP9,0.000155,78
4601,DRD1,DRD1,0.000155,80
4602,IGF-1R,IGF-1R,0.000155,244
4603,SP-A2,SP-A2,0.000155,13
4604,CD64,CD64,0.000155,82
4605,SRIF,SRIF,0.000155,74
4606,GLP-1,GLP-1,0.000155,167
4607,MIP-2,MIP-2,0.000155,89
4608,CA125,CA125,0.000154,113
4609,mTOR,mTOR,0.000154,409
4610,CD163,CD163,0.000153,99
4611,PS1,PS1,0.000153,94
4612,BORIS,BORIS,0.000153,54
4613,ADAM17,ADAM17,0.000153,121
4614,BRIP1,BRIP1,0.000153,15
4615,Mcl-1,Mcl-1,0.000153,162
4616,SOX1,SOX1,0.000153,55
4617,MYCN,MYCN,0.000152,121
4618,TIMP-3,TIMP-3,0.000151,106
4619,BAFF,BAFF,0.000151,105
4620,PTPN22,PTPN22,0.000151,80
4621,HOTAIR,HOTAIR,0.000151,107
4622,UCP2,UCP2,0.000150,96
4623,PD-1,PD-1,0.000150,107
4624,Brachyury,Brachyury,0.000150,50
4625,INS-IGF2,INS-IGF2,0.000149,10
4626,ICAM-1,ICAM-1,0.000149,345
4627,MafB,MafB,0.000149,59
4628,PAR-1,PAR-1,0.000149,72
4629,apoA-II,apoA-II,0.000148,71
4630,CD83,CD83,0.000148,80
4631,RPS3,RPS3,0.000148,64
4632,PDE4,PDE4,0.000148,80
4633,RLIP76,RLIP76,0.000148,73
4634,p27,p27,0.000147,232
4635,pSS,pSS,0.000147,35
4636,LC3,LC3,0.000147,104
4637,CYP1A1,CYP1A1,0.000146,214
4638,ERb,ERb,0.000146,83
4639,CCK-A,CCK-A,0.000145,66
4640,nebulin,nebulin,0.000145,55
4641,mGluR2,mGluR2,0.000145,80
4642,cGKII,cGKII,0.000145,55
4643,stathmin,stathmin,0.000145,100
4644,BMP4,BMP4,0.000144,155
4645,IFT140,IFT140,0.000144,11
4646,FGF21,FGF21,0.000144,95
4647,FHL2,FHL2,0.000143,69
4648,cyclin_D2,cyclin D2,0.000143,115
4649,Mst1,Mst1,0.000143,15
4650,ZNF143,ZNF143,0.000143,56
4651,RPS10,RPS10,0.000142,45
4652,GPR109A,GPR109A,0.000142,65
4653,a-SMA,a-SMA,0.000142,136
4654,STX16,STX16,0.000141,38
4655,MIB-1,MIB-1,0.000140,103
4656,BMI1,BMI1,0.000139,134
4657,SKIP,SKIP,0.000139,65
4658,Bcl6,Bcl6,0.000139,60
4659,PLZF,PLZF,0.000138,80
4660,ERK1/2,ERK1/2,0.000138,421
4661,vhl,vhl,0.000138,26
4662,cyclin_B1,cyclin B1,0.000138,134
4663,Pyk2,Pyk2,0.000138,76
4664,SLC13A5,SLC13A5,0.000137,50
4665,Bcl2L12,Bcl2L12,0.000137,16
4666,CD73,CD73,0.000137,101
4667,PINCH,PINCH,0.000137,58
4668,CD157,CD157,0.000137,55
4669,CD300a,CD300a,0.000136,49
4670,HRP2,HRP2,0.000136,46
4671,TCF-1,TCF-1,0.000136,68
4672,MBD2,MBD2,0.000136,77
4673,CD133,CD133,0.000136,186
4674,CD71,CD71,0.000136,110
4675,cathepsin_K,cathepsin K,0.000136,103
4676,SNF5,SNF5,0.000135,49
4677,H19,H19,0.000135,107
4678,OCT4,OCT4,0.000135,157
4679,IGFBP-3,IGFBP-3,0.000135,141
4680,cathepsin_H,cathepsin H,0.000135,62
4681,c-myc,c-myc,0.000134,548
4682,Tie-2,Tie-2,0.000134,54
4683,BBS1,BBS1,0.000134,35
4684,c-FLIP,c-FLIP,0.000134,106
4685,GPX3,GPX3,0.000133,8
4686,CA4,CA4,0.000133,81
4687,STC-1,STC-1,0.000133,64
4688,CDC25B,CDC25B,0.000133,75
4689,Esp,Esp,0.000133,47
4690,SA1,SA1,0.000133,50
4691,OASIS,OASIS,0.000133,57
4692,ClC-5,ClC-5,0.000132,68
4693,Ins2,Ins2,0.000132,69
4694,IGFBP-2,IGFBP-2,0.000132,103
4695,kAE1,kAE1,0.000132,31
4696,RIP60,RIP60,0.000132,11
4697,Dcf1,Dcf1,0.000132,9
4698,CRHR1,CRHR1,0.000131,77
4699,moesin,moesin,0.000131,80
4700,HOXD,HOXD,0.000131,32
4701,AC1,AC1,0.000131,66
4702,FGF13,FGF13,0.000131,48
4703,G6Pase,G6Pase,0.000131,91
4704,RANTES,RANTES,0.000131,162
4705,OX40,OX40,0.000130,75
4706,CR1,CR1,0.000130,86
4707,NY-ESO-1,NY-ESO-1,0.000129,62
4708,SNARE,SNARE,0.000129,59
4709,Lamb2,Lamb2,0.000129,29
4710,DAPK,DAPK,0.000129,100
4711,IRE1,IRE1,0.000128,94
4712,Thy-1,Thy-1,0.000128,83
4713,RasGAP,RasGAP,0.000127,71
4714,Lgr5,Lgr5,0.000127,58
4715,pTalpha,pTalpha,0.000127,59
4716,CCL23,CCL23,0.000127,58
4717,Rac1,Rac1,0.000127,292
4718,RBM5,RBM5,0.000127,63
4719,hK7,hK7,0.000126,45
4720,LMP2,LMP2,0.000126,69
4721,FMR2,FMR2,0.000126,19
4722,IkappaBalpha,IkappaBalpha,0.000126,153
4723,p300,p300,0.000126,156
4724,GRP94,GRP94,0.000126,87
4725,PAC-1,PAC-1,0.000126,66
4726,Ang-2,Ang-2,0.000126,110
4727,RPS15A,RPS15A,0.000126,26
4728,CCRL2,CCRL2,0.000125,50
4729,HIF-2a,HIF-2a,0.000125,135
4730,IFNGR1,IFNGR1,0.000125,57
4731,IL-22R1,IL-22R1,0.000125,53
4732,hK2,hK2,0.000125,61
4733,BRAF,BRAF,0.000125,206
4734,DNA-PKcs,DNA-PKcs,0.000125,73
4735,CRM1,CRM1,0.000124,94
4736,CD155,CD155,0.000124,71
4737,PCSK9,PCSK9,0.000124,97
4738,CDK1,CDK1,0.000124,221
4739,PC4,PC4,0.000124,67
4740,Ret,Ret,0.000123,73
4741,PTPIP51,PTPIP51,0.000123,53
4742,fibrillin-1,fibrillin-1,0.000123,74
4743,ATPase,ATPase,0.000123,198
4744,MDA5,MDA5,0.000123,96
4745,uPAR,uPAR,0.000123,124
4746,TIMP-2,TIMP-2,0.000122,103
4747,rCBF,rCBF,0.000122,74
4748,IFIT1,IFIT1,0.000122,69
4749,XIAP,XIAP,0.000122,155
4750,ID4,ID4,0.000122,61
4751,HAI-2,HAI-2,0.000122,68
4752,B7-H3,B7-H3,0.000122,94
4753,pRb,pRb,0.000122,190
4754,Fgfr2,Fgfr2,0.000121,63
4755,GPR40,GPR40,0.000121,68
4756,BP180,BP180,0.000121,56
4757,EL4,EL4,0.000121,69
4758,PD-L1,PD-L1,0.000121,176
4759,p63,p63,0.000121,154
4760,LFA-1,LFA-1,0.000120,117
4761,March_1,March 1,0.000120,51
4762,CD203c,CD203c,0.000120,67
4763,CD166,CD166,0.000120,72
4764,TL1A,TL1A,0.000119,61
4765,CK5/6,CK5/6,0.000119,86
4766,FGFR3,FGFR3,0.000119,109
4767,beta5,beta5,0.000119,70
4768,RIF1,RIF1,0.000119,59
4769,p30,p30,0.000119,57
4770,AKAP12,AKAP12,0.000119,55
4771,DC-10,DC-10,0.000119,44
4772,OPCML,OPCML,0.000118,48
4773,MCP-2,MCP-2,0.000118,60
4774,TFF3,TFF3,0.000118,84
4775,MACC1,MACC1,0.000118,58
4776,CK19,CK19,0.000118,127
4777,ICA69,ICA69,0.000118,54
4778,N-SMase,N-SMase,0.000118,66
4779,CK8,CK8,0.000118,92
4780,Smac,Smac,0.000118,70
4781,IL-12Rb2,IL-12Rb2,0.000118,27
4782,NRP2,NRP2,0.000117,70
4783,E1b,E1b,0.000117,53
4784,FRZB,FRZB,0.000117,59
4785,MFG-E8,MFG-E8,0.000117,73
4786,nm23-H2,nm23-H2,0.000117,63
4787,IB1,IB1,0.000117,62
4788,CRALBP,CRALBP,0.000116,61
4789,GCKR,GCKR,0.000116,75
4790,DIF-3,DIF-3,0.000116,44
4791,Bcl-w,Bcl-w,0.000116,74
4792,ATP1A1,ATP1A1,0.000115,56
4793,AMCase,AMCase,0.000115,62
4794,ST11,ST11,0.000115,12
4795,SP-A,SP-A,0.000115,106
4796,ATP1A3,ATP1A3,0.000115,46
4797,hBD-2,hBD-2,0.000115,78
4798,p75,p75,0.000115,172
4799,VEGFR-1,VEGFR-1,0.000115,135
4800,myosin,myosin,0.000115,127
4801,JAM-A,JAM-A,0.000114,83
4802,ICOSL,ICOSL,0.000114,64
4803,TBX3,TBX3,0.000114,56
4804,mL-1,mL-1,0.000114,79
4805,survivin,survivin,0.000113,86
4806,p24,p24,0.000113,71
4807,NR2E3,NR2E3,0.000113,64
4808,DNA_ligase_III,DNA ligase III,0.000112,51
4809,Gli3,Gli3,0.000112,58
4810,GFI1,GFI1,0.000112,63
4811,PIBF,PIBF,0.000112,62
4812,Aurora_B,Aurora B,0.000111,117
4813,Ran,Ran,0.000111,85
4814,4-1BBL,4-1BBL,0.000111,59
4815,ACLY,ACLY,0.000111,70
4816,ISG15,ISG15,0.000111,76
4817,CT-1,CT-1,0.000110,76
4818,annexin_A2,annexin A2,0.000110,126
4819,SRC-1,SRC-1,0.000110,83
4820,APE1,APE1,0.000110,109
4821,apoE,apoE,0.000109,189
4822,Rictor,Rictor,0.000109,78
4823,RDH11,RDH11,0.000109,37
4824,apelin,apelin,0.000109,79
4825,hnRNP_A2,hnRNP A2,0.000109,55
4826,GLP-1R,GLP-1R,0.000109,74
4827,GPX4,GPX4,0.000109,67
4828,WT1,WT1,0.000108,183
4829,p33,p33,0.000108,79
4830,SMS1,SMS1,0.000108,62
4831,Rab13,Rab13,0.000108,45
4832,RPE65,RPE65,0.000108,82
4833,apoC-I,apoC-I,0.000108,69
4834,SND1,SND1,0.000108,63
4835,Snail,Snail,0.000107,197
4836,Serp-1,Serp-1,0.000107,28
4837,p10,p10,0.000107,71
4838,VEGFR2,VEGFR2,0.000107,271
4839,Lon,Lon,0.000107,73
4840,KIR3DL1,KIR3DL1,0.000107,58
4841,KITENIN,KITENIN,0.000107,44
4842,Metnase,Metnase,0.000107,40
4843,LIS1,LIS1,0.000107,62
4844,RPS23,RPS23,0.000107,33
4845,insulin_receptor,insulin receptor,0.000107,155
4846,SF-1,SF-1,0.000107,95
4847,BCOR,BCOR,0.000106,59
4848,CCN3,CCN3,0.000106,65
4849,p43,p43,0.000106,79
4850,Fyn,Fyn,0.000106,114
4851,L3-4,L3-4,0.000106,49
4852,RSK2,RSK2,0.000105,78
4853,K39,K39,0.000105,10
4854,Spi-B,Spi-B,0.000105,2
4855,MCP-1,MCP-1,0.000105,322
4856,CYP27A1,CYP27A1,0.000105,84
4857,TRA2B,TRA2B,0.000104,36
4858,LHbeta,LHbeta,0.000104,66
4859,TRalpha,TRalpha,0.000104,82
4860,ANKRD11,ANKRD11,0.000104,32
4861,BAMBI,BAMBI,0.000104,54
4862,CYP21A2,CYP21A2,0.000103,16
4863,SRSF2,SRSF2,0.000103,63
4864,AQP9,AQP9,0.000103,70
4865,CD90,CD90,0.000103,93
4866,SAA1,SAA1,0.000103,88
4867,CD160,CD160,0.000103,50
4868,CXCL9,CXCL9,0.000103,90
4869,MUC5AC,MUC5AC,0.000102,102
4870,Ser15,Ser15,0.000102,66
4871,COL1A2,COL1A2,0.000102,107
4872,PER1,PER1,0.000102,75
4873,RelB,RelB,0.000102,79
4874,RIP2,RIP2,0.000102,72
4875,TAP1,TAP1,0.000102,73
4876,NF1,NF1,0.000101,137
4877,CD9P-1,CD9P-1,0.000101,25
4878,FGFR2,FGFR2,0.000101,113
4879,IKKalpha,IKKalpha,0.000101,92
4880,GPNMB,GPNMB,0.000101,73
4881,AIPL1,AIPL1,0.000101,55
4882,CXCR2,CXCR2,0.000101,98
4883,B4GALT5,B4GALT5,0.000101,20
4884,GLT-1,GLT-1,0.000101,99
4885,SOX6,SOX6,0.000101,55
4886,SOX2,SOX2,0.000101,193
4887,LSD1,LSD1,0.000100,108
4888,TSGA10,TSGA10,0.000100,29
4889,LIFR,LIFR,0.000100,66
4890,LYST,LYST,0.000100,50
4891,prolidase,prolidase,0.000100,69
4892,NSD1,NSD1,0.000100,60
4893,ADRB2,ADRB2,0.000100,118
4894,YKL-39,YKL-39,0.000100,39
4895,CD63,CD63,0.000100,90
4896,TIGAR,TIGAR,0.000100,64
4897,Sema3E,Sema3E,0.000100,48
4898,MEK1/2,MEK1/2,0.000099,88
4899,TrxR1,TrxR1,0.000099,95
4900,NK1,NK1,0.000099,79
4901,VCAM-1,VCAM-1,0.000099,185
4902,NMBR,NMBR,0.000099,51
4903,ERRa,ERRa,0.000099,84
4904,Akt2,Akt2,0.000099,79
4905,MELK,MELK,0.000099,67
4906,p32,p32,0.000099,82
4907,NrCAM,NrCAM,0.000099,65
4908,MT-RNR1,MT-RNR1,0.000099,39
4909,YY1,YY1,0.000098,120
4910,Nogo-A,Nogo-A,0.000098,74
4911,p13,p13,0.000098,57
4912,PTPN14,PTPN14,0.000098,52
4913,rK39,rK39,0.000098,24
4914,IRF-1,IRF-1,0.000098,114
4915,Mi-2,Mi-2,0.000098,6
4916,Ly6C,Ly6C,0.000098,56
4917,ARS2,ARS2,0.000098,37
4918,CLOCK,CLOCK,0.000098,81
4919,sPLA2,sPLA2,0.000097,99
4920,pfmdr1,pfmdr1,0.000097,32
4921,CXCL13,CXCL13,0.000097,82
4922,GalR1,GalR1,0.000097,67
4923,BS69,BS69,0.000097,50
4924,Skp2,Skp2,0.000097,102
4925,FOG-2,FOG-2,0.000097,55
4926,PHF6,PHF6,0.000096,51
4927,hINV,hINV,0.000096,52
4928,Blimp-1,Blimp-1,0.000096,89
4929,TRIM33,TRIM33,0.000096,51
4930,Iba1,Iba1,0.000096,70
4931,Pax6,Pax6,0.000096,108
4932,Bad,Bad,0.000095,99
4933,PCA3,PCA3,0.000095,62
4934,CD151,CD151,0.000095,66
4935,CDK4/6,CDK4/6,0.000095,69
4936,PP6R1,PP6R1,0.000095,11
4937,MASP-2,MASP-2,0.000095,63
4938,TRPC3,TRPC3,0.000095,79
4939,glypican-1,glypican-1,0.000095,68
4940,JAK2,JAK2,0.000094,196
4941,MCM6,MCM6,0.000094,56
4942,Ucn2,Ucn2,0.000094,65
4943,USP18,USP18,0.000094,55
4944,Raf,Raf,0.000094,92
4945,YKL-40,YKL-40,0.000094,114
4946,PSGL-1,PSGL-1,0.000094,76
4947,GLS2,GLS2,0.000094,68
4948,PTX3,PTX3,0.000094,107
4949,TFPI-2,TFPI-2,0.000093,80
4950,CDKN2A/B,CDKN2A/B,0.000093,51
4951,HTR2A,HTR2A,0.000093,83
4952,NF-L,NF-L,0.000093,96
4953,ADAMTS1,ADAMTS1,0.000093,74
4954,KIF9,KIF9,0.000093,3
4955,CREST,CREST,0.000093,24
4956,CD49f,CD49f,0.000093,77
4957,HSP105,HSP105,0.000093,52
4958,MafG,MafG,0.000092,58
4959,KCNJ10,KCNJ10,0.000092,31
4960,LMP7,LMP7,0.000092,62
4961,Gas6,Gas6,0.000092,79
4962,CCT8,CCT8,0.000092,28
4963,GLO1,GLO1,0.000092,76
4964,STC1,STC1,0.000092,77
4965,arm_2,arm 2,0.000092,64
4966,apoB,apoB,0.000091,136
4967,CACNA1S,CACNA1S,0.000091,64
4968,IDH3A,IDH3A,0.000091,31
4969,OCA2,OCA2,0.000091,60
4970,GPR56,GPR56,0.000091,52
4971,DRB1,DRB1,0.000091,105
4972,TPM3,TPM3,0.000091,82
4973,SIX3,SIX3,0.000091,49
4974,CA12,CA12,0.000091,63
4975,KLF13,KLF13,0.000091,49
4976,mGluR3,mGluR3,0.000091,65
4977,SURF1,SURF1,0.000091,42
4978,IDH1,IDH1,0.000090,121
4979,STAT6,STAT6,0.000090,120
4980,CXCR4,CXCR4,0.000090,245
4981,ZFP57,ZFP57,0.000090,29
4982,ApoE,ApoE,0.000090,43
4983,IL28B,IL28B,0.000090,70
4984,LC3B,LC3B,0.000090,75
4985,CNGA3,CNGA3,0.000090,64
4986,UBE2S,UBE2S,0.000090,38
4987,IRF3,IRF3,0.000089,117
4988,mPR3,mPR3,0.000089,49
4989,SHP-2,SHP-2,0.000089,129
4990,ALDH1A3,ALDH1A3,0.000089,67
4991,galectin-3,galectin-3,0.000089,137
4992,HMGN2,HMGN2,0.000089,4
4993,MyoD,MyoD,0.000089,152
4994,GSK-3b,GSK-3b,0.000089,86
4995,caspase-9,caspase-9,0.000089,128
4996,miR-206,miR-206,0.000089,105
4997,Env,Env,0.000089,83
4998,ANXA2,ANXA2,0.000088,65
4999,PGAM1,PGAM1,0.000088,58
5000,TRIM3,TRIM3,0.000088,46
5001,maspin,maspin,0.000088,82
5002,OPA1,OPA1,0.000088,63
5003,SASH1,SASH1,0.000088,53
5004,Jagged1,Jagged1,0.000088,112
5005,RCC2,RCC2,0.000088,39
5006,DcR3,DcR3,0.000087,63
5007,Gal-9,Gal-9,0.000087,77
5008,XBP1,XBP1,0.000087,89
5009,TINCR,TINCR,0.000087,48
5010,Dectin-1,Dectin-1,0.000087,72
5011,Chk1,Chk1,0.000087,129
5012,USH2A,USH2A,0.000087,63
5013,SLP-2,SLP-2,0.000087,47
5014,ANXA1,ANXA1,0.000087,108
5015,NLRP1,NLRP1,0.000087,68
5016,p29,p29,0.000087,66
5017,CTRP1,CTRP1,0.000086,58
5018,RECK,RECK,0.000086,81
5019,tenascin-C,tenascin-C,0.000086,72
5020,MEK2,MEK2,0.000086,72
5021,Xin,Xin,0.000086,43
5022,ELF3,ELF3,0.000086,69
5023,A10,A10,0.000086,62
5024,Robo1,Robo1,0.000086,62
5025,Tfr2,Tfr2,0.000086,51
5026,miR-195,miR-195,0.000086,111
5027,KLHL7,KLHL7,0.000086,16
5028,SCAPER,SCAPER,0.000086,17
5029,MUC1,MUC1,0.000086,148
5030,DDB1,DDB1,0.000085,63
5031,TGFBR1,TGFBR1,0.000085,96
5032,SOX10,SOX10,0.000085,90
5033,CXCL16,CXCL16,0.000085,77
5034,miR-223,miR-223,0.000085,110
5035,PPARa,PPARa,0.000085,142
5036,GNB3,GNB3,0.000085,60
5037,MAGE-A3,MAGE-A3,0.000085,76
5038,miR-205,miR-205,0.000085,105
5039,FBN1,FBN1,0.000085,94
5040,STAT1,STAT1,0.000085,192
5041,LRP6,LRP6,0.000085,94
5042,Runx2,Runx2,0.000084,200
5043,ANK1,ANK1,0.000084,61
5044,NKp44,NKp44,0.000084,51
5045,HO-1,HO-1,0.000084,285
5046,FPN1,FPN1,0.000084,63
5047,JAK1/2,JAK1/2,0.000084,57
5048,MAO-A,MAO-A,0.000084,114
5049,SOX7,SOX7,0.000084,56
5050,miR-122,miR-122,0.000084,100
5051,SLC25A1,SLC25A1,0.000084,1
5052,TRIM31,TRIM31,0.000083,44
5053,DRD5,DRD5,0.000083,64
5054,NPRL2,NPRL2,0.000083,52
5055,C21orf2,C21orf2,0.000083,28
5056,HRD1,HRD1,0.000083,74
5057,ADAM8,ADAM8,0.000083,67
5058,PHKA2,PHKA2,0.000083,19
5059,CPT-11,CPT-11,0.000083,100
5060,SCARNA22,SCARNA22,0.000083,8
5061,Myf5,Myf5,0.000083,66
5062,CDK4,CDK4,0.000083,163
5063,dMi-2,dMi-2,0.000082,33
5064,VAT-1,VAT-1,0.000082,21
5065,TRPC6,TRPC6,0.000082,86
5066,ADAM12,ADAM12,0.000082,66
5067,SLFN5,SLFN5,0.000082,23
5068,SHP-1,SHP-1,0.000082,101
5069,IFITM1,IFITM1,0.000082,56
5070,DLL1,DLL1,0.000081,79
5071,ECEL1,ECEL1,0.000081,43
5072,SOX2OT,SOX2OT,0.000081,48
5073,WNT10B,WNT10B,0.000081,59
5074,LRPPRC,LRPPRC,0.000081,50
5075,hTR,hTR,0.000081,82
5076,DNA_polymerase_alpha,DNA polymerase alpha,0.000081,84
5077,Foxf1,Foxf1,0.000081,52
5078,VP16,VP16,0.000081,99
5079,A-Raf,A-Raf,0.000081,55
5080,SEMA6A,SEMA6A,0.000081,49
5081,FOXE3,FOXE3,0.000081,39
5082,MTMR2,MTMR2,0.000081,46
5083,BATF3,BATF3,0.000081,35
5084,Dlk1,Dlk1,0.000080,58
5085,OSR1,OSR1,0.000080,68
5086,LIN28,LIN28,0.000080,73
5087,galectin-1,galectin-1,0.000080,123
5088,CDH3,CDH3,0.000080,63
5089,TOP2B,TOP2B,0.000080,63
5090,ARL2,ARL2,0.000080,44
5091,Ph1,Ph1,0.000080,74
5092,TASK-3,TASK-3,0.000080,66
5093,MLH1,MLH1,0.000080,102
5094,NUDT21,NUDT21,0.000080,43
5095,MuRF1,MuRF1,0.000080,73
5096,PGM1,PGM1,0.000080,61
5097,SPARC,SPARC,0.000080,101
5098,fibulin-2,fibulin-2,0.000080,58
5099,CYTB,CYTB,0.000080,40
5100,MT1A,MT1A,0.000080,61
5101,MASP-1,MASP-1,0.000080,68
5102,HSF1,HSF1,0.000080,109
5103,PP1alpha,PP1alpha,0.000080,59
5104,MEG3,MEG3,0.000080,91
5105,Tollip,Tollip,0.000079,59
5106,PIAS1,PIAS1,0.000079,68
5107,RDH5,RDH5,0.000079,38
5108,RSPO1,RSPO1,0.000079,51
5109,SPATA7,SPATA7,0.000079,27
5110,7B2,7B2,0.000079,52
5111,CDK5RAP2,CDK5RAP2,0.000079,53
5112,dTpa,dTpa,0.000079,15
5113,AT1,AT1,0.000079,117
5114,Ang-1,Ang-1,0.000079,103
5115,COP1,COP1,0.000078,61
5116,BNIP3,BNIP3,0.000078,91
5117,LKB1,LKB1,0.000078,113
5118,Hsp90,Hsp90,0.000078,211
5119,GK5,GK5,0.000078,8
5120,IGFBP7,IGFBP7,0.000078,73
5121,TRAF5,TRAF5,0.000078,57
5122,Dectin-2,Dectin-2,0.000078,49
5123,HMGB2,HMGB2,0.000078,55
5124,Bak,Bak,0.000078,90
5125,syn,syn,0.000078,71
5126,GRIM-19,GRIM-19,0.000077,53
5127,HOXD13,HOXD13,0.000077,64
5128,Spy1,Spy1,0.000077,45
5129,OFD1,OFD1,0.000077,36
5130,syndecan-4,syndecan-4,0.000077,87
5131,Notch3,Notch3,0.000077,116
5132,SIRT3,SIRT3,0.000077,95
5133,GPSM2,GPSM2,0.000077,48
5134,CEACAM1,CEACAM1,0.000077,79
5135,AC6,AC6,0.000077,61
5136,Fra-1,Fra-1,0.000077,96
5137,Kalirin,Kalirin,0.000077,55
5138,CCN1,CCN1,0.000077,60
5139,GADD45A,GADD45A,0.000077,84
5140,ADAMTS-5,ADAMTS-5,0.000076,75
5141,Rad,Rad,0.000076,69
5142,N-myc,N-myc,0.000076,69
5143,MFAP4,MFAP4,0.000076,31
5144,WDFY4,WDFY4,0.000076,21
5145,KIM-1,KIM-1,0.000076,81
5146,PGD2,PGD2,0.000076,89
5147,ARPP-19,ARPP-19,0.000076,17
5148,AQP3,AQP3,0.000076,83
5149,DDAH1,DDAH1,0.000076,44
5150,FIH-1,FIH-1,0.000076,66
5151,ECE-1,ECE-1,0.000076,69
5152,Hsp20,Hsp20,0.000076,61
5153,IRF6,IRF6,0.000075,67
5154,DAP10,DAP10,0.000075,40
5155,CXCL10,CXCL10,0.000075,86
5156,KIF23,KIF23,0.000075,50
5157,tankyrase,tankyrase,0.000075,69
5158,IGF2BP1,IGF2BP1,0.000075,74
5159,TRPM1,TRPM1,0.000075,63
5160,DYNC2H1,DYNC2H1,0.000075,23
5161,miR-149,miR-149,0.000075,77
5162,Wnt7a,Wnt7a,0.000075,56
5163,OAS1,OAS1,0.000075,51
5164,ENOPH1,ENOPH1,0.000075,16
5165,ANRIL,ANRIL,0.000075,67
5166,FOXO3a,FOXO3a,0.000075,149
5167,Tim-3,Tim-3,0.000075,78
5168,LRP4,LRP4,0.000075,52
5169,CD48,CD48,0.000075,59
5170,miR-21,miR-21,0.000075,228
5171,PON1,PON1,0.000075,142
5172,PTK7,PTK7,0.000075,72
5173,TBX2,TBX2,0.000074,58
5174,FXR1,FXR1,0.000074,49
5175,Panx1,Panx1,0.000074,87
5176,ALK2,ALK2,0.000074,77
5177,TIPE2,TIPE2,0.000074,55
5178,ROM1,ROM1,0.000074,26
5179,AIB1,AIB1,0.000074,70
5180,NBS1,NBS1,0.000074,94
5181,P2X7R,P2X7R,0.000074,71
5182,Oct-1,Oct-1,0.000074,79
5183,Jab1,Jab1,0.000074,75
5184,Drp1,Drp1,0.000074,107
5185,HSP27,HSP27,0.000074,163
5186,USP22,USP22,0.000074,63
5187,HOXA11-AS,HOXA11-AS,0.000074,38
5188,SCP-2,SCP-2,0.000074,71
5189,TIMP-4,TIMP-4,0.000074,63
5190,CYP4B1,CYP4B1,0.000074,65
5191,AKR7A2,AKR7A2,0.000073,44
5192,PEX1,PEX1,0.000073,67
5193,CINC-1,CINC-1,0.000073,65
5194,SLC37A4,SLC37A4,0.000073,50
5195,claudin-11,claudin-11,0.000073,57
5196,CRFR1,CRFR1,0.000073,68
5197,Fus1,Fus1,0.000073,17
5198,SLC7A3,SLC7A3,0.000073,28
5199,Olig2,Olig2,0.000073,85
5200,ALDH2,ALDH2,0.000073,95
5201,GPR124,GPR124,0.000073,33
5202,miR-15a,miR-15a,0.000073,84
5203,Wnt5a,Wnt5a,0.000073,134
5204,Ngn3,Ngn3,0.000073,73
5205,CXCR3,CXCR3,0.000073,103
5206,Pdx1,Pdx1,0.000073,82
5207,miR-137,miR-137,0.000073,93
5208,NOVA1,NOVA1,0.000073,46
5209,CDH4,CDH4,0.000073,42
5210,RalA,RalA,0.000073,85
5211,ZAR1,ZAR1,0.000073,31
5212,STIM1,STIM1,0.000073,94
5213,miR-1202,miR-1202,0.000073,26
5214,LMOD3,LMOD3,0.000072,7
5215,RSU-1,RSU-1,0.000072,46
5216,ErbB4,ErbB4,0.000072,68
5217,PKP2,PKP2,0.000072,52
5218,ARHGAP5,ARHGAP5,0.000072,45
5219,FABP4,FABP4,0.000072,79
5220,PEPT1,PEPT1,0.000072,83
5221,DNase_X,DNase X,0.000072,11
5222,Nell-1,Nell-1,0.000072,44
5223,Apaf-1,Apaf-1,0.000072,85
5224,CRMP5,CRMP5,0.000072,49
5225,TCP1,TCP1,0.000072,51
5226,SCCRO,SCCRO,0.000072,53
5227,MERTK,MERTK,0.000072,80
5228,5T4,5T4,0.000072,46
5229,miR-132,miR-132,0.000071,104
5230,ET-3,ET-3,0.000071,74
5231,ATF2,ATF2,0.000071,85
5232,CENP-E,CENP-E,0.000071,64
5233,SRD5A2,SRD5A2,0.000071,64
5234,ADAR1,ADAR1,0.000071,72
5235,caspase-8,caspase-8,0.000071,164
5236,WFS1,WFS1,0.000071,70
5237,ABCA12,ABCA12,0.000071,66
5238,TRIM37,TRIM37,0.000071,33
5239,CRLF2,CRLF2,0.000071,56
5240,DPB1,DPB1,0.000071,72
5241,FoxM1,FoxM1,0.000071,68
5242,JunB,JunB,0.000071,66
5243,DHCR24,DHCR24,0.000071,65
5244,Gab2,Gab2,0.000071,73
5245,HCG11,HCG11,0.000070,16
5246,programmed_cell_death_protein_1,programmed cell death protein 1,0.000070,47
5247,CPA4,CPA4,0.000070,33
5248,Pim-1,Pim-1,0.000070,109
5249,ORC1,ORC1,0.000070,49
5250,Phgdh,Phgdh,0.000070,37
5251,FGF3,FGF3,0.000070,54
5252,LYVE-1,LYVE-1,0.000070,73
5253,AGR2,AGR2,0.000070,64
5254,miR-33a,miR-33a,0.000070,68
5255,TWIST1,TWIST1,0.000070,153
5256,ZBTB20,ZBTB20,0.000070,46
5257,CXCR7,CXCR7,0.000070,80
5258,ALDH1,ALDH1,0.000070,116
5259,let-7b,let-7b,0.000070,90
5260,PPP2R2B,PPP2R2B,0.000070,45
5261,Tara,Tara,0.000069,39
5262,CREPT,CREPT,0.000069,43
5263,GNAT2,GNAT2,0.000069,19
5264,CD1d,CD1d,0.000069,85
5265,CUL4A,CUL4A,0.000069,58
5266,FAT1,FAT1,0.000069,75
5267,RTEL1,RTEL1,0.000069,49
5268,STAT2,STAT2,0.000069,64
5269,Sin3A,Sin3A,0.000069,54
5270,GAT-3,GAT-3,0.000069,50
5271,miR-182,miR-182,0.000069,85
5272,miR-210,miR-210,0.000069,88
5273,SENP6,SENP6,0.000069,41
5274,PFKFB4,PFKFB4,0.000069,50
5275,Wee1,Wee1,0.000069,79
5276,CX3CR1,CX3CR1,0.000069,93
5277,USH1C,USH1C,0.000069,51
5278,iASPP,iASPP,0.000069,56
5279,HOXD3,HOXD3,0.000069,46
5280,DJ-1,DJ-1,0.000069,99
5281,NTPDase2,NTPDase2,0.000069,61
5282,Dach1,Dach1,0.000069,49
5283,KChIP2,KChIP2,0.000068,59
5284,US11,US11,0.000068,44
5285,miR-130a,miR-130a,0.000068,78
5286,let-7c,let-7c,0.000068,59
5287,ACBD5,ACBD5,0.000068,8
5288,API5,API5,0.000068,50
5289,EF5,EF5,0.000068,26
5290,LAMB2,LAMB2,0.000068,44
5291,STAT5,STAT5,0.000068,133
5292,BEX2,BEX2,0.000068,49
5293,ASMase,ASMase,0.000068,69
5294,ANT1,ANT1,0.000068,63
5295,SIRT6,SIRT6,0.000068,83
5296,miR-544,miR-544,0.000068,50
5297,miR-375,miR-375,0.000068,87
5298,HMGA2,HMGA2,0.000067,132
5299,PP5,PP5,0.000067,70
5300,ANGPTL6,ANGPTL6,0.000067,28
5301,DUX4,DUX4,0.000067,47
5302,TSPAN8,TSPAN8,0.000067,53
5303,PAX3,PAX3,0.000067,79
5304,miR-1,miR-1,0.000067,77
5305,PKD2,PKD2,0.000067,78
5306,AEG-1,AEG-1,0.000067,118
5307,calpain-1,calpain-1,0.000067,79
5308,miR-26b,miR-26b,0.000067,70
5309,SOX9,SOX9,0.000067,149
5310,miR-633,miR-633,0.000067,7
5311,calpain-2,calpain-2,0.000067,51
5312,DYRK1A,DYRK1A,0.000067,99
5313,Six1,Six1,0.000067,54
5314,miR-543,miR-543,0.000067,57
5315,COL3A1,COL3A1,0.000067,76
5316,KCNA10,KCNA10,0.000067,9
5317,HOXC9,HOXC9,0.000067,49
5318,PROK2,PROK2,0.000067,60
5319,H3F3A,H3F3A,0.000067,55
5320,miR-539,miR-539,0.000067,53
5321,TM4SF1,TM4SF1,0.000066,57
5322,SESN2,SESN2,0.000066,72
5323,MBD3,MBD3,0.000066,51
5324,PITX2,PITX2,0.000066,96
5325,POMGnT1,POMGnT1,0.000066,47
5326,NUF2,NUF2,0.000066,49
5327,STAT3,STAT3,0.000066,665
5328,ASS1,ASS1,0.000066,72
5329,miR-34a,miR-34a,0.000066,140
5330,miR-940,miR-940,0.000066,50
5331,ENPP1,ENPP1,0.000066,72
5332,miR-17,miR-17,0.000066,98
5333,miR-145,miR-145,0.000066,126
5334,EAAT4,EAAT4,0.000066,47
5335,ABCC6,ABCC6,0.000065,67
5336,PCBP2,PCBP2,0.000065,56
5337,SCN1B,SCN1B,0.000065,68
5338,hPrt1,hPrt1,0.000065,28
5339,IRF5,IRF5,0.000065,70
5340,CysLT1,CysLT1,0.000065,73
5341,SIX1,SIX1,0.000065,74
5342,miR-136,miR-136,0.000065,57
5343,miR-152,miR-152,0.000065,63
5344,GAS1,GAS1,0.000065,52
5345,miR-215,miR-215,0.000065,37
5346,RP1L1,RP1L1,0.000065,40
5347,p11,p11,0.000065,63
5348,SOX11,SOX11,0.000065,59
5349,RUNX1,RUNX1,0.000065,119
5350,ADORA1,ADORA1,0.000065,61
5351,Bnip3,Bnip3,0.000064,59
5352,miR-154,miR-154,0.000064,58
5353,Atox1,Atox1,0.000064,70
5354,CADM1,CADM1,0.000064,73
5355,UHRF2,UHRF2,0.000064,52
5356,CYP1B1,CYP1B1,0.000064,107
5357,DSG2,DSG2,0.000064,59
5358,CHD7,CHD7,0.000064,72
5359,MUC5B,MUC5B,0.000064,75
5360,PKCdelta,PKCdelta,0.000064,108
5361,USP7,USP7,0.000064,78
5362,FAM46A,FAM46A,0.000064,20
5363,A16,A16,0.000064,34
5364,miR-31,miR-31,0.000064,94
5365,ADAMTSL4,ADAMTSL4,0.000064,12
5366,PROS1,PROS1,0.000064,56
5367,WBP2,WBP2,0.000064,44
5368,Kip1,Kip1,0.000064,130
5369,miR-650,miR-650,0.000064,54
5370,WNT7B,WNT7B,0.000064,54
5371,MCPH1,MCPH1,0.000064,54
5372,miR-421,miR-421,0.000064,56
5373,S1PR2,S1PR2,0.000064,66
5374,NLRP12,NLRP12,0.000064,58
5375,AKR1C3,AKR1C3,0.000064,71
5376,MYPT1,MYPT1,0.000064,74
5377,ELTD1,ELTD1,0.000064,33
5378,miR-761,miR-761,0.000064,46
5379,POP1,POP1,0.000064,29
5380,HSP60,HSP60,0.000064,122
5381,miR-98,miR-98,0.000063,63
5382,GFPT1,GFPT1,0.000063,69
5383,miR-134,miR-134,0.000063,74
5384,DAX-1,DAX-1,0.000063,80
5385,PAX8,PAX8,0.000063,79
5386,ATF3,ATF3,0.000063,108
5387,NEIL1,NEIL1,0.000063,65
5388,p23,p23,0.000063,68
5389,miR-7,miR-7,0.000063,87
5390,CXCL11,CXCL11,0.000063,80
5391,CXCL2,CXCL2,0.000063,73
5392,miR-622,miR-622,0.000063,47
5393,USP1,USP1,0.000063,59
5394,miR-1294,miR-1294,0.000063,36
5395,aFGF,aFGF,0.000063,75
5396,RhoGDI,RhoGDI,0.000063,67
5397,IRAK2,IRAK2,0.000063,41
5398,KCNQ1,KCNQ1,0.000063,112
5399,miR-383,miR-383,0.000063,53
5400,SKA1,SKA1,0.000063,48
5401,HOST2,HOST2,0.000063,37
5402,BCL2L12,BCL2L12,0.000063,55
5403,miR-197,miR-197,0.000063,59
5404,SCN3B,SCN3B,0.000062,36
5405,NOS1AP,NOS1AP,0.000062,61
5406,miR-361-5p,miR-361-5p,0.000062,47
5407,miR-183,miR-183,0.000062,71
5408,EMP2,EMP2,0.000062,56
5409,GLUT5,GLUT5,0.000062,65
5410,miR-185,miR-185,0.000062,60
5411,miR-146a,miR-146a,0.000062,124
5412,CUL1,CUL1,0.000062,60
5413,atrogin-1,atrogin-1,0.000062,73
5414,miR-23b,miR-23b,0.000062,73
5415,napsin_A,napsin A,0.000062,55
5416,COL2A1,COL2A1,0.000062,75
5417,Cip1,Cip1,0.000062,53
5418,FABP5,FABP5,0.000062,70
5419,HOXA11,HOXA11,0.000062,51
5420,mTORC2,mTORC2,0.000062,92
5421,ITGA7,ITGA7,0.000062,46
5422,BCAR4,BCAR4,0.000062,45
5423,HDAC3,HDAC3,0.000062,106
5424,SphK1,SphK1,0.000062,113
5425,Ihh,Ihh,0.000062,60
5426,caveolin-1,caveolin-1,0.000062,193
5427,HPP1,HPP1,0.000062,57
5428,CBF1,CBF1,0.000062,76
5429,iPLA2,iPLA2,0.000062,70
5430,miR-1275,miR-1275,0.000061,48
5431,RIZ1,RIZ1,0.000061,76
5432,VPS13A,VPS13A,0.000061,52
5433,MST3,MST3,0.000061,63
5434,SIRT5,SIRT5,0.000061,63
5435,Dab2,Dab2,0.000061,72
5436,LGI1,LGI1,0.000061,60
5437,miR-155,miR-155,0.000061,151
5438,BACE1,BACE1,0.000061,91
5439,RIMS1,RIMS1,0.000061,37
5440,miR-16-1,miR-16-1,0.000061,57
5441,ATF6,ATF6,0.000061,92
5442,miR-449a,miR-449a,0.000061,69
5443,miR-142,miR-142,0.000061,55
5444,NPC1,NPC1,0.000061,79
5445,miR-222,miR-222,0.000061,86
5446,miR-599,miR-599,0.000061,39
5447,DBCCR1,DBCCR1,0.000061,29
5448,ERK5,ERK5,0.000061,77
5449,ephrin-A1,ephrin-A1,0.000061,65
5450,RCAN1,RCAN1,0.000060,70
5451,HMGB1,HMGB1,0.000060,218
5452,GPX1,GPX1,0.000060,89
5453,EFA6,EFA6,0.000060,43
5454,ADAM9,ADAM9,0.000060,77
5455,FLVCR1,FLVCR1,0.000060,33
5456,SMUG1,SMUG1,0.000060,61
5457,miR-200b,miR-200b,0.000060,85
5458,Arl13b,Arl13b,0.000060,50
5459,TELO2,TELO2,0.000060,23
5460,BTG1,BTG1,0.000060,53
5461,SNHG16,SNHG16,0.000060,49
5462,JMJD6,JMJD6,0.000060,69
5463,ALKBH2,ALKBH2,0.000060,47
5464,miR-133b,miR-133b,0.000060,78
5465,CRNDE,CRNDE,0.000060,59
5466,Rac2,Rac2,0.000060,71
5467,SSTR2,SSTR2,0.000060,87
5468,STK4,STK4,0.000060,48
5469,VILIP-1,VILIP-1,0.000060,61
5470,Rab1,Rab1,0.000060,80
5471,NKp46,NKp46,0.000060,62
5472,HtrA3,HtrA3,0.000060,55
5473,SPRY2,SPRY2,0.000060,78
5474,Rad51,Rad51,0.000060,69
5475,PRPF4,PRPF4,0.000060,25
5476,MCT2,MCT2,0.000059,72
5477,SCD1,SCD1,0.000059,92
5478,DQB1,DQB1,0.000059,80
5479,VGLUT1,VGLUT1,0.000059,72
5480,SRPX2,SRPX2,0.000059,42
5481,GATA2,GATA2,0.000059,77
5482,miR-577,miR-577,0.000059,46
5483,MT1E,MT1E,0.000059,64
5484,PDE5,PDE5,0.000059,88
5485,miR-451,miR-451,0.000059,90
5486,DLL4,DLL4,0.000059,81
5487,claudin-4,claudin-4,0.000059,71
5488,MEN1,MEN1,0.000059,104
5489,MIG6,MIG6,0.000059,62
5490,HOXA1,HOXA1,0.000059,69
5491,KLK1,KLK1,0.000059,63
5492,NDRG1,NDRG1,0.000059,79
5493,Rab31,Rab31,0.000059,49
5494,KIF20A,KIF20A,0.000059,56
5495,GHET1,GHET1,0.000059,34
5496,miR-382,miR-382,0.000059,47
5497,LINGO-1,LINGO-1,0.000059,60
5498,XEDAR,XEDAR,0.000059,44
5499,CEACAM6,CEACAM6,0.000059,73
5500,HDAC6,HDAC6,0.000059,104
5501,CABP4,CABP4,0.000059,16
5502,miR-1297,miR-1297,0.000059,45
5503,SNHG15,SNHG15,0.000059,40
5504,TMPRSS3,TMPRSS3,0.000059,52
5505,p48,p48,0.000059,62
5506,GRK5,GRK5,0.000059,79
5507,miR-148a,miR-148a,0.000059,71
5508,BUB1,BUB1,0.000059,77
5509,EphA3,EphA3,0.000059,72
5510,miR-489,miR-489,0.000059,52
5511,SOX5,SOX5,0.000059,57
5512,SCA7,SCA7,0.000059,66
5513,CrkL,CrkL,0.000059,72
5514,hENT3,hENT3,0.000059,54
5515,MNK1,MNK1,0.000059,33
5516,Rap2B,Rap2B,0.000059,57
5517,Pex13p,Pex13p,0.000058,45
5518,ACTL8,ACTL8,0.000058,10
5519,CCAT2,CCAT2,0.000058,53
5520,NPHP4,NPHP4,0.000058,27
5521,HTRA1,HTRA1,0.000058,74
5522,LFA-3,LFA-3,0.000058,76
5523,miR,miR,0.000058,85
5524,PBX3,PBX3,0.000058,50
5525,GLUT2,GLUT2,0.000058,99
5526,NRG1,NRG1,0.000058,96
5527,CACNA2D3,CACNA2D3,0.000058,29
5528,ACSL5,ACSL5,0.000058,59
5529,SIRT1,SIRT1,0.000058,243
5530,PLCbeta1,PLCbeta1,0.000058,61
5531,IGF2BP3,IGF2BP3,0.000058,55
5532,miR-452,miR-452,0.000058,54
5533,E2F7,E2F7,0.000058,49
5534,miR-494,miR-494,0.000058,74
5535,ANKRD6,ANKRD6,0.000058,14
5536,PGK1,PGK1,0.000058,69
5537,HOXB1,HOXB1,0.000058,27
5538,VDAC2,VDAC2,0.000058,55
5539,NEAT1,NEAT1,0.000058,81
5540,GLI3,GLI3,0.000058,69
5541,SSRP1,SSRP1,0.000058,57
5542,ATP7A,ATP7A,0.000058,83
5543,NUSAP1,NUSAP1,0.000058,53
5544,GLI1,GLI1,0.000058,143
5545,eIF2,eIF2,0.000058,70
5546,SCN4A,SCN4A,0.000058,70
5547,KLF6,KLF6,0.000057,81
5548,PHLPP1,PHLPP1,0.000057,60
5549,FOXG1,FOXG1,0.000057,73
5550,MCT4,MCT4,0.000057,74
5551,PDK1,PDK1,0.000057,117
5552,miR-564,miR-564,0.000057,43
5553,rds,rds,0.000057,55
5554,PRG4,PRG4,0.000057,63
5555,SCN2B,SCN2B,0.000057,44
5556,IP6K1,IP6K1,0.000057,41
5557,HDAC1,HDAC1,0.000057,137
5558,SOCS1,SOCS1,0.000057,99
5559,DNMT1,DNMT1,0.000057,175
5560,TET1,TET1,0.000057,79
5561,OX40L,OX40L,0.000057,86
5562,HIPK3,HIPK3,0.000057,42
5563,CPEB1,CPEB1,0.000057,57
5564,HSP47,HSP47,0.000057,87
5565,MAGE-C1,MAGE-C1,0.000057,53
5566,HESX1,HESX1,0.000057,58
5567,SSTR3,SSTR3,0.000057,80
5568,EZH2,EZH2,0.000057,265
5569,IQSEC2,IQSEC2,0.000057,43
5570,GlyT1,GlyT1,0.000057,71
5571,JDP2,JDP2,0.000057,60
5572,DNASE1L3,DNASE1L3,0.000057,47
5573,GRK1,GRK1,0.000057,61
5574,miR-625,miR-625,0.000057,42
5575,METTL3,METTL3,0.000057,60
5576,CLDN11,CLDN11,0.000057,19
5577,NEDD9,NEDD9,0.000057,70
5578,miR-107,miR-107,0.000057,77
5579,DKK3,DKK3,0.000057,73
5580,TAC4,TAC4,0.000057,13
5581,BRMS1L,BRMS1L,0.000057,29
5582,Spry2,Spry2,0.000057,57
5583,CASC11,CASC11,0.000057,46
5584,NDRG4,NDRG4,0.000057,54
5585,UBE2C,UBE2C,0.000057,71
5586,MALAT1,MALAT1,0.000056,111
5587,Etk,Etk,0.000056,71
5588,Pax7,Pax7,0.000056,71
5589,NEU3,NEU3,0.000056,66
5590,Zic1,Zic1,0.000056,49
5591,ANXA4,ANXA4,0.000056,60
5592,miR-181c,miR-181c,0.000056,59
5593,miR-93,miR-93,0.000056,78
5594,PFKFB3,PFKFB3,0.000056,72
5595,miR-16,miR-16,0.000056,93
5596,miR-26a,miR-26a,0.000056,96
5597,PRDX3,PRDX3,0.000056,66
5598,CHMP2A,CHMP2A,0.000056,43
5599,CCDC26,CCDC26,0.000056,37
5600,OGG1,OGG1,0.000056,89
5601,LPCAT1,LPCAT1,0.000056,65
5602,miR-506,miR-506,0.000056,60
5603,PCDH15,PCDH15,0.000056,67
5604,JARID1B,JARID1B,0.000056,62
5605,BRG1,BRG1,0.000056,105
5606,eIF4E,eIF4E,0.000056,111
5607,JNK3,JNK3,0.000056,64
5608,MUC4,MUC4,0.000056,79
5609,THBS2,THBS2,0.000056,54
5610,Pygo2,Pygo2,0.000056,52
5611,RFX1,RFX1,0.000056,64
5612,miR-10a,miR-10a,0.000056,75
5613,netrin-1,netrin-1,0.000056,86
5614,PRUNE2,PRUNE2,0.000056,41
5615,LGR5,LGR5,0.000056,71
5616,Wnt3a,Wnt3a,0.000056,115
5617,miR-592,miR-592,0.000056,48
5618,miR-27a,miR-27a,0.000056,100
5619,ERCC1,ERCC1,0.000056,112
5620,AJAP1,AJAP1,0.000056,35
5621,miR-29a,miR-29a,0.000056,99
5622,ESM1,ESM1,0.000056,25
5623,LAP3,LAP3,0.000056,45
5624,TRPV2,TRPV2,0.000056,73
5625,SEMA5A,SEMA5A,0.000056,52
5626,CCDC6,CCDC6,0.000056,53
5627,Smurf1,Smurf1,0.000056,78
5628,miR-374a,miR-374a,0.000056,57
5629,RECQL4,RECQL4,0.000056,60
5630,miR-328,miR-328,0.000055,53
5631,PRMT1,PRMT1,0.000055,90
5632,HSS1,HSS1,0.000055,14
5633,KLF4,KLF4,0.000055,127
5634,CRY1,CRY1,0.000055,62
5635,SORL1,SORL1,0.000055,63
5636,miR-302,miR-302,0.000055,37
5637,miR-708,miR-708,0.000055,51
5638,LOXL2,LOXL2,0.000055,69
5639,miR-378,miR-378,0.000055,83
5640,HOXD4,HOXD4,0.000055,21
5641,EphA2,EphA2,0.000055,115
5642,CAPN6,CAPN6,0.000055,47
5643,HIPK2,HIPK2,0.000055,76
5644,SH2B3,SH2B3,0.000055,59
5645,prcd,prcd,0.000055,3
5646,FBXW7,FBXW7,0.000055,100
5647,HOXA9,HOXA9,0.000055,99
5648,GBP2,GBP2,0.000055,43
5649,REV1,REV1,0.000055,59
5650,miR-448,miR-448,0.000055,59
5651,LTBP2,LTBP2,0.000055,16
5652,Rab3D,Rab3D,0.000055,58
5653,miR-29c,miR-29c,0.000055,83
5654,TROP2,TROP2,0.000055,23
5655,VAMP2,VAMP2,0.000055,66
5656,HOXD10,HOXD10,0.000055,53
5657,Smad2,Smad2,0.000055,106
5658,TRPV1,TRPV1,0.000055,142
5659,CNTNAP2,CNTNAP2,0.000054,70
5660,Ajuba,Ajuba,0.000054,49
5661,FOXJ2,FOXJ2,0.000054,48
5662,ATP8B1,ATP8B1,0.000054,70
5663,CX3CL1,CX3CL1,0.000054,87
5664,SH3GL1,SH3GL1,0.000054,46
5665,NOB1,NOB1,0.000054,56
5666,MARK4,MARK4,0.000054,51
5667,MRP1,MRP1,0.000054,151
5668,miR-29b,miR-29b,0.000054,93
5669,Arf6,Arf6,0.000054,99
5670,DUSP6,DUSP6,0.000054,75
5671,RASSF10,RASSF10,0.000054,36
5672,APLP2,APLP2,0.000054,56
5673,LAMA5,LAMA5,0.000054,44
5674,IMPDH1,IMPDH1,0.000054,66
5675,SPRY4,SPRY4,0.000054,49
5676,AEBP1,AEBP1,0.000054,52
5677,miR-744,miR-744,0.000054,48
5678,KIF3A,KIF3A,0.000054,58
5679,DVL3,DVL3,0.000054,53
5680,PDCD4,PDCD4,0.000054,90
5681,NBAT1,NBAT1,0.000054,35
5682,miR-630,miR-630,0.000054,50
5683,Nanog,Nanog,0.000054,133
5684,LECT2,LECT2,0.000054,57
5685,HSPB8,HSPB8,0.000054,68
5686,CHD1L,CHD1L,0.000054,63
5687,GPIHBP1,GPIHBP1,0.000054,59
5688,Piezo2,Piezo2,0.000054,51
5689,Sox5,Sox5,0.000054,45
5690,Nedd4,Nedd4,0.000054,82
5691,OTUB1,OTUB1,0.000054,60
5692,PAK5,PAK5,0.000054,53
5693,LAMC1,LAMC1,0.000053,50
5694,TUSC7,TUSC7,0.000053,36
5695,AKT3,AKT3,0.000053,75
5696,miR-616,miR-616,0.000053,34
5697,ATG5,ATG5,0.000053,79
5698,Smad7,Smad7,0.000053,103
5699,miR-127-3p,miR-127-3p,0.000053,39
5700,RARbeta,RARbeta,0.000053,92
5701,SMC1A,SMC1A,0.000053,62
5702,GLIPR1,GLIPR1,0.000053,52
5703,ORC4,ORC4,0.000053,28
5704,AGPAT2,AGPAT2,0.000053,56
5705,mSin1,mSin1,0.000053,55
5706,miR-18a,miR-18a,0.000053,63
5707,GDAP1,GDAP1,0.000053,52
5708,LPLUNC1,LPLUNC1,0.000053,34
5709,Twist2,Twist2,0.000053,57
5710,KLF9,KLF9,0.000053,78
5711,GATA3,GATA3,0.000053,118
5712,RECQL5,RECQL5,0.000053,47
5713,Lrig1,Lrig1,0.000053,41
5714,AdoMetDC,AdoMetDC,0.000053,62
5715,Robo4,Robo4,0.000053,50
5716,GSTP1,GSTP1,0.000053,129
5717,FOXC2,FOXC2,0.000053,67
5718,DPCR1,DPCR1,0.000053,9
5719,LPCAT3,LPCAT3,0.000053,59
5720,BMAL1,BMAL1,0.000053,86
5721,E2F8,E2F8,0.000052,50
5722,CAMK2A,CAMK2A,0.000052,22
5723,miR-200c,miR-200c,0.000052,117
5724,KIR2DS2,KIR2DS2,0.000052,52
5725,BRCA2,BRCA2,0.000052,100
5726,miR-200a,miR-200a,0.000052,76
5727,miR-509-5p,miR-509-5p,0.000052,47
5728,FOXO1,FOXO1,0.000052,133
5729,EYA4,EYA4,0.000052,58
5730,ROCK1,ROCK1,0.000052,116
5731,TRAP1,TRAP1,0.000052,64
5732,EAAC1,EAAC1,0.000052,93
5733,KCNC3,KCNC3,0.000052,24
5734,WISP1,WISP1,0.000052,63
5735,miR-181d,miR-181d,0.000052,50
5736,CysLT1R,CysLT1R,0.000052,51
5737,PLCB4,PLCB4,0.000052,48
5738,RASSF1A,RASSF1A,0.000052,121
5739,miR-130b,miR-130b,0.000052,61
5740,SETDB1,SETDB1,0.000052,57
5741,miR-92b,miR-92b,0.000052,50
5742,NUAK2,NUAK2,0.000052,52
5743,EphB1,EphB1,0.000052,62
5744,EIF3D,EIF3D,0.000052,19
5745,ROCK2,ROCK2,0.000052,84
5746,GJB6,GJB6,0.000051,60
5747,URG4,URG4,0.000051,48
5748,KLK6,KLK6,0.000051,59
5749,ZFAS1,ZFAS1,0.000051,55
5750,FOXL1,FOXL1,0.000051,55
5751,KDM5A,KDM5A,0.000051,55
5752,FTH1P3,FTH1P3,0.000051,23
5753,GAS5,GAS5,0.000051,86
5754,SCN5A,SCN5A,0.000051,97
5755,PATZ1,PATZ1,0.000051,53
5756,FLT3,FLT3,0.000051,106
5757,FoxO1,FoxO1,0.000051,103
5758,HOXB9,HOXB9,0.000051,58
5759,KAP1,KAP1,0.000051,80
5760,GCAP1,GCAP1,0.000051,68
5761,CASC2,CASC2,0.000051,56
5762,miR-100,miR-100,0.000051,71
5763,hGDH2,hGDH2,0.000051,48
5764,EphA7,EphA7,0.000051,61
5765,TUG1,TUG1,0.000051,70
5766,SALL4,SALL4,0.000051,80
5767,MCRS1,MCRS1,0.000051,52
5768,PNPLA1,PNPLA1,0.000051,30
5769,DUSP5,DUSP5,0.000051,60
5770,SEMA3B,SEMA3B,0.000051,55
5771,HDAC5,HDAC5,0.000051,72
5772,ING1,ING1,0.000051,22
5773,SSTR5,SSTR5,0.000051,74
5774,ABCC9,ABCC9,0.000051,60
5775,CPT1C,CPT1C,0.000051,59
5776,Rab6,Rab6,0.000051,55
5777,Raldh3,Raldh3,0.000051,49
5778,GLUT1,GLUT1,0.000051,176
5779,ACAT1,ACAT1,0.000050,84
5780,ETV6,ETV6,0.000050,69
5781,miR-106b,miR-106b,0.000050,59
5782,NKX2-5,NKX2-5,0.000050,72
5783,Nectin-4,Nectin-4,0.000050,48
5784,ABCE1,ABCE1,0.000050,63
5785,CANT1,CANT1,0.000050,31
5786,TLN1,TLN1,0.000050,48
5787,Pex14p,Pex14p,0.000050,60
5788,miR-199a-3p,miR-199a-3p,0.000050,67
5789,GSTT1,GSTT1,0.000050,83
5790,GSTM1,GSTM1,0.000050,91
5791,HEATR1,HEATR1,0.000050,13
5792,ANGPTL2,ANGPTL2,0.000050,59
5793,miR-517a,miR-517a,0.000050,23
5794,ETV5,ETV5,0.000050,50
5795,CMPD1,CMPD1,0.000050,22
5796,HOXB7,HOXB7,0.000050,62
5797,CCNE1,CCNE1,0.000050,81
5798,PTPRZ1,PTPRZ1,0.000050,59
5799,SEPT4,SEPT4,0.000050,50
5800,SPON1,SPON1,0.000050,47
5801,PDCD6,PDCD6,0.000050,50
5802,TSPYL5,TSPYL5,0.000050,48
5803,miR-487b,miR-487b,0.000050,44
5804,FCGR3B,FCGR3B,0.000049,54
5805,Kindlin-2,Kindlin-2,0.000049,60
5806,ZIP4,ZIP4,0.000049,58
5807,ABCD1,ABCD1,0.000049,22
5808,lncTCF7,lncTCF7,0.000049,34
5809,CUGBP1,CUGBP1,0.000049,59
5810,miR-10b,miR-10b,0.000049,84
5811,Foxn1,Foxn1,0.000049,46
5812,ASCL1,ASCL1,0.000049,70
5813,ZHX1,ZHX1,0.000049,43
5814,HOXB3,HOXB3,0.000049,51
5815,miR-30e,miR-30e,0.000049,58
5816,BLACAT1,BLACAT1,0.000049,31
5817,GALNT2,GALNT2,0.000049,51
5818,SMARCA5,SMARCA5,0.000049,56
5819,Slit2,Slit2,0.000049,65
5820,LRIG1,LRIG1,0.000049,77
5821,KCNE3,KCNE3,0.000049,54
5822,ENO1,ENO1,0.000049,85
5823,EFEMP1,EFEMP1,0.000049,80
5824,LAMP2,LAMP2,0.000049,67
5825,EFEMP2,EFEMP2,0.000049,53
5826,ephrinB2,ephrinB2,0.000048,67
5827,COX5B,COX5B,0.000048,30
5828,COL4A3,COL4A3,0.000048,60
5829,ANGPTL3,ANGPTL3,0.000048,80
5830,HDAC4,HDAC4,0.000048,89
5831,SHIP2,SHIP2,0.000048,73
5832,ALX3,ALX3,0.000048,27
5833,GOLPH3,GOLPH3,0.000048,85
5834,ARID2,ARID2,0.000048,50
5835,Rab34,Rab34,0.000048,23
5836,TUSC2,TUSC2,0.000048,58
5837,JMJD3,JMJD3,0.000048,83
5838,SHOC2,SHOC2,0.000048,50
5839,P4HA1,P4HA1,0.000048,47
5840,KIF4A,KIF4A,0.000048,55
5841,cadherin-11,cadherin-11,0.000047,49
5842,DOK1,DOK1,0.000047,57
5843,NTN4,NTN4,0.000047,52
5844,FXYD3,FXYD3,0.000047,42
5845,SAMP1,SAMP1,0.000047,36
5846,ING4,ING4,0.000047,63
5847,BCAT1,BCAT1,0.000047,64
5848,CHRNA1,CHRNA1,0.000047,45
5849,HEY1,HEY1,0.000047,58
5850,NFATc4,NFATc4,0.000047,58
5851,plexin-B3,plexin-B3,0.000047,23
5852,NAV3,NAV3,0.000046,31
5853,SAMHD1,SAMHD1,0.000046,68
5854,ephrin-A5,ephrin-A5,0.000046,71
5855,ALX4,ALX4,0.000046,51
5856,KCNN4,KCNN4,0.000046,69
5857,HMBOX1,HMBOX1,0.000046,45
5858,caveolin-3,caveolin-3,0.000046,69
5859,SMARCB1,SMARCB1,0.000046,84
5860,BRCA1,BRCA1,0.000046,235
5861,XRCC1,XRCC1,0.000046,116
5862,DIXDC1,DIXDC1,0.000045,53
5863,KPNB1,KPNB1,0.000045,51
5864,ECRG4,ECRG4,0.000045,47
5865,GABRA1,GABRA1,0.000045,56
5866,NF45,NF45,0.000045,54
5867,GBP1,GBP1,0.000045,65
5868,HAPLN1,HAPLN1,0.000045,54
5869,ZIC4,ZIC4,0.000045,40
5870,FEZF1,FEZF1,0.000045,16
5871,NSUN2,NSUN2,0.000044,47
5872,PinX1,PinX1,0.000044,56
5873,TULP1,TULP1,0.000044,54
5874,VSIG4,VSIG4,0.000044,50
5875,AMIGO2,AMIGO2,0.000043,20
5876,eIF3b,eIF3b,0.000043,49
5877,HBP1,HBP1,0.000043,51
5878,NLGN3,NLGN3,0.000043,32
5879,Mertk,Mertk,0.000043,64
5880,ZEB1,ZEB1,0.000043,164
5881,LAMP3,LAMP3,0.000043,16
5882,GLTSCR1,GLTSCR1,0.000042,12
5883,kindlin-3,kindlin-3,0.000041,51
